filename,combination,dry,normal,oily
dry_new_4d600361fc6b4043ee37_jpg.rf.8f971b2793ad3a77841bb62050fc3a7a.jpg,0,1,0,0
normal_2bfdf2ba6623e6b84b3f_jpg.rf.9dcab73d4cbe3ac01080bd6141989340.jpg,0,0,1,0
dry_new_56b817b616e9e0e179f9_jpg.rf.9818dac4c3cb17e3f033746ab7713fa2.jpg,0,1,0,0
normal_2672a278d6024a493f58_jpg.rf.d8ad0e4edd61516d05557218855d2c02.jpg,0,0,1,0
normal_28020fc04b58d40fc25d_jpg.rf.49d715b7bcef6796f1e3655268bdc9bf.jpg,0,0,1,0
dry_new_56b817b616e9e0e179f9_jpg.rf.5ea77e9e17cb3c85cfff53bd0838cc40.jpg,0,1,0,0
normal_23d1534195cf6539f851_jpg.rf.559c4b91c86e7c166900d9e88679fee4.jpg,0,0,1,0
normal_2a654e6820c321c2cd61_jpg.rf.3b0937d90899eee837470ead953906aa.jpg,0,0,1,0
dry_new_1cc095c17f548c684fd5_jpg.rf.5eb22668795ec118509088013558f6ff.jpg,0,1,0,0
oily_new_8583892784bd31e334a9_jpg.rf.3ccbaf90fa899b57544077468b4d9085.jpg,0,0,0,1
normal_249e458701fb4c3936bc_jpg.rf.5a90fa3fe24eb49ecd34be4891eedfdd.jpg,0,0,1,0
dry_new_0928117f81f9ad7f1729_jpg.rf.57f134d722e0fd5372bf7d2b5d778b33.jpg,0,1,0,0
combination_-_350827045f0a47b4bc91_jpg.rf.1c3a63cc0f8dd80ee2796416c30af3c0.jpg,1,0,0,0
dry_new_1e1b5d89c9b952141f90_jpg.rf.ab8b8496b6ca636360f7c696551ed026.jpg,0,1,0,0
normal_23d1534195cf6539f851_jpg.rf.12f64f29c3c742730287b6bd1e90e24f.jpg,0,0,1,0
normal_24e4275a25e74af172e4_jpg.rf.3d544857359489609f85801f543a8d93.jpg,0,0,1,0
dry_new_574e3e6dac8576d1d32c_jpg.rf.5786ebb8b9393df841cdcee6a5d700f8.jpg,0,1,0,0
normal_2a654e6820c321c2cd61_jpg.rf.50701e99ad0d2c5b0831d4baa1f508e3.jpg,0,0,1,0
dry_new_092a1801a7a5870e5da4_jpg.rf.71264a1bc56ddd73a776c687d6b8e7d0.jpg,0,1,0,0
normal_365bd9d74f42a34aa3a9_jpg.rf.97c27867ba965340fd32312f07083b4e.jpg,0,0,1,0
dry_new_084bfd1d656478c74f80_jpg.rf.110a81e793b954e1f61dc9aee3c936dc.jpg,0,1,0,0
dry_new_0ab694d416229a8629a5_jpg.rf.89fec98973301948f7ad117ab1db20d5.jpg,0,1,0,0
oily_new_a0c506d4a0a7a062fee5_jpg.rf.48b0bfa17949376e41c734a06744ecb6.jpg,0,0,0,1
dry_new_529b3f854c89f5151489_jpg.rf.d1fc2a050f5986005fe207f618999753.jpg,0,1,0,0
normal_300b68ce0aa2c9cf3fcc_jpg.rf.bcc77a2e7f9fd08cdf8ff67353907d6d.jpg,0,0,1,0
oily_new_a23ac9301be425829179_jpg.rf.0ef84e99553b677cba373269d515beb0.jpg,0,0,0,1
oily_new_a1b074d0b9fce9cd6059_jpg.rf.4d1e8db7aeda3876bb91b5fd462cf3cb.jpg,0,0,0,1
dry_new_529b3f854c89f5151489_jpg.rf.27d66dfe7683e80c670ef63dfe5bd6ba.jpg,0,1,0,0
combination_-_63d269052e3644f27476_jpg.rf.cbc550f9ce7e690aee97acd7d8a7affe.jpg,1,0,0,0
combination_-_334758dd9424c8a99caf_jpg.rf.9d5615b7c8b7b1948a7b330c6dc2f73a.jpg,1,0,0,0
normal_0d2f873460fb55f43725_jpg.rf.8bc2ebcd736cb260d0123320606cd94c.jpg,0,0,1,0
dry_new_0928117f81f9ad7f1729_jpg.rf.c58211193875d3c53d6877647c539af9.jpg,0,1,0,0
normal_2c92ed4def81458a2a01_jpg.rf.68be206197edba9acbc807067f12c68b.jpg,0,0,1,0
combination_-_92eeb5683dc19a23e4f2_jpg.rf.ce9b960ba83fed640423dcbe2697f834.jpg,1,0,0,0
normal_365bd9d74f42a34aa3a9_jpg.rf.18917d3245f91dd961cbcb19dee867ca.jpg,0,0,1,0
combination_-_f0ff989a4be6389bd61b_jpg.rf.1351fd416ee90d4c7b920cdaeba3eb03.jpg,1,0,0,0
normal_0b71ab4726e465b07b5f_jpg.rf.7eeb80e412c1c2adbf69176e23541744.jpg,0,0,1,0
combination_-_ee218d670d672b22efc5_jpg.rf.c9ef4ef5a9f7f5daf22a1d3106009cc4.jpg,1,0,0,0
combination_-_ee218d670d672b22efc5_jpg.rf.e2bf82815464315d9435805702214b26.jpg,1,0,0,0
normal_139ee79583410327f0d9_jpg.rf.b98c5f028437d335ad185d388550e62f.jpg,0,0,1,0
normal_26f90eea16c33625ce21_jpg.rf.a2e7ec4b44ecb42e88a3943c9ed19d4c.jpg,0,0,1,0
normal_2c92ed4def81458a2a01_jpg.rf.872e6d81a644715e1d7df06eca3c4f15.jpg,0,0,1,0
oily_new_8756b580e9cb7d181e84_jpg.rf.77cad2eedbdcd3121f9ef4ce118711ab.jpg,0,0,0,1
dry_new_0b973f46a06123d014f1_jpg.rf.7e890c9d3ad3a1fea779397fa9082e23.jpg,0,1,0,0
normal_36a4bfd6cec42fa48752_jpg.rf.4d2936d06b48ff6c7e0ab89dd303297f.jpg,0,0,1,0
normal_2c92ed4def81458a2a01_jpg.rf.ee11c37b48e44e6c6a3d1b9a9bd7653f.jpg,0,0,1,0
combination_-_f0ff989a4be6389bd61b_jpg.rf.1acf114f7f0029336ec6e8fb81932d7e.jpg,1,0,0,0
dry_new_1b59e700032bde4a94f5_jpg.rf.fc62bb2c5668a61ca1a31af75ce32f3f.jpg,0,1,0,0
combination_-_6d9cac9a7300fcbfdf9f_jpg.rf.3875c69d3e5ca47e4a60d59f6e0dabc8.jpg,1,0,0,0
normal_25ddbf87b35ca454a2d3_jpg.rf.91d35dac7f615fc8487e82e6347788b8.jpg,0,0,1,0
combination_-_ecd292ff8ee2c17e399d_jpg.rf.8dcabf9a7be66b1177de68afd066e7f2.jpg,1,0,0,0
combination_-_350827045f0a47b4bc91_jpg.rf.d2ab6417324616745c6c09a1cbbebef2.jpg,1,0,0,0
oily_new_a04f2c5dcd09745ba83c_jpg.rf.a52baa1082a4be965fc7c1f5b2910b83.jpg,0,0,0,1
normal_0a973116bdfa8386999e_jpg.rf.5fe255f0e6c32f0235c6b9cad5df3286.jpg,0,0,1,0
combination_-_660749fe78332de0a2c2_jpg.rf.cedce3c2e4ca17374b3b1b9e9bc17ed0.jpg,1,0,0,0
normal_0cef7614353c4e47ef91_jpg.rf.c9779a05af23c00d65fbb5499e3724fc.jpg,0,0,1,0
dry_new_0cbfb93e4170f1c6e060_jpg.rf.f09af597bb1acd8162b8bcd9780891f3.jpg,0,1,0,0
oily_new_a4699fbb9f1e7f204dcb_jpg.rf.531f7b0ddebb11dcee1a2eba32614ecf.jpg,0,0,0,1
oily_new_87b89702d859c56c7c59_jpg.rf.f10f48f662c423c8de93091022b09952.jpg,0,0,0,1
normal_25ddbf87b35ca454a2d3_jpg.rf.86e83cf4a14590f4430e3e4e40433362.jpg,0,0,1,0
combination_-_334758dd9424c8a99caf_jpg.rf.7b7eeebf7dbb95a66ab5a9a9663d1397.jpg,1,0,0,0
normal_300b68ce0aa2c9cf3fcc_jpg.rf.05f34ecff69e43ca07ab09dede6457ed.jpg,0,0,1,0
combination_-_6d5cefa256303910efa7_jpg.rf.10b58a92b38b4c07f3792c0ec9c7636a.jpg,1,0,0,0
combination_-_343d52697bdc16748b05_jpg.rf.b2147a3149d24af5ff66f65fa75086e8.jpg,1,0,0,0
combination_-_f6cdeb96f10549ee39a9_jpg.rf.bd56592ed05d5fb1eb0fbf67099a5b4a.jpg,1,0,0,0
normal_300b68ce0aa2c9cf3fcc_jpg.rf.6e6b449540417bfab4bdf8f3df760e8e.jpg,0,0,1,0
normal_243abbbe37afd3a61547_jpg.rf.ea6307e7cf8a698b986161fffe5ad890.jpg,0,0,1,0
normal_0b3f34580ac0aebba531_jpg.rf.c1a778990396a58740756b19ce979bf8.jpg,0,0,1,0
normal_112d297d5dea002070f1_jpg.rf.3759c06667a8520f4f107d8be50a48d3.jpg,0,0,1,0
combination_-_5e9b1c6b02764f2c2259_jpg.rf.235258631c6d4a371e8044bf0d238694.jpg,1,0,0,0
normal_0b3f34580ac0aebba531_jpg.rf.9d81ba856f733a4a2600684a60e54d48.jpg,0,0,1,0
combination_-_6fb4b1b8c55a9e29a94c_jpg.rf.5e7f4d98eb55f3c086a7b764bb5235da.jpg,1,0,0,0
normal_0b71ab4726e465b07b5f_jpg.rf.36d4e842359e8bf0e39ef67d074f6108.jpg,0,0,1,0
normal_15e68707a0bf32c5cff9_jpg.rf.2bcf7ade78b7f484db258d45471298b3.jpg,0,0,1,0
normal_0d2f873460fb55f43725_jpg.rf.f43f1496f8c68bdbbda68af255bd5dcc.jpg,0,0,1,0
normal_25f7a564568365ad842b_jpg.rf.e8bf57a7a1a515d929b520c03b376ad1.jpg,0,0,1,0
normal_155c38bb99d47fcf51a3_jpg.rf.88d32eb53d2bd3e21397e8f99c2b8885.jpg,0,0,1,0
normal_155c38bb99d47fcf51a3_jpg.rf.adc5b68456c27d60dcbd395f78cdf07c.jpg,0,0,1,0
combination_-_2add9aa1dea3a3ee6386_jpg.rf.bfda527664af4775910d1cc91e423a6a.jpg,1,0,0,0
dry_new_4eaec6aa6dfd1ccf56fb_jpg.rf.f91d4b04d8a366f1ca4af3c80e5a4229.jpg,0,1,0,0
normal_249e458701fb4c3936bc_jpg.rf.4f618938eb7f6db35791a6ddf92b73cf.jpg,0,0,1,0
normal_0cef7614353c4e47ef91_jpg.rf.2d4994e214cc5da0d49f62d81bc41ee1.jpg,0,0,1,0
combination_-_43223279c65d273c75df_jpg.rf.75a59f29e9050d8e4798648dbe6148ab.jpg,1,0,0,0
combination_-_6d5cefa256303910efa7_jpg.rf.362584a4b358b5a014866d0a3a984e6b.jpg,1,0,0,0
combination_-_ffc77bcc67778f1798be_jpg.rf.0ace7ddcbc40371f028893e31f5d67f9.jpg,1,0,0,0
normal_0b71ab4726e465b07b5f_jpg.rf.f32bd94cded3e5b596ac66ea0efdeafa.jpg,0,0,1,0
normal_139ee79583410327f0d9_jpg.rf.02e43086bfd6aeb3340a49b01ed16e52.jpg,0,0,1,0
combination_-_416d04295c55bb77092c_jpg.rf.c4c7ac127d50692ab520952afefabd80.jpg,1,0,0,0
normal_36a4bfd6cec42fa48752_jpg.rf.8db81d2b5ed6645e525d18e130ba828b.jpg,0,0,1,0
normal_0b71ab4726e465b07b5f_jpg.rf.3271a99f9ef77b4e627c98992e8a1080.jpg,0,0,1,0
combination_-_f0ff989a4be6389bd61b_jpg.rf.14ae960671c6d384370c4baf22383dc8.jpg,1,0,0,0
combination_-_3f501475241600ae7314_jpg.rf.dfe08583d5eab3a79b335c86e4c85223.jpg,1,0,0,0
dry_new_00915e1bf3fc8b59a816_jpg.rf.9ebae2d653c26498c96a1a1dfa02df9c.jpg,0,1,0,0
combination_-_43223279c65d273c75df_jpg.rf.6cd77cc9245067b37e4f7fcf6f270367.jpg,1,0,0,0
normal_2e307d6b20b67c08c7e9_jpg.rf.86fae20f70a7ed593380ac0394f6f14a.jpg,0,0,1,0
oily_new_aabe112bb45569db6420_jpg.rf.d0fdb8b18d3c3403d1a3d3d1d5733355.jpg,0,0,0,1
oily_18960f1a8c44ffa4eaf7_jpg.rf.57fa7cedb67338ed08b02a9ada60e867.jpg,0,0,0,1
combination_-_65ab6e135242c408e342_jpg.rf.39ab774d5a8dff9a965546c1768c3056.jpg,1,0,0,0
oily_new_89cf04c8803b99824cb6_jpg.rf.dacd699b6c0e36911901dc5107f69e76.jpg,0,0,0,1
normal_0dab17ca4c73276232ee_jpg.rf.302c9cf7e0b1ecbac05f38403d592cfc.jpg,0,0,1,0
oily_new_8a21d1ac11081b56a191_jpg.rf.df5db0efae1592e460c38a229d001edc.jpg,0,0,0,1
normal_15e68707a0bf32c5cff9_jpg.rf.e89fe23ec1b4702383d8ced1a4dfab6e.jpg,0,0,1,0
combination_-_6189e4c0038f09c5d27a_jpg.rf.bbbe7ab55038a1eccccc24e425280810.jpg,1,0,0,0
normal_31749351fd7ddf1f1971_jpg.rf.a177d90fd5078ec9c25231ab4a520729.jpg,0,0,1,0
combination_-_43223279c65d273c75df_jpg.rf.a5df139e0c8758b8c4febbe564e9c79c.jpg,1,0,0,0
normal_25f7a564568365ad842b_jpg.rf.512053ad92a73d174d505c4656f76942.jpg,0,0,1,0
normal_0b3f34580ac0aebba531_jpg.rf.2ecc181a579667977ab299820bc4d5fd.jpg,0,0,1,0
combination_-_6f7dcab28a16a7ffcf41_jpg.rf.d8fc2e1b50a12c30f73a87b6ac8fbb46.jpg,1,0,0,0
normal_2e307d6b20b67c08c7e9_jpg.rf.203959f98086ca085384360e065c3129.jpg,0,0,1,0
oily_new_abd26122ace70ccb29f2_jpg.rf.9509585ab579c2ab039e86517f44e254.jpg,0,0,0,1
combination_-_809c96e83131878cca08_jpg.rf.c5c1ebdfaf656ad192474bcf2c3c1511.jpg,1,0,0,0
normal_112d297d5dea002070f1_jpg.rf.d6296af7a5932e2ea72778a0b1246658.jpg,0,0,1,0
normal_155c38bb99d47fcf51a3_jpg.rf.4cb266833345d6595cc4c3469068f2b5.jpg,0,0,1,0
normal_346714d7aa7a260d45d6_jpg.rf.2e53e39aeb2a79b7175bab3277774930.jpg,0,0,1,0
normal_16a54b0cdc792efddda0_jpg.rf.885599f81ad23171baa09478beb6d3b3.jpg,0,0,1,0
normal_31749351fd7ddf1f1971_jpg.rf.a51c06279e228aba06858ed61aac2df7.jpg,0,0,1,0
normal_1575da23076aa4afc6a7_jpg.rf.dc4d80455e5f187c26a9b27d056d48cf.jpg,0,0,1,0
normal_0b3f34580ac0aebba531_jpg.rf.4f84ed34d344cf94843f30d99e222bf7.jpg,0,0,1,0
dry_new_00915e1bf3fc8b59a816_jpg.rf.066d6dd530a514f44f9060b79077fd46.jpg,0,1,0,0
oily_new_8a21d1ac11081b56a191_jpg.rf.b258ab4e13f78fa1ec1fe243ebc38b05.jpg,0,0,0,1
normal_068bafa06f1f14ea4bde_jpg.rf.1c61b0ea7a13f7a06fe605e0f5bc8285.jpg,0,0,1,0
dry_new_00d2545dfbc1632f32c0_jpg.rf.068bb280a235ca4d461892bd010adec7.jpg,0,1,0,0
normal_1575da23076aa4afc6a7_jpg.rf.12793c3634204e7e8fc53ffd128ca53e.jpg,0,0,1,0
oily_new_8756b580e9cb7d181e84_jpg.rf.838a37512d76972769e256ac7863f294.jpg,0,0,0,1
oily_18960f1a8c44ffa4eaf7_jpg.rf.a62f7ff3addea607ad5f25182c658462.jpg,0,0,0,1
normal_300b68ce0aa2c9cf3fcc_jpg.rf.39bc92bf0d5b2e18a399a4b50b106259.jpg,0,0,1,0
combination_-_416d04295c55bb77092c_jpg.rf.76fb2b804104833bb1afce786082d47a.jpg,1,0,0,0
combination_-_6d9cac9a7300fcbfdf9f_jpg.rf.c65bb2f8fb2ae1c9266ff6a2f1c43e5f.jpg,1,0,0,0
dry_new_4ca1d0a073ea7d8e0f7f_jpg.rf.8e38e928c882fe031bffafe402a274f6.jpg,0,1,0,0
oily_new_8dadadcc4370c35319c3_jpg.rf.650dfe8161171614c22fd10d71666f8f.jpg,0,0,0,1
normal_249e458701fb4c3936bc_jpg.rf.5ae4c1e15066f1473ee250117ef432d5.jpg,0,0,1,0
oily_19783dc3e44993c30fb0_jpg.rf.a03c71ecc9094a649dbd26faf94c49bd.jpg,0,0,0,1
normal_270c32b0ec726d2e1430_jpg.rf.d7f1bb871e3404adf6ac4cd8d845faa7.jpg,0,0,1,0
normal_071273f2d45a05e0da0e_jpg.rf.42493556c38f4a0e52d45ca85a5d4870.jpg,0,0,1,0
normal_068bafa06f1f14ea4bde_jpg.rf.7b3c00bbb170579edb934cf464410385.jpg,0,0,1,0
dry_new_0276bbd8ac7e6ab47520_jpg.rf.84f151212570c86a060badf38e5e0bb2.jpg,0,1,0,0
normal_059cf2165bd4da06cc0f_jpg.rf.f4494ecfcfcbd944e58aa56b3f8c5f25.jpg,0,0,1,0
oily_new_b7bc42bd052b30569d0a_jpg.rf.72e976e21de77caaa46b0d6a72e6c1db.jpg,0,0,0,1
normal_068bafa06f1f14ea4bde_jpg.rf.9bf8ff9353fc7614aa01c4d8ddfddfcb.jpg,0,0,1,0
normal_18163c7cef788a9e3082_jpg.rf.3169cef592072f65b45cffa773b9423c.jpg,0,0,1,0
normal_2fdf6435fc43ef6bcaca_jpg.rf.de7118521d3648902b1c09bd233b47b0.jpg,0,0,1,0
oily_new_8a21d1ac11081b56a191_jpg.rf.686056c3a0892909c707d71b68680cc2.jpg,0,0,0,1
oily_new_8d2ae6cc4c4b62b6ccc8_jpg.rf.ce415a4ba18814c2e7d1a490a92b4653.jpg,0,0,0,1
combination_-_8ef9d4931cf7e0af9b89_jpg.rf.e38d68c51247ea483757a89b8dc6bbd5.jpg,1,0,0,0
normal_218165bee3d021844720_jpg.rf.4170e6e2b43c4dcc9149ddec2a22273c.jpg,0,0,1,0
normal_0cef7614353c4e47ef91_jpg.rf.9791337deefa126e6f2f0ee9de030437.jpg,0,0,1,0
oily_affb11547a0009d30377_jpg.rf.40213df0abd2cf4457cd211091343b11.jpg,0,0,0,1
dry_1deb5336e3f6f15edba3_jpg.rf.d0e1036e7e64e700112cb87e1ab3e163.jpg,0,1,0,0
dry_new_4c7c2b266cc375503f28_jpg.rf.6e8793f6132e705251f3e537d0e1d881.jpg,0,1,0,0
oily_new_b9c6cb398e1993586ee1_jpg.rf.f8d0b20f255c13de12acd4bc1ffcaa8c.jpg,0,0,0,1
normal_2293ea611926f19dd40e_jpg.rf.48452f99258b7c1e4e9063877df3eadd.jpg,0,0,1,0
dry_new_04e2c115e598143f2092_jpg.rf.14e676a1f9d30e0e8e129cf3bdbe7211.jpg,0,1,0,0
normal_16a54b0cdc792efddda0_jpg.rf.7240961228dca170940107e4afdf3e26.jpg,0,0,1,0
combination_-_730fef21c821b876defe_jpg.rf.dae54cd1ff5812f5fa8527278f5a5c4b.jpg,1,0,0,0
combination_-_6f7dcab28a16a7ffcf41_jpg.rf.fd61470ed4c75d70c206f104e807c125.jpg,1,0,0,0
normal_2293ea611926f19dd40e_jpg.rf.52c917081eb1722d57e274b697194ee0.jpg,0,0,1,0
combination_-_3b8da74ffcff4f91461f_jpg.rf.4d9b746e18cd881d72607587fc6e6cf9.jpg,1,0,0,0
combination_-_81e4658943d6d8fb2564_jpg.rf.c13fba6efb496e1810a9b7145efe4c04.jpg,1,0,0,0
combination_-_805620f294824ba3f2c8_jpg.rf.ab1a8c0b011c367e79a3631033ee787c.jpg,1,0,0,0
normal_181d36931a1998e8fd0b_jpg.rf.cf9aeca144d45a05ffd399f3293342bf.jpg,0,0,1,0
normal_34d12e7668f49d05c74b_jpg.rf.486d38153c5348a3f2eee04f1b252fdd.jpg,0,0,1,0
combination_-_726150eed702b48d38b9_jpg.rf.011b4702d069be49889e3e2206e44a38.jpg,1,0,0,0
normal_325eb63b86afe146c314_jpg.rf.e9b3d3efd80dc47247a2017e03f02d46.jpg,0,0,1,0
dry_1dabdd66be036b73a031_jpg.rf.df7ae643b2b606004603254b1044bcfc.jpg,0,1,0,0
normal_346714d7aa7a260d45d6_jpg.rf.69d6c29b34b32845f15a23d4274c59dd.jpg,0,0,1,0
normal_1bdde913d38d09d13345_jpg.rf.4b8632d3a1ee58dc46a58e5f254fd9f9.jpg,0,0,1,0
normal_365bd9d74f42a34aa3a9_jpg.rf.a829d8f24d3627b44fd63ab05be36815.jpg,0,0,1,0
normal_0dab17ca4c73276232ee_jpg.rf.c9c3b90ab69a51e72dd69798e6d2d56e.jpg,0,0,1,0
oily_1914936ec86a6078e6e4_jpg.rf.bf101c73a3891b9ed48c46def98bca46.jpg,0,0,0,1
dry_22be415f8b1e593e9a5f_jpg.rf.13600fa9b74e3a7c29b89cd47842b967.jpg,0,1,0,0
combination_-_726150eed702b48d38b9_jpg.rf.df4eba0238ad3d9a7bcaa5ac45e7e322.jpg,1,0,0,0
oily_029b69a5e5d65cfae84b-Copy_jpg.rf.2434381427a91f920ea6670cc49c8ed3.jpg,0,0,0,1
normal_18163c7cef788a9e3082_jpg.rf.69af48f2c23481faeecc1397ec28658f.jpg,0,0,1,0
combination_-_81e4658943d6d8fb2564_jpg.rf.dbfdb25b2c6d76fa5f478fc1dd51951d.jpg,1,0,0,0
normal_34d12e7668f49d05c74b_jpg.rf.26c6e1fbf3ecb1f4681d16985f496ad9.jpg,0,0,1,0
oily_new_90c172fc4c0b41280e8b_jpg.rf.b8e92ea5991c6f113850cfe4add16156.jpg,0,0,0,1
normal_2fdf6435fc43ef6bcaca_jpg.rf.1c7bcba79610a1e682f5254bfb9f4953.jpg,0,0,1,0
normal_325eb63b86afe146c314_jpg.rf.2a61334d6fb1686c1896def311b43617.jpg,0,0,1,0
normal_2161c5548d51fbe98f12_jpg.rf.7586b0a8372de8b65cd1670eb4d801f5.jpg,0,0,1,0
combination_-_730fef21c821b876defe_jpg.rf.cdfe038575b6a101fdb05f49282188e9.jpg,1,0,0,0
dry_new_00d2545dfbc1632f32c0_jpg.rf.d5391f53850fefad93803a5920df7ec8.jpg,0,1,0,0
combination_-_8414bfa9e371e8b71ac8_jpg.rf.d5703c75e8ce511aef34a8769a6bac9a.jpg,1,0,0,0
normal_232b9b1d675811506cac_jpg.rf.f93d4fd7c63e839669c3ed5f681b1880.jpg,0,0,1,0
oily_new_8d2ae6cc4c4b62b6ccc8_jpg.rf.9dd1db54edc639bc459a1c4319d21363.jpg,0,0,0,1
dry_new_00f09bef4ec632b0ac93_jpg.rf.f40c9b0a8b7b216fcd07fa1919dc8714.jpg,0,1,0,0
oily_new_89cf04c8803b99824cb6_jpg.rf.9c79838b5d4d9c94f1702a2711a52247.jpg,0,0,0,1
normal_0888964738abf72c4e5f_jpg.rf.333d57b2e0b066fd4afbcbcc2f089d4d.jpg,0,0,1,0
dry_new_00eb4fda21c623d7caed_jpg.rf.d8a8be5c728a2bb57dc1eb1ebb6e10d9.jpg,0,1,0,0
dry_new_00f09bef4ec632b0ac93_jpg.rf.6b0890da5e552e23a0f2e7fc9eb2f50e.jpg,0,1,0,0
dry_new_4fb0089ace77d945aa66_jpg.rf.af2f893b749d8b3a7811ddcde431206c.jpg,0,1,0,0
normal_071273f2d45a05e0da0e_jpg.rf.72fe0ef92de5eb3b4e5d228fd4d41c57.jpg,0,0,1,0
combination_-_739d89ec1c90fd9e3933_jpg.rf.dfcf7755cb8fd2f6116c769f1d6c20b3.jpg,1,0,0,0
normal_2f3ae7c73b67b9b1e1f1_jpg.rf.04837f52cb711e86d3430e236080b979.jpg,0,0,1,0
combination_-_85bd44efcbb8f3eb23e4_jpg.rf.5c667f890985f1f08805d567c6cfdc1e.jpg,1,0,0,0
oily_new_a4699fbb9f1e7f204dcb_jpg.rf.31eabf10b8eaaa5d52e7120531992e14.jpg,0,0,0,1
combination_-_8414bfa9e371e8b71ac8_jpg.rf.8e25a29f086cc7f2606ae628d829c5fd.jpg,1,0,0,0
oily_afd41f38d615587f5566_jpg.rf.0fbe24bd6013bd29e0423220b7093bf3.jpg,0,0,0,1
combination_-_739d89ec1c90fd9e3933_jpg.rf.5fb27925d42650f8af698e273873c2c7.jpg,1,0,0,0
normal_181d36931a1998e8fd0b_jpg.rf.9b25febffa1af8b189f7bca65b1b35a6.jpg,0,0,1,0
normal_0888964738abf72c4e5f_jpg.rf.fae8c74d9605b21be380ffb4fe63e25d.jpg,0,0,1,0
normal_334f4043a8022c3c91e1_jpg.rf.c5a5db2e5de6a8949d36eaeee975a19a.jpg,0,0,1,0
oily_157e4dea7576d3502424-Copy_jpg.rf.6d2192e42d32281b02f0f90c5a4f41aa.jpg,0,0,0,1
dry_new_00eb4fda21c623d7caed_jpg.rf.bcfb11f993358695416aed30bc5e8b1c.jpg,0,1,0,0
oily_new_bd8c807e601cf8d23420_jpg.rf.498d73e668f329be10665838dd9359d1.jpg,0,0,0,1
dry_new_1e1b5d89c9b952141f90_jpg.rf.793d0ae64ed6258bb90c888dc671de42.jpg,0,1,0,0
oily_02acff5368afeeae6ee7-Copy_jpg.rf.da8a4e02ac1897f1d73e2a740b750252.jpg,0,0,0,1
normal_0d2f873460fb55f43725_jpg.rf.aecb27c1f730656bf90d5aaf369f6282.jpg,0,0,1,0
normal_325eb63b86afe146c314_jpg.rf.34ea5b449aa118412338d37c66a2a824.jpg,0,0,1,0
normal_1bdde913d38d09d13345_jpg.rf.fac90677327111d6ef5f2efc4cdc4b71.jpg,0,0,1,0
combination_-_8623f0b2fa4f00365535_jpg.rf.c771eae0060660a4a2563c20e1bb1930.jpg,1,0,0,0
normal_071273f2d45a05e0da0e_jpg.rf.9275b2bb233fea8cac64f1a86c743acc.jpg,0,0,1,0
normal_25f7a564568365ad842b_jpg.rf.60dd9c818b223240bbc29f4899427e63.jpg,0,0,1,0
oily_new_ba4897b430da14daf959_jpg.rf.844abeed871bfd9c038bbb12a58568c1.jpg,0,0,0,1
oily_b77c14a94a780268ce7c_jpg.rf.d2817386500f624f5cd42e01151f3f12.jpg,0,0,0,1
oily_new_a1101d859d4f1527e85c_jpg.rf.c52027d1b04be5ae6e824caa5232b5ed.jpg,0,0,0,1
oily_02acff5368afeeae6ee7-Copy_jpg.rf.a036fbf03c3956eadf803b045023ea47.jpg,0,0,0,1
normal_0888964738abf72c4e5f_jpg.rf.8e40e078f1a373a885a9191e5bb8619e.jpg,0,0,1,0
combination_-_739d89ec1c90fd9e3933_jpg.rf.e7d36c04617723f76082b89c93955d0f.jpg,1,0,0,0
normal_2f3ae7c73b67b9b1e1f1_jpg.rf.2847c68cf54df384ab81e1e99be3b829.jpg,0,0,1,0
normal_071273f2d45a05e0da0e_jpg.rf.603efc006d51930e4d82da16334256d2.jpg,0,0,1,0
oily_new_90ec769a6bd4108aff02_jpg.rf.0027c81384c07c2bc183ebaeb7a18c0a.jpg,0,0,0,1
normal_25ddbf87b35ca454a2d3_jpg.rf.db2de066e83999d2ebee6737a9a4ab1e.jpg,0,0,1,0
normal_334f4043a8022c3c91e1_jpg.rf.20be7c056f39b1ec00f4e89f8dc7dea8.jpg,0,0,1,0
dry_new_1d3174d4c90ac567703c_jpg.rf.80154cd016610a17eba131ea2d800062.jpg,0,1,0,0
oily_new_8df1c1e7201b11aff453_jpg.rf.8a22c94443baa3b1c02e4f86c124a469.jpg,0,0,0,1
normal_112d297d5dea002070f1_jpg.rf.5bdcc8ede2143cc57e1c7a00ff71c821.jpg,0,0,1,0
normal_071273f2d45a05e0da0e_jpg.rf.a818720ef3f0c69c081ab6fce83653a9.jpg,0,0,1,0
normal_218165bee3d021844720_jpg.rf.74ad8d7b595cdae4b90478900cdfd73e.jpg,0,0,1,0
normal_37a7fa4900efa017a891_jpg.rf.dd24bd781e479a855e5fe66effc7058c.jpg,0,0,1,0
dry_22a09a1a20f039ef8ef3_jpg.rf.2c5158fb4f70a24fac881dfefb5ab940.jpg,0,1,0,0
combination_-_f588419110f781ce86e1_jpg.rf.2bab4b92d71a9214ffd56e6ff0ce7de6.jpg,1,0,0,0
dry_new_00f09bef4ec632b0ac93_jpg.rf.f1b4132176055d6933ceb482db96601e.jpg,0,1,0,0
oily_19f6a71befdac4bcfcbb-Copy_jpg.rf.273f36efec5714dd0f2f4f8a79a6dd9b.jpg,0,0,0,1
normal_111ff2aa2b206a5de850_jpg.rf.a03eed437636825ff51bdd5a643e841d.jpg,0,0,1,0
normal_218165bee3d021844720_jpg.rf.578fce664ec97cee80d8531707202850.jpg,0,0,1,0
oily_19f6a71befdac4bcfcbb-Copy_jpg.rf.2fb3feeb27397f7e96dbeffb220b925d.jpg,0,0,0,1
oily_new_bbad96320b74c827a713_jpg.rf.3852c69ae9f631176f8be5032469883a.jpg,0,0,0,1
dry_2069f90c89015e5d3f67_jpg.rf.4c5eb2d344920d0d325d4ff5b5a256c5.jpg,0,1,0,0
combination_-_8623f0b2fa4f00365535_jpg.rf.24e587c9063c9101c3f90fb24bc7f951.jpg,1,0,0,0
oily_8281669de4f0169da29d_jpg.rf.ea8f5f0f622500d121216a2d67f73f2b.jpg,0,0,0,1
combination_-_7809bbb62052f0063ddf_jpg.rf.4ac8ccb28342d93f2c870a12852cc17b.jpg,1,0,0,0
normal_2f3ae7c73b67b9b1e1f1_jpg.rf.03b638e1e6395e6dec39720c0c98c29c.jpg,0,0,1,0
oily_new_bbad96320b74c827a713_jpg.rf.ff09f89bc0238b0cd5957a036bb6900c.jpg,0,0,0,1
dry_new_013120188b9f8adee97b_jpg.rf.5f34bc872116c602cf15b821def2141b.jpg,0,1,0,0
normal_31749351fd7ddf1f1971_jpg.rf.38a22d4ed56e47fdc0f10d8ce2a60b87.jpg,0,0,1,0
combination_-_854730dd3ff44f9840ad_jpg.rf.50a2357ec55100591e3e93ee92b3e70a.jpg,1,0,0,0
normal_34458a38fc273ea6d641_jpg.rf.2507fa6b935ddb91c1fb309975f87b58.jpg,0,0,1,0
combination_-_32921ec97de0b4672490_jpg.rf.1a8d6cf6ffdc69eb92afdbbd469eb063.jpg,1,0,0,0
oily_947eab011a591a0d4b80-Copy_jpg.rf.409b6da09f91904606089fbeeaffc84b.jpg,0,0,0,1
combination_-_80af3317eb215c8c823d_jpg.rf.84025fb7a90834536aceaca9a6c3bd42.jpg,1,0,0,0
oily_a9b5163e062c57314cf2_jpg.rf.02d81766d72debafcb1f994542f6f233.jpg,0,0,0,1
normal_2161c5548d51fbe98f12_jpg.rf.42e6103339adecdd7fa4d1725a64875a.jpg,0,0,1,0
oily_new_a1b074d0b9fce9cd6059_jpg.rf.fcd9c9e79220738d481f8d64ab996908.jpg,0,0,0,1
combination_-_7b4761d81a30d0caacf0_jpg.rf.edd0e113f451218e6b3ed3738dc65216.jpg,1,0,0,0
combination_-_3f501475241600ae7314_jpg.rf.46d13d8addd363eae3be2f0bb5abe40d.jpg,1,0,0,0
oily_new_90cb702567680e6ba6eb_jpg.rf.49cc42ad1d9da2cf791ad6fd7f0501e2.jpg,0,0,0,1
oily_new_94a47647aa927c9f52a8_jpg.rf.70bf30ff424dcddbd440bfe4726cd86d.jpg,0,0,0,1
normal_059cf2165bd4da06cc0f_jpg.rf.809b3c188d57297314132a225a6ca09a.jpg,0,0,1,0
oily_87962ea5affc575bcab3_jpg.rf.3f179e9fbac3cf1ac209df74cfb5df46.jpg,0,0,0,1
normal_33c3bc4d797f2d264373_jpg.rf.71c7f6c1be93bd3967f6bda2646ca78d.jpg,0,0,1,0
combination_-_778402b7846b59b413c7_jpg.rf.d3fc35f3893b8656c3dea365e952d873.jpg,1,0,0,0
normal_23978c64f7d9bf3eccc5_jpg.rf.0cef68f289c4d67f31f5a1de1ad924e6.jpg,0,0,1,0
oily_19783dc3e44993c30fb0_jpg.rf.e15c99439e7e035111052ae36988e02f.jpg,0,0,0,1
combination_-_89da148d08c6bff17e0d_jpg.rf.470dd309925955158546c43face0b339.jpg,1,0,0,0
combination_-_7705e49065ee6c1bfd04_jpg.rf.f413b630266de4128007bb36617a0780.jpg,1,0,0,0
combination_-_8623f0b2fa4f00365535_jpg.rf.a8e5c410f4a5f627ce7779e17719cef4.jpg,1,0,0,0
dry_28ed5ad73d24f5b7fb69_jpg.rf.163903a998746aa2017045f29d901f67.jpg,0,1,0,0
oily_87962ea5affc575bcab3_jpg.rf.cc76f7611af173f85a1735797865d3f3.jpg,0,0,0,1
oily_9398a48fa348da090dae-Copy_jpg.rf.938642477c280d276fd171bd6045d63d.jpg,0,0,0,1
normal_385fa27e0c389c2a6ceb_jpg.rf.a9cf13b76161d6bf16f7a85af02f25a2.jpg,0,0,1,0
combination_-_778402b7846b59b413c7_jpg.rf.89378e2953858fe53b5ae4aef23cb7f9.jpg,1,0,0,0
oily_87962ea5affc575bcab3_jpg.rf.fa4d270ef6ab779a9fd9b7e0599085c2.jpg,0,0,0,1
dry_new_574e3e6dac8576d1d32c_jpg.rf.86917f0ee4a085a36af8c0136e851d7d.jpg,0,1,0,0
normal_212fabdde59ac31c5abc_jpg.rf.247bd3d93621e66949aca9e2076e452b.jpg,0,0,1,0
oily_bc3c3237f607eb298516_jpg.rf.06b0677f03b92f9e811a9044f635bc3c.jpg,0,0,0,1
oily_new_90ec769a6bd4108aff02_jpg.rf.11832c67045325b8094f66cf0a1f1c62.jpg,0,0,0,1
normal_31749351fd7ddf1f1971_jpg.rf.485a9620220e5c1b2b58a5a68c1841c5.jpg,0,0,1,0
oily_92a41a749815a867a157-Copy_jpg.rf.d9b00140ae2a72d3b3c0cb6c0b01520d.jpg,0,0,0,1
combination_-_89da148d08c6bff17e0d_jpg.rf.044789dd5d53d078ada880c50bf14157.jpg,1,0,0,0
dry_1b746573a6a4d2e6e0f8_jpg.rf.b58c9e6ae65e6311122ba1c206474cfa.jpg,0,1,0,0
combination_-_778402b7846b59b413c7_jpg.rf.427fed2b698031b7813d986b7e24aed5.jpg,1,0,0,0
normal_111ff2aa2b206a5de850_jpg.rf.448f7b4f503fb98a802488fdff6a161e.jpg,0,0,1,0
oily_021e826dd8fd78c2e8f5-Copy_jpg.rf.08ffdd654bce7b89c63a3dd3c60839a6.jpg,0,0,0,1
normal_2133ba86473bb7e0569c_jpg.rf.f8ff9a9c72be6500edb43af77dc26bca.jpg,0,0,1,0
oily_adbd1a984288ee15f8ed_jpg.rf.a9ce35154d8ea3ec8d64e54921c7e76e.jpg,0,0,0,1
normal_385fa27e0c389c2a6ceb_jpg.rf.7b83a48efde6dd0abcc01df9c523acfb.jpg,0,0,1,0
oily_new_90fd05321eace4f8a17c_jpg.rf.122edc61c5043d9484841bf9bfb7bf86.jpg,0,0,0,1
combination_-_6d9cac9a7300fcbfdf9f_jpg.rf.2abeb0b9a2b2babe7de97e2f41b975f6.jpg,1,0,0,0
dry_new_0e6dd3eeef542994f4fa_jpg.rf.aef720f1addb6dcc860a75fb324f8a9d.jpg,0,1,0,0
oily_new_90c172fc4c0b41280e8b_jpg.rf.809651bd0ed62b3d3eead4c8a91e9c8a.jpg,0,0,0,1
normal_1bdde913d38d09d13345_jpg.rf.8d782b8b956693e0012b849ef35fb438.jpg,0,0,1,0
oily_0997f02ba99a00439079-Copy_jpg.rf.2edc375226b30b8af7b72cdf9ab402b1.jpg,0,0,0,1
oily_7ce3b16176d4ce9a0505-Copy_jpg.rf.771e8b5bfa14471b35fcd8a60aec3a7a.jpg,0,0,0,1
normal_181d36931a1998e8fd0b_jpg.rf.c5f6c3467d022d11b564e5f08d599d10.jpg,0,0,1,0
oily_new_86f5221037e8a2eebae4_jpg.rf.9a61fc5b83a8241da04f90919d16d9b1.jpg,0,0,0,1
oily_8281669de4f0169da29d_jpg.rf.beb37b9f0ece3de4e6df83f96051864f.jpg,0,0,0,1
oily_afd41f38d615587f5566_jpg.rf.555d7ccabb8210370250df0951dbc19d.jpg,0,0,0,1
oily_8281669de4f0169da29d_jpg.rf.265e692a0b6526d38a1d14ae5639bbf7.jpg,0,0,0,1
normal_23978c64f7d9bf3eccc5_jpg.rf.c9f465d7969ff4507dd3276c149ae944.jpg,0,0,1,0
oily_947eab011a591a0d4b80-Copy_jpg.rf.92185c69f9593a1a491096acdf2d48a1.jpg,0,0,0,1
oily_new_90ec769a6bd4108aff02_jpg.rf.c57c2094686848d261903edef92065ba.jpg,0,0,0,1
dry_new_5495ddc862ca147b8e2a_jpg.rf.49d94f0287fec7c758276b61628d4042.jpg,0,1,0,0
normal_2672a278d6024a493f58_jpg.rf.31995f673c787fbacfa8add794afb4cc.jpg,0,0,1,0
dry_28518b0555ef5eeceec9_jpg.rf.9772dad0cfda54d84b84e4dd1f89cc33.jpg,0,1,0,0
normal_2133ba86473bb7e0569c_jpg.rf.496c156bfd55ff2ff88eb645a847c08e.jpg,0,0,1,0
dry_1ba1c0dbc35fd9281ee8_jpg.rf.6084f1380822387c3e8dff85d7df371e.jpg,0,1,0,0
oily_new_94a47647aa927c9f52a8_jpg.rf.5af9a4fab96e314014f26e55a4f3c92a.jpg,0,0,0,1
dry_2c43ed302a353bb5ddff_jpg.rf.c76986ff1ba0ded132b71a4814ecff93.jpg,0,1,0,0
oily_b9c6cb398e1993586ee1_jpg.rf.1ba4bc39d5e1a80dc9bf9a1d129def1e.jpg,0,0,0,1
dry_1dabdd66be036b73a031_jpg.rf.fb1865f11d020f92d8bc0d0e4498d161.jpg,0,1,0,0
oily_81a42538e81df73d08af-Copy_jpg.rf.24d48eb595c4b75f1a5a3e3ecf960c63.jpg,0,0,0,1
normal_33c3bc4d797f2d264373_jpg.rf.c978a28183177694c496ba8ad1a9550d.jpg,0,0,1,0
dry_new_5578c90c83ce020b73ee_jpg.rf.6365c10d751baefe1a71c22fbced2bcb.jpg,0,1,0,0
combination_-_7c47c759fe84bfc8750f_jpg.rf.7b0de3459a7295b91a7abf7c56939587.jpg,1,0,0,0
normal_2161c5548d51fbe98f12_jpg.rf.da7efa0051bacc25630ee55b3d48bfcd.jpg,0,0,1,0
oily_new_abd26122ace70ccb29f2_jpg.rf.c9805344e9390fb0dda2e63925d03f70.jpg,0,0,0,1
oily_b491ed4e712b2a96ed31_jpg.rf.b746e9553e70ef5241302edae80b317d.jpg,0,0,0,1
combination_-_7809bbb62052f0063ddf_jpg.rf.48213ee2287cd76cafbca02de036b01a.jpg,1,0,0,0
oily_969f9db48a6b5e5f364e-Copy_jpg.rf.a5b2dc71df45de514ca2f9308bf25630.jpg,0,0,0,1
dry_1f55332514604c83ba14_jpg.rf.6f1cde0946e1157921a5b89ec321fca3.jpg,0,1,0,0
normal_232b9b1d675811506cac_jpg.rf.d1717fa829f7ac3896d9921f0484a783.jpg,0,0,1,0
dry_1deb5336e3f6f15edba3_jpg.rf.bfee0cfcaa926bfd95b040ed07973ccb.jpg,0,1,0,0
oily_new_c1904a2a631f3d44cb57_jpg.rf.a2ea12ed8c1d548676480b8b04b632fe.jpg,0,0,0,1
oily_96a0db7e467cf1a22f20-Copy_jpg.rf.b9e5a165a8d7715f3c8e6929e9403d9e.jpg,0,0,0,1
combination_-_7dd0c3d78039ce5d796f_jpg.rf.97578bc4aa00783497a55bc071bcae8d.jpg,1,0,0,0
dry_1ba1c0dbc35fd9281ee8_jpg.rf.46718e6e4884677bcc1f06e155cb605b.jpg,0,1,0,0
oily_new_bfc6fdc7b46a727abaf5_jpg.rf.1af677217027a25d604a6bdf229969c5.jpg,0,0,0,1
normal_new_188015cbbffbb7280c7a_jpg.rf.fc87bf199c9520c60d8937b349cb5d59.jpg,0,0,1,0
oily_new_afd41f38d615587f5566_jpg.rf.5d0b144e8da71c07b70adc500c127c8f.jpg,0,0,0,1
oily_new_c182f8d45468776411eb_jpg.rf.dc7f1d431a5669fb1949736ee3627663.jpg,0,0,0,1
normal_212fabdde59ac31c5abc_jpg.rf.a6821b394fab80a672552d9369fa732b.jpg,0,0,1,0
combination_-_7809bbb62052f0063ddf_jpg.rf.e348093e673a2490def8707e3f082aeb.jpg,1,0,0,0
oily_new_bf1985bd819d186741e9_jpg.rf.328bfc8df787157818a304aa9e003eb4.jpg,0,0,0,1
combination_-_7c47c759fe84bfc8750f_jpg.rf.ce2ba11d9a7d594cada7c1613ff205a3.jpg,1,0,0,0
oily_7d345a3daf37ea3a325b-Copy_jpg.rf.3ca3599887b070c4ebc38f86f14dccd6.jpg,0,0,0,1
oily_b7ce5e9a25c4c534f6ae_jpg.rf.4c00a6efb9569de59ccb5ba08386836f.jpg,0,0,0,1
normal_34458a38fc273ea6d641_jpg.rf.c41213a89cd78f0a082645324718e9c7.jpg,0,0,1,0
oily_14115c8459531fd42e33_jpg.rf.59da8c373791a5aca4a8b20a5098471d.jpg,0,0,0,1
oily_new_99a14a4f886878728062_jpg.rf.adffc8bf7c8441b81e42f774275baff5.jpg,0,0,0,1
normal_249e458701fb4c3936bc_jpg.rf.5735493715f12f53d96bc0a9d108c81a.jpg,0,0,1,0
oily_new_96cda2a8ece238e00e5c_jpg.rf.755fdf5a7a2bfb17d18b122d527584eb.jpg,0,0,0,1
oily_87bfa67162803013e947-Copy_jpg.rf.3300e5a9f96614b67ed49f442aafd962.jpg,0,0,0,1
oily_new_95d58c3ba8ab554e8b54_jpg.rf.c466d6f81ff7a4cf5c252ba9008c5d82.jpg,0,0,0,1
normal_28020fc04b58d40fc25d_jpg.rf.13e8eb0731b2c6ce46290a875e7e45a7.jpg,0,0,1,0
dry_1fb55f4933e9e43d9ab9_jpg.rf.c83fce7f9b8c374f46dba183a8323118.jpg,0,1,0,0
normal_34458a38fc273ea6d641_jpg.rf.607ae7ff958885b34c87f396a4da5756.jpg,0,0,1,0
oily_new_b1a7544f62551cb7a574_jpg.rf.577c291ea2db2bfb23b2a1dc9353d6e3.jpg,0,0,0,1
oily_new_abd26122ace70ccb29f2_jpg.rf.0e7bb7cfce179be8770fdaf40564dd68.jpg,0,0,0,1
oily_09630580013ecf4d80e7_jpg.rf.88df6b5048ea9ad74a28ff0e23e177be.jpg,0,0,0,1
normal_1f10f0c44b63fd869df6_jpg.rf.afd8395b82de7b5385aceeb26fb181c9.jpg,0,0,1,0
oily_new_98abe94f81a7f392b1d7_jpg.rf.33bfc4675144f79b3d2ab1bce3894bd9.jpg,0,0,0,1
normal_2a654e6820c321c2cd61_jpg.rf.b9f8b3946d3bdb75e1e5155cbcc446d4.jpg,0,0,1,0
normal_1fcdfe80735412dc2d4e_jpg.rf.084fc0a655a2d7071031349636d59045.jpg,0,0,1,0
combination_-_7dd0c3d78039ce5d796f_jpg.rf.85cbb295726277ff659287e8818e810e.jpg,1,0,0,0
oily_81a42538e81df73d08af-Copy_jpg.rf.4b6b579b8693f1315935b3b333894f5f.jpg,0,0,0,1
oily_c2df510303b097a5b3e5_jpg.rf.9540c786f015b1aac63fb50c0630785e.jpg,0,0,0,1
oily_new_b299bfe64549cc18f986_jpg.rf.edc6f58c16608386b6da0c2a77281823.jpg,0,0,0,1
oily_new_96a0db7e467cf1a22f20_jpg.rf.ff8954f7da1ad43a9b3d4b132ed73773.jpg,0,0,0,1
oily_new_99a14a4f886878728062_jpg.rf.4193d25c0f8f97ff6ee477e361b34d21.jpg,0,0,0,1
oily_new_c182f8d45468776411eb_jpg.rf.4583a06860717aa1baadb1fcc0d98519.jpg,0,0,0,1
combination_-_7ccc3924d9b776fa0e31_jpg.rf.a4e42572016f9fe507873f1e17e18764.jpg,1,0,0,0
oily_9e7626abafa6c0063987-Copy_jpg.rf.3abe0f8e38161b2205e8c6d8be468528.jpg,0,0,0,1
oily_816ed0f0528aba10f7d0-Copy_jpg.rf.1134f61ef3177289cb1d29a5fd004f54.jpg,0,0,0,1
oily_8061c1e4f92577052458-Copy_jpg.rf.27419b6554a302841d7fff71d7e0c97a.jpg,0,0,0,1
oily_947eab011a591a0d4b80-Copy_jpg.rf.0e211e6eb3edaf9d881c019e2ba80f47.jpg,0,0,0,1
oily_87bfa67162803013e947-Copy_jpg.rf.1f85b462be3630d691e0ed49dfe39490.jpg,0,0,0,1
oily_8595b2f371ffd1ff2b0e-Copy_jpg.rf.f272307b69862e5060b9a8547143696d.jpg,0,0,0,1
oily_8595b2f371ffd1ff2b0e-Copy_jpg.rf.331bdeae58ed6cc31f674e3e76b729d6.jpg,0,0,0,1
oily_7ce3b16176d4ce9a0505-Copy_jpg.rf.dbd3842721dbce2b8c39ad84a469fa47.jpg,0,0,0,1
oily_9cadddbbecbf9c25ff81-Copy_jpg.rf.d5cb3f85ba993cabeab2633da3c81b67.jpg,0,0,0,1
normal_1fcdfe80735412dc2d4e_jpg.rf.af8037f7bb1449cdb0d924eb472989e7.jpg,0,0,1,0
normal_334f4043a8022c3c91e1_jpg.rf.97c009d67cc3fd218ee9ba586533e567.jpg,0,0,1,0
oily_a9b5163e062c57314cf2_jpg.rf.f963d05a0cce6207687d611145f49c1d.jpg,0,0,0,1
normal_345dd34485c5ef28aeb8_jpg.rf.13f0411630a2e17b7140a2bd6a86f846.jpg,0,0,1,0
oily_ba03a81538f84a4f8b1c_jpg.rf.e0dfb4748f7e97d143594dcd6a8db91a.jpg,0,0,0,1
normal_new_f6d842179b5529bfd670_jpg.rf.23fffc344e1db3e42abdd7136655ed14.jpg,0,0,1,0
dry_2d8e355df5d83c144fb5_jpg.rf.25091b75b8270c27abeda26e3a843f52.jpg,0,1,0,0
oily_157e4dea7576d3502424-Copy_jpg.rf.418f74c424c67d302d4a5cc038a1bf6b.jpg,0,0,0,1
oily_16ee8079dd45e929ea95-Copy_jpg.rf.bea9fd65328879117239c4389a06c71a.jpg,0,0,0,1
oily_new_c182f8d45468776411eb_jpg.rf.f8c327e2b11b09f92819b7f7f346e3aa.jpg,0,0,0,1
combination_-_7ba2e5604303459cec66_jpg.rf.fafad91eb652424c7b026d9b0cec0c93.jpg,1,0,0,0
oily_969f9db48a6b5e5f364e-Copy_jpg.rf.3c3c22825c8001de8fded8f76e37d1bc.jpg,0,0,0,1
oily_8061c1e4f92577052458-Copy_jpg.rf.556a2ab52be4bb64500edad7ecf69466.jpg,0,0,0,1
oily_b7ce5e9a25c4c534f6ae_jpg.rf.cd0bb4cfa78ae7d8a23951c13ff4a99f.jpg,0,0,0,1
oily_new_b6b76bd2673dcafff761_jpg.rf.d44522a81a463e5b7d390eabc4bbc523.jpg,0,0,0,1
oily_b9c6cb398e1993586ee1_jpg.rf.ad685201cb0b8f64bf67633894d3b349.jpg,0,0,0,1
normal_345dd34485c5ef28aeb8_jpg.rf.0e34b4d1a78ffc40c6a030d0bc74b771.jpg,0,0,1,0
oily_9a39158c820bed7b4d4d-Copy_jpg.rf.5fad2df0a42635b775de6e3df85449cb.jpg,0,0,0,1
oily_87bfa67162803013e947-Copy_jpg.rf.74052c7dbfb98ddc2ee2bc7ecf59a315.jpg,0,0,0,1
normal_1f10f0c44b63fd869df6_jpg.rf.4e83d55950227903a0c63127d42a4cb6.jpg,0,0,1,0
oily_aa481727a736d31a0877_jpg.rf.8f35af2fb87d622b49dc3165f03b227c.jpg,0,0,0,1
oily_new_95d58c3ba8ab554e8b54_jpg.rf.26fb9d67856df910a4cdffade0ca59bf.jpg,0,0,0,1
oily_970b00a8c661b24cc9e3-Copy_jpg.rf.75b613d1110f9b4c3542b33e32705c5e.jpg,0,0,0,1
oily_ba03a81538f84a4f8b1c_jpg.rf.24a8be89e9cd2e320b782f5c60978e7d.jpg,0,0,0,1
oily_new_b491ed4e712b2a96ed31_jpg.rf.3985bbd5e7833b92ef3809e0cde08729.jpg,0,0,0,1
dry_1d484c5c6efe77be4aa0_jpg.rf.03b03fd41d6005d9fe26bf0bc26f3ead.jpg,0,1,0,0
normal_212fabdde59ac31c5abc_jpg.rf.2e08c6b009d4dacfad0dafd7b5f1e4d0.jpg,0,0,1,0
dry_1b746573a6a4d2e6e0f8_jpg.rf.44d68dc7a271d7b744085cab2612d88c.jpg,0,1,0,0
normal_1fcdfe80735412dc2d4e_jpg.rf.8c500171113a55cb920ae26c36c07bad.jpg,0,0,1,0
normal_345dd34485c5ef28aeb8_jpg.rf.70ad85903b0b86781e8984246ce4a8fe.jpg,0,0,1,0
normal_334f4043a8022c3c91e1_jpg.rf.81e642ef098d11792d311854c6108f68.jpg,0,0,1,0
normal_new_3382727155e79853b5f3_jpg.rf.7bc9dbace295ff542b59c213d4d3af9c.jpg,0,0,1,0
normal_new_3fbc7f30887b61c92fe3_jpg.rf.af1897f118c7220851d199f133d6660f.jpg,0,0,1,0
dry_206a58c565ba2dde9453_jpg.rf.5b82ad801ee655a27c8b19f8935b95cf.jpg,0,1,0,0
oily_99f2c8b7a83dc65bfe0a-Copy_jpg.rf.9d2650357bec0df5b32bc27093a34715.jpg,0,0,0,1
oily_c2df510303b097a5b3e5_jpg.rf.856d6864c7e39e2b39f74350218f05b2.jpg,0,0,0,1
oily_8595b2f371ffd1ff2b0e-Copy_jpg.rf.f929abb2553276ddd6b23ac7a3c04867.jpg,0,0,0,1
oily_new_b299bfe64549cc18f986_jpg.rf.311509dc99d43e4775e70af7ec0d4068.jpg,0,0,0,1
dry_206a58c565ba2dde9453_jpg.rf.bf4e4dcba78272dfa6c23c39c9e72a9c.jpg,0,1,0,0
normal_243abbbe37afd3a61547_jpg.rf.ddefaad39969f8328a7e077f6684b01e.jpg,0,0,1,0
normal_2672a278d6024a493f58_jpg.rf.fb182e40854a9bde3cd73369c725eeca.jpg,0,0,1,0
oily_new_96cda2a8ece238e00e5c_jpg.rf.f1a00c34907cb045e9aa9b5fe0d16875.jpg,0,0,0,1
normal_385fa27e0c389c2a6ceb_jpg.rf.3e1c5110875a22200db0c8c1a0fbcbaa.jpg,0,0,1,0
oily_new_c1904a2a631f3d44cb57_jpg.rf.650334d2f4c9be7ba8c73f30124e599d.jpg,0,0,0,1
dry_1f55332514604c83ba14_jpg.rf.09f1b50aaff282fd62fd81370e52e9cf.jpg,0,1,0,0
oily_new_b6b76bd2673dcafff761_jpg.rf.97f0629a402dcfcf5a8c6269ba1ed7b2.jpg,0,0,0,1
dry_2fd3aad955e9092d3960_jpg.rf.ae7fbef35444b91dd372f28885844b25.jpg,0,1,0,0
oily_b7ce5e9a25c4c534f6ae_jpg.rf.d4352bda5da3b8dab2cb0c49af31f3f0.jpg,0,0,0,1
dry_2d8e355df5d83c144fb5_jpg.rf.71a957d3c4fbda7b27f6b646c486bc7d.jpg,0,1,0,0
oily_19783dc3e44993c30fb0_jpg.rf.dd11e5ae83b505def6853998865ee3fb.jpg,0,0,0,1
oily_new_d3e85644ae82406230f9_jpg.rf.cbc3dc2101bbe09207b2e919e93fcf17.jpg,0,0,0,1
oily_new_bfe6f3dcfaca0d160182_jpg.rf.ec23210babbdaa6d49094f855417fb72.jpg,0,0,0,1
normal_34d12e7668f49d05c74b_jpg.rf.d1638736a8105c0f2c95d9ec0352b46a.jpg,0,0,1,0
normal_new_3ad884c8f098a8aa9347_jpg.rf.2b64175e53b03118a24db93dc19b796c.jpg,0,0,1,0
oily_new_c1904a2a631f3d44cb57_jpg.rf.52395446f9510fecc8d2cba2282671a4.jpg,0,0,0,1
normal_2133ba86473bb7e0569c_jpg.rf.b0f039a06ff987235d3aad0eb75bb3b6.jpg,0,0,1,0
oily_88cbb8a449fe8a952396-Copy_jpg.rf.e3d62817a48006af10f925a60b4cfe03.jpg,0,0,0,1
normal_new_3382727155e79853b5f3_jpg.rf.be6f981eae369ad63014b941f4d1dca3.jpg,0,0,1,0
dry_1f7d8c0aeed1b8fb91af_jpg.rf.675e296714497ca94ad30a5214130a42.jpg,0,1,0,0
oily_new_d3e85644ae82406230f9_jpg.rf.7abd816792004ddbeca2278a61e9b277.jpg,0,0,0,1
oily_1e11a4d70bb311f48c7c-Copy_jpg.rf.67b1d4890b0664eb8e77ec614932ec51.jpg,0,0,0,1
oily_a9af7121519143fee832_jpg.rf.815c37d82baca38307abb5401434dd0a.jpg,0,0,0,1
oily_afd41f38d615587f5566_jpg.rf.f49702ff857804dee822bfb1287cde3f.jpg,0,0,0,1
oily_new_d5ce2f08baeda15c17b8_jpg.rf.04262f6d58fd6f54362d69aa866bc1cf.jpg,0,0,0,1
oily_c3e5e851bd3cf824e857_jpg.rf.bb02d81c759c1ab5a267c5b00b760a13.jpg,0,0,0,1
dry_22be415f8b1e593e9a5f_jpg.rf.89b6ef6a5b209d3e81930302c347fd91.jpg,0,1,0,0
oily_c67a023f55b0abc545c2_jpg.rf.35a10eaf04081f9cf66e9b34001d95c7.jpg,0,0,0,1
oily_new_d5ce2f08baeda15c17b8_jpg.rf.1040e1dbd0a86b352b0b87a75648e178.jpg,0,0,0,1
normal_new_671d4c68409a30643f9c_jpg.rf.832e56ae88e71480cace764c94b541b1.jpg,0,0,1,0
oily_new_9d0700f5e832a18e8220_jpg.rf.24db18ce67a5b6f18949159eb811a30b.jpg,0,0,0,1
oily_b491ed4e712b2a96ed31_jpg.rf.b42414face6ec1bfd40e05112e82947a.jpg,0,0,0,1
oily_8a72f446127aa7964f7d-Copy_jpg.rf.22df7a6ff5513c307f1c6b437229e5ae.jpg,0,0,0,1
normal_new_249de372806a08db8fb8_jpg.rf.a6cfecba0f640b9cb788058aa0f582c6.jpg,0,0,1,0
dry_2069f90c89015e5d3f67_jpg.rf.2d985ff8b8f4169adf7d75edce182abf.jpg,0,1,0,0
oily_a9af7121519143fee832_jpg.rf.11e5158022d9f0345959e884dba2cf64.jpg,0,0,0,1
dry_22a09a1a20f039ef8ef3_jpg.rf.f4dbfca0a15d7276a4e155b9c9517dd1.jpg,0,1,0,0
oily_81a42538e81df73d08af-Copy_jpg.rf.9da8cfb2ebe5410039f76ba31952958f.jpg,0,0,0,1
oily_c3e5e851bd3cf824e857_jpg.rf.ff13162d1651a451af7a7e587a49e439.jpg,0,0,0,1
oily_bb23a8374b0e4be1fd4d_jpg.rf.c5124bb7ab1e5b5647915a2d3654a970.jpg,0,0,0,1
combination_-_7dede5dafdb5bd02c5b4_jpg.rf.12ecf295ebb20561b03b758c581071b5.jpg,1,0,0,0
oily_8061c1e4f92577052458-Copy_jpg.rf.94d5a3f69280a71abbc10c9ddfebcbdd.jpg,0,0,0,1
oily_b502550daf77168a2117_jpg.rf.3db91942e9af33c369985c2073cda290.jpg,0,0,0,1
oily_new_d488bcfdae48b42906ad_jpg.rf.c5ee51363bca04dcdf6fc69f0a7c6798.jpg,0,0,0,1
oily_b9c6cb398e1993586ee1_jpg.rf.7edd53363a68d385945791028154a620.jpg,0,0,0,1
oily_new_ce294a43bc6b4427a15a_jpg.rf.42b6600013769ab938517eadcbcd280d.jpg,0,0,0,1
oily_new_adbd1a984288ee15f8ed_jpg.rf.ffeeb486fecdd2871db014c37ddc27eb.jpg,0,0,0,1
oily_b62ff7193268b0b90e57_jpg.rf.4bce130055f95d0f76975a3c6445a764.jpg,0,0,0,1
oily_new_cdc8cd088ef6786d7f28_jpg.rf.502393869deda519ab614e5faea931df.jpg,0,0,0,1
oily_affb11547a0009d30377_jpg.rf.cfd0781568e9493348867a14bf2374ff.jpg,0,0,0,1
oily_a554f2b8fe32598ac65d_jpg.rf.e71ccd4acc023af4c33f75b186461b08.jpg,0,0,0,1
oily_9e7626abafa6c0063987-Copy_jpg.rf.a00d8176bc25ad9103e25bf472d4e009.jpg,0,0,0,1
oily_7d2383788d2864c40401-Copy_jpg.rf.d613a79a3201723ea6e4e3f9f704e689.jpg,0,0,0,1
oily_new_99a14a4f886878728062_jpg.rf.51f331d00ac4e82819a150fab6767531.jpg,0,0,0,1
oily_afa0072f829494f57286_jpg.rf.7738e37a64dd8eb71f4747d63a8c15a3.jpg,0,0,0,1
normal_new_243f686ba7d67197676d_jpg.rf.76a2248f6ee4e07bc601113f1e7d1e4b.jpg,0,0,1,0
oily_88cbb8a449fe8a952396-Copy_jpg.rf.c745b04cd5be3a7c30cc2b2524d2eaa4.jpg,0,0,0,1
oily_b77c14a94a780268ce7c_jpg.rf.f16206014aa7f9a2df8e49350e55d0a3.jpg,0,0,0,1
oily_7d2383788d2864c40401-Copy_jpg.rf.66e211923be6385c7b0ea6528867e004.jpg,0,0,0,1
oily_8a72f446127aa7964f7d-Copy_jpg.rf.12600bbf585af04ce2565b69269cd60e.jpg,0,0,0,1
oily_new_96cda2a8ece238e00e5c_jpg.rf.57aa05a6510367a55ac137d0b0fff358.jpg,0,0,0,1
oily_9e7626abafa6c0063987-Copy_jpg.rf.0773bbf060045d029c890ecdb4a88341.jpg,0,0,0,1
oily_new_98abe94f81a7f392b1d7_jpg.rf.8e3640f38a438c29c3e06a5e54a13fce.jpg,0,0,0,1
oily_7d345a3daf37ea3a325b-Copy_jpg.rf.32c547588543e04251c15318264090f6.jpg,0,0,0,1
oily_16ee8079dd45e929ea95-Copy_jpg.rf.f284801ce47bf7c4ae1826c2750e6a77.jpg,0,0,0,1
normal_33c3bc4d797f2d264373_jpg.rf.eae887e5998a7b39bd053fa077d3c1eb.jpg,0,0,1,0
dry_2bb5bbfc1d4e4c38a0f3_jpg.rf.b6cdad7d4cf543982b8fe3b9c418062f.jpg,0,1,0,0
combination_-_7ccc3924d9b776fa0e31_jpg.rf.0f9f8cd7fab36a6571ce417b78e89fc5.jpg,1,0,0,0
oily_0997f02ba99a00439079-Copy_jpg.rf.c1afe35e5eb40ade24195e2fe44aeac7.jpg,0,0,0,1
oily_add029a75ef3a8d1ff89_jpg.rf.08746a2ec4aeb52f40dc52231dbac9d3.jpg,0,0,0,1
oily_add029a75ef3a8d1ff89_jpg.rf.b35b1ab697c30134a9d4c6c34b4458d9.jpg,0,0,0,1
normal_new_5a12ae3a4fcec2035f05_jpg.rf.f72fee67516743e623b803c7dec8a39d.jpg,0,0,1,0
normal_b72bc763f853e42ad6dd_jpg.rf.05bd11dd2b09725814b318fc0522a1f4.jpg,0,0,1,0
dry_1dabdd66be036b73a031_jpg.rf.53c44d514c17dda723d0974e63284f04.jpg,0,1,0,0
oily_a9af7121519143fee832_jpg.rf.eb8f21213855bc1eaeff772f1aa058b7.jpg,0,0,0,1
oily_b62ff7193268b0b90e57_jpg.rf.188a4cea5d9ea023c1baf949bc2fb913.jpg,0,0,0,1
dry_22a09a1a20f039ef8ef3_jpg.rf.bda01a6bd30ba5e98fa41e3580c08aa3.jpg,0,1,0,0
dry_1d484c5c6efe77be4aa0_jpg.rf.ed52b476cf71b6016620989c8a2dcee7.jpg,0,1,0,0
oily_a554f2b8fe32598ac65d_jpg.rf.7c973a434f8f30c70098de0f2d495f03.jpg,0,0,0,1
dry_new_2f80696cd8c10eb3704d_jpg.rf.3ae3f1e1d18dd5b307318eb8b06674ec.jpg,0,1,0,0
dry_1f7d8c0aeed1b8fb91af_jpg.rf.e9d2782cdc81530ffccafd467ddf9771.jpg,0,1,0,0
normal_732ce4b4e1aa283b8fe1_jpg.rf.ed0fece5ae770dae4e1ef5124bc5db7e.jpg,0,0,1,0
dry_28ed5ad73d24f5b7fb69_jpg.rf.fcc4e1cae9b4418309bd1d129acb3e8e.jpg,0,1,0,0
dry_new_27303a4971d0ef7aa4fc_jpg.rf.06cd1342c66d2489aa9c44481c869a0a.jpg,0,1,0,0
oily_9a39158c820bed7b4d4d-Copy_jpg.rf.7f85e9e0cf4ffd66b1b606fee86f4086.jpg,0,0,0,1
oily_bc3c3237f607eb298516_jpg.rf.460399c736cf192b068a50f8b2ddb336.jpg,0,0,0,1
combination_-_4436e0610d327deddb22_jpg.rf.281d2de797246ac33e3fc5e5a510ee84.jpg,1,0,0,0
combination_-_7ec49eb56beb00eaa450_jpg.rf.577e884f7e7b27469a54e0579f9210de.jpg,1,0,0,0
oily_8dd9233c498bd5d0533e-Copy_jpg.rf.930a2dde12ceec9ef119d8ebc01ecd00.jpg,0,0,0,1
oily_14300ff1365d94ce44c0_jpg.rf.4fc6e209a3015c42ab70a990f63cd54e.jpg,0,0,0,1
oily_aa481727a736d31a0877_jpg.rf.3c59bdc979da1734e777e0ac0c588de6.jpg,0,0,0,1
combination_-_7e888683364444d62cc1_jpg.rf.8e425ee0c62ff375170fab0abdf77eec.jpg,1,0,0,0
oily_8ac5dc572cebe2495650-Copy_jpg.rf.ddc7ff7385e93ac0d82232d5a1a8d956.jpg,0,0,0,1
oily_b502550daf77168a2117_jpg.rf.1e0140e9dda91b9d8162cac923a2161b.jpg,0,0,0,1
normal_bd481c683c08a6f47c93_jpg.rf.64239aebdc4b2df6f4ac47de9cecebe2.jpg,0,0,1,0
oily_affb11547a0009d30377_jpg.rf.bde4bb26add18d0ea060660a5f19e674.jpg,0,0,0,1
combination_-_46a2fef2ebeb638f066c_jpg.rf.7d99d8df84baae8dc53708ed5509dbf4.jpg,1,0,0,0
oily_aa481727a736d31a0877_jpg.rf.05ad8a41e0a3195d4dd0206e07c63574.jpg,0,0,0,1
dry_2bb5bbfc1d4e4c38a0f3_jpg.rf.4911a703fac32da7fd4c25cb9d639cc6.jpg,0,1,0,0
normal_new_4c8f3fdc9646c6a12321_jpg.rf.197c5bc2f501c4fc1d1da546bc961e75.jpg,0,0,1,0
dry_24ac10fcdac02b8dce2c_jpg.rf.6ff7feac001162d693ad731d01c065d0.jpg,0,1,0,0
oily_new_d67bb739240a6c48f529_jpg.rf.42ebe692d4df17292ab9d6d164b8ced0.jpg,0,0,0,1
oily_88cbb8a449fe8a952396-Copy_jpg.rf.d626657842ffd13d7ee22d627149bdad.jpg,0,0,0,1
oily_ba03a81538f84a4f8b1c_jpg.rf.7eb3ef47c938909d9070d24ef6dd6778.jpg,0,0,0,1
dry_26175c7d05e99f703b8c_jpg.rf.8f15d76a771967005ccc96db44a117bf.jpg,0,1,0,0
normal_bda5b26d17df093930d3_jpg.rf.2d403eaf1db2734adc049eaccb4a0ab1.jpg,0,0,1,0
combination_-_51cf79960f7d928969fe_jpg.rf.7dda30ae8ae03c8ab5e8337fe23da7ad.jpg,1,0,0,0
oily_1ad8dd370f07c0d257a0-Copy_jpg.rf.c34890372d36f6f1fff8bf5096499330.jpg,0,0,0,1
oily_new_9d0700f5e832a18e8220_jpg.rf.c17467596822bd46715add7ecaec1316.jpg,0,0,0,1
oily_afa0072f829494f57286_jpg.rf.d2722b47d6a59e38bff280686dc31989.jpg,0,0,0,1
oily_816ed0f0528aba10f7d0-Copy_jpg.rf.1030da14a21f57a6efd0a6148f2caee1.jpg,0,0,0,1
normal_24e4275a25e74af172e4_jpg.rf.2f8b59c9ef3c0b387838972c1a6ec51e.jpg,0,0,1,0
oily_new_db1d1db1bc2f2f2d484c_jpg.rf.f6eb083c4501b9763484645871b523bb.jpg,0,0,0,1
oily_c38b373467a190ce7d92_jpg.rf.380a0e3a05ba22cdc03656e8b7e410e6.jpg,0,0,0,1
normal_365bd9d74f42a34aa3a9_jpg.rf.b5478ce425074bb996c148d68993d5f0.jpg,0,0,1,0
combination_-_4c7adb39cbf1596fe347_jpg.rf.e8604a91a87d78454faa7196c5a427b5.jpg,1,0,0,0
dry_2fd3aad955e9092d3960_jpg.rf.cddb0a0a714a202fc38143e75c3bb4a5.jpg,0,1,0,0
oily_b502550daf77168a2117_jpg.rf.c75eb34f7f6bc30cdea6e95b4125e18b.jpg,0,0,0,1
dry_24ac10fcdac02b8dce2c_jpg.rf.ac8a66365ce4273eee7d01e5e0b40e78.jpg,0,1,0,0
combination_-_16d06db206b821a754a4_jpg.rf.56d5ab1810e697d8d51a01f5bf7d075a.jpg,1,0,0,0
oily_adbd1a984288ee15f8ed_jpg.rf.f805ff317a982506f57b88548b6ea517.jpg,0,0,0,1
oily_a8cac3505a92ed80a1b3_jpg.rf.5767295f768d95614adde4a2c29ca2a3.jpg,0,0,0,1
oily_new_9d0700f5e832a18e8220_jpg.rf.dbf61c704ab6e79bd7abb49af5091dfc.jpg,0,0,0,1
dry_new_30a804a50782c1a808a0_jpg.rf.bbcc28b58afd2bfb6150916559d9fc80.jpg,0,1,0,0
dry_30864bfb2652861394ad_jpg.rf.d754ec5fab411d43fce37c4b4c9ef216.jpg,0,1,0,0
dry_24ac10fcdac02b8dce2c_jpg.rf.80e113d764ef421e401ddf2689430f4b.jpg,0,1,0,0
oily_7d345a3daf37ea3a325b-Copy_jpg.rf.6fbfc026b746dc0f4adb6815cc5053cd.jpg,0,0,0,1
normal_new_3f7683e7fa8694272ae7_jpg.rf.e756945206f1d6fe9bd72598804788e2.jpg,0,0,1,0
oily_new_b491ed4e712b2a96ed31_jpg.rf.f0f2b302687c663589dc363a76772780.jpg,0,0,0,1
oily_bb23a8374b0e4be1fd4d_jpg.rf.d151646a732ada7e9e035d84547637ac.jpg,0,0,0,1
dry_22be415f8b1e593e9a5f_jpg.rf.cb82117fd9c954380ba585fb45911b07.jpg,0,1,0,0
oily_new_9a0e986edfee444798ec_jpg.rf.582113e8a3b22667d663a301f32d137a.jpg,0,0,0,1
dry_2d8e355df5d83c144fb5_jpg.rf.07f155bc02a2b4e193d8b3e2ae8c6afb.jpg,0,1,0,0
oily_new_9a0e986edfee444798ec_jpg.rf.a57053ed54c234bf701a94efca398f87.jpg,0,0,0,1
oily_029b69a5e5d65cfae84b-Copy_jpg.rf.60540b8313cf4abb9f718dc849f019fd.jpg,0,0,0,1
oily_new_dcadf6bf125dc2548d72_jpg.rf.6f716760af5eceacf13a3508fa95753c.jpg,0,0,0,1
oily_90f7a465fd6a20c63d52-Copy_jpg.rf.1e7bedb971192d8c3057802269f77723.jpg,0,0,0,1
dry_new_321041eb4ca6eb79ff90_jpg.rf.d649768797880b534598ae43d26a7b9b.jpg,0,1,0,0
oily_b682812ac5e6d92232ea_jpg.rf.8d041e621479a4d81af1dca7bfa225ff.jpg,0,0,0,1
oily_bb64fceefc0dbb2b5d4b_jpg.rf.00a89cf717d572b9d12e06b46e328a28.jpg,0,0,0,1
dry_new_321041eb4ca6eb79ff90_jpg.rf.0188e7da5893c05de9a8282ce882574a.jpg,0,1,0,0
normal_new_569f79bb2a66a95b0faf_jpg.rf.8219a735d291809d24d7f534138dadec.jpg,0,0,1,0
oily_b62ff7193268b0b90e57_jpg.rf.ed2b4715377630f8fc5d658e6001a7ab.jpg,0,0,0,1
oily_a554f2b8fe32598ac65d_jpg.rf.101e144e5f5e906f0c10c72fe4d2e9bf.jpg,0,0,0,1
oily_new_db1d1db1bc2f2f2d484c_jpg.rf.d479d93558b5191927be8497c1d5dfd4.jpg,0,0,0,1
oily_8ac5dc572cebe2495650-Copy_jpg.rf.376fe9344ac01cc4126a3b9cb6297a73.jpg,0,0,0,1
oily_7d2383788d2864c40401-Copy_jpg.rf.2007589836726d7d8016f434deb6f616.jpg,0,0,0,1
normal_new_5a12ae3a4fcec2035f05_jpg.rf.fb84a58696ca440aba04c46d70ccfdcf.jpg,0,0,1,0
dry_new_30a804a50782c1a808a0_jpg.rf.88ab9b1c962656fbb4e036362ff6f5a7.jpg,0,1,0,0
dry_1deb5336e3f6f15edba3_jpg.rf.5421396253282b78eba5245041f8a509.jpg,0,1,0,0
normal_232b9b1d675811506cac_jpg.rf.771aacea539f9cf6d82a4cd20e9f469b.jpg,0,0,1,0
oily_8a72f446127aa7964f7d-Copy_jpg.rf.091f11a185ea5a45703df54d2de16286.jpg,0,0,0,1
normal_new_622d0e878e2bfe41ee88_jpg.rf.00be25db12e404c4c786a715842d0041.jpg,0,0,1,0
combination_-_7dede5dafdb5bd02c5b4_jpg.rf.7faac5156c09bbc8306e0b6d867b888e.jpg,1,0,0,0
dry_new_68a0394b89915f31faf4_jpg.rf.aedc83e548b46ac15bf0ab6e104e3daa.jpg,0,1,0,0
oily_new_d3e85644ae82406230f9_jpg.rf.1a314d898a7225f5a6ccd80b9a4a0693.jpg,0,0,0,1
normal_new_67b0d604478f0b3f78a7_jpg.rf.9c0c4bfdf429c3fe27bffae130616628.jpg,0,0,1,0
oily_bc7421ba9af3081971f9_jpg.rf.d66e413b61ffbf300fc80b139728cdaa.jpg,0,0,0,1
oily_new_cf0fcd52c1223ad115db_jpg.rf.7b58a85bfd0b658f7d9856332bc0f0d1.jpg,0,0,0,1
oily_new_b6b76bd2673dcafff761_jpg.rf.1b86d6d2d1702e98616bb7fd253fe204.jpg,0,0,0,1
dry_new_32133cd8e0a22be836e2_jpg.rf.0a143fbc7abdc6f32d7ea60fe7705a9f.jpg,0,1,0,0
oily_c38b373467a190ce7d92_jpg.rf.c189d075faceb7bb3c36e46ada92114f.jpg,0,0,0,1
oily_new_9ea165494cd2aac99ab8_jpg.rf.c7d04e7349639a827adc0f859d3ed844.jpg,0,0,0,1
combination_-_166c76374f5d24466108_jpg.rf.c56035e28c822f7068f1cc5fbaefb354.jpg,1,0,0,0
normal_new_42e72d829dc3b816e9e8_jpg.rf.ab3373be79e02e5109ae910c248cb861.jpg,0,0,1,0
oily_285f866bedc8a399e435-Copy_jpg.rf.dbafa9f791574143de02400e77905b89.jpg,0,0,0,1
normal_79efe949d5d4b1ca655a_jpg.rf.53af7a78b50f686bcbfa27d51d9c0d7e.jpg,0,0,1,0
oily_new_a0402f5ea83540e89b97_jpg.rf.361b1ab26b32dafc197745db3938bfe7.jpg,0,0,0,1
oily_adbd1a984288ee15f8ed_jpg.rf.4838d1569289fb2c98ec949d7a1dd88e.jpg,0,0,0,1
oily_new_2626d7c850df6748f131_jpg.rf.0b34d819c6567c89e9f9761842789eb2.jpg,0,0,0,1
normal_new_49a2a8236f0eac86258c_jpg.rf.e4eac58c7250a5b3206dd447a514c358.jpg,0,0,1,0
combination_-_1e392d0a8129fd9894e7_jpg.rf.8bbe159789bfd6534c1f8b8c37f3d6d5.jpg,1,0,0,0
oily_c38b373467a190ce7d92_jpg.rf.2cae464664fc05756206f5ee3af49485.jpg,0,0,0,1
dry_new_27d85bba1b40047b4ed3_jpg.rf.69fb3ad7bb062660d348d7b07f51c331.jpg,0,1,0,0
oily_30ed482de9cdef9fe257-Copy_jpg.rf.026400e53417b906854e34ca3b148f0f.jpg,0,0,0,1
combination_-_0ae4750178f9d19c5e5b_jpg.rf.bac0ffe3733377a391a7acf720ef6290.jpg,1,0,0,0
normal_new_671d4c68409a30643f9c_jpg.rf.b064c74105bfc65bc51f96d06cc85c17.jpg,0,0,1,0
dry_2069f90c89015e5d3f67_jpg.rf.2b56cb0f58c5c4d7d28ec3d3baa4f220.jpg,0,1,0,0
combination_-_46a2fef2ebeb638f066c_jpg.rf.7344c4b5b7ee3d0e7f150373be44d7e9.jpg,1,0,0,0
oily_bc3c3237f607eb298516_jpg.rf.cab91472eab10dbe2d389b557a45b0a1.jpg,0,0,0,1
oily_new_d67bb739240a6c48f529_jpg.rf.353c3597e5ada20939bdfc255a93c835.jpg,0,0,0,1
normal_bda5b26d17df093930d3_jpg.rf.51b98e32e9eae199a0a231107638c53e.jpg,0,0,1,0
dry_1f55332514604c83ba14_jpg.rf.2e7142934ba1722acd938e167ab0a0d8.jpg,0,1,0,0
normal_new_4841df3ec6e03b9b4472_jpg.rf.d6a5ab3369b301dfd81a1e4a0459b0e2.jpg,0,0,1,0
oily_157e4dea7576d3502424-Copy_jpg.rf.c66c9e77185992f85eaa0f3d8884254d.jpg,0,0,0,1
dry_28ed5ad73d24f5b7fb69_jpg.rf.b11a25605cd377658d96159fba3186ee.jpg,0,1,0,0
normal_new_612c6ca11f1bc1471b53_jpg.rf.a4abb9321dd4bd0c020c1f27dcb00844.jpg,0,0,1,0
oily_30ed482de9cdef9fe257-Copy_jpg.rf.207045102b040718bcb7e518205e4903.jpg,0,0,0,1
dry_2e146ad87fce1456587f_jpg.rf.fabb562141c455a91e1f6d94e9d753a5.jpg,0,1,0,0
dry_new_314b73918088616fc78b_jpg.rf.1dc30c2226b8dec15ffc667de99a16e0.jpg,0,1,0,0
dry_new_603a5e286c4a716ddf13_jpg.rf.553a00797b459d040e0d729a357b9495.jpg,0,1,0,0
combination_-_1f4f7a6369c105d1c719_jpg.rf.7ba11ef782bca9634a3bf759c60f9688.jpg,1,0,0,0
oily_new_db031754b65348e2ba0f_jpg.rf.f4f0905230754d0dcc09e1d10c86ab8c.jpg,0,0,0,1
dry_new_7f0483de19155116a5ec_jpg.rf.377ca927322e7a1bed36e49806025296.jpg,0,1,0,0
dry_new_652a087f0622a899f4d1_jpg.rf.d5e65404ca9a6af8cbe462379841ab87.jpg,0,1,0,0
dry_28518b0555ef5eeceec9_jpg.rf.19e2ad8590bc1445fb4e9344235990c3.jpg,0,1,0,0
oily_8dd9233c498bd5d0533e-Copy_jpg.rf.97b89e910e0a2e71902e7695fedc740b.jpg,0,0,0,1
normal_73557e2b434e42de169b_jpg.rf.0c2145a08a73d8554f0d915d84255673.jpg,0,0,1,0
oily_9cadddbbecbf9c25ff81-Copy_jpg.rf.f1ede42d7d6ec102359d69c694066448.jpg,0,0,0,1
dry_new_626e604155bc1f3b868c_jpg.rf.ad06416c9831415f76030f929aa99c21.jpg,0,1,0,0
dry_2c43ed302a353bb5ddff_jpg.rf.0c41e2bad4442b948510e1b26b0a623a.jpg,0,1,0,0
combination_-_1630d6927725332d79ae_jpg.rf.6a1deb8a8097b1b583f066e3809763de.jpg,1,0,0,0
oily_new_2e0e0f3bda16dc9f2867_jpg.rf.b0b9aa5f05f5202b8a4ac1b49324d720.jpg,0,0,0,1
oily_new_cf0fcd52c1223ad115db_jpg.rf.187b53531c48c43ade1b8e900fe77bcd.jpg,0,0,0,1
combination_-_470953de6aa655f4fe79_jpg.rf.6ada3d82e7cb3c62be8701a5e9de2b4e.jpg,1,0,0,0
normal_new_3f7683e7fa8694272ae7_jpg.rf.ff858639460b093e7edaf7e170828304.jpg,0,0,1,0
oily_a8cac3505a92ed80a1b3_jpg.rf.0e879030f0247268aedb67ebc196e024.jpg,0,0,0,1
combination_-_52ade210840c93222309_jpg.rf.f58650b2a0ff745ab31f69576a6585c1.jpg,1,0,0,0
oily_new_c87083cc39d391b101b4_jpg.rf.99062b0b844a0e6fe0dbc49615b0ba47.jpg,0,0,0,1
dry_new_389cae986fcb438ab47f_jpg.rf.f50e87ddb7fa6434aff083a01e56e0eb.jpg,0,1,0,0
dry_new_68a0394b89915f31faf4_jpg.rf.c58b48c3af0d25a840a421e2858163fc.jpg,0,1,0,0
oily_new_d532db664a812db9a58b_jpg.rf.52663aa46e3623627997a39a8f748af0.jpg,0,0,0,1
dry_new_66296345fa95eef88974_jpg.rf.58e0429bae4afa1c8f499f917cfcab5f.jpg,0,1,0,0
oily_c392cc836eba0b4108a7_jpg.rf.9fcd44f98591134b8e275db91352de83.jpg,0,0,0,1
combination_-_0bc5ca1194a13cfd7b9a_jpg.rf.cdacbf28f49e09628ac3932cedb75aa1.jpg,1,0,0,0
dry_new_26f9e535baaaa884ab77_jpg.rf.8439274d87681a99d4347b45d1d02742.jpg,0,1,0,0
oily_bd2ce005a0888ff4b390_jpg.rf.6affee7cb21cf56994bd50ffa64fefcb.jpg,0,0,0,1
normal_4dd9029879ca290f3652_jpg.rf.27d7ec3efc996a896db9765a0fa8cea4.jpg,0,0,1,0
normal_5b626497d5584e6934f7_jpg.rf.caff978ebd508474d22b558b52b0b5c7.jpg,0,0,1,0
combination_-_00554fe9c8655bcc80a2_jpg.rf.58b2c6924881ac5ccfbb1d3ff9fc3ec6.jpg,1,0,0,0
oily_new_d67bb739240a6c48f529_jpg.rf.28241bccdf1bc1752d7b56bbb70d457b.jpg,0,0,0,1
dry_new_314b73918088616fc78b_jpg.rf.ae1c2c8c1c277b7899afe77eea5f6242.jpg,0,1,0,0
combination_-_1768fe7ffa3fab052704_jpg.rf.dca4b9551fbb21e8bfc6f3ed1465ba69.jpg,1,0,0,0
oily_90f7a465fd6a20c63d52-Copy_jpg.rf.ea9e37e9b560f9671a25516d8f78a0c8.jpg,0,0,0,1
oily_new_dbc7e24ff9fddfd95bcd_jpg.rf.53f79baa0848073572ecb554aec844dc.jpg,0,0,0,1
combination_-_1e392d0a8129fd9894e7_jpg.rf.f6f3062305c753cc98ff28270bdc1963.jpg,1,0,0,0
combination_-_02d714d2f896af17f379_jpg.rf.52ea76ad081dc999c338d2f64cd6233e.jpg,1,0,0,0
oily_new_db031754b65348e2ba0f_jpg.rf.67d017bc2bafba6ea7ea9e9016b89c85.jpg,0,0,0,1
dry_31dc5805e43b23d34f97_jpg.rf.54015b7e039d72af6cefa44ed45c3148.jpg,0,1,0,0
oily_new_ceeb19a980dc9358a64e_jpg.rf.8178015d41796557bcd35772e43e051c.jpg,0,0,0,1
oily_2a1b7caf0095ebe6658e-Copy_jpg.rf.427e765279205aa7abb4aac1f5cb6e58.jpg,0,0,0,1
dry_new_652a087f0622a899f4d1_jpg.rf.323ecba5dd775d51f231f03e9c0c9b74.jpg,0,1,0,0
oily_c11e53c6e3595bfab5a7_jpg.rf.eaa29f61548fa08cd5a377ed2c6c98e4.jpg,0,0,0,1
oily_new_ce294a43bc6b4427a15a_jpg.rf.fa1a6ced1f0c5b758fbd3fb57319e3d8.jpg,0,0,0,1
combination_-_470953de6aa655f4fe79_jpg.rf.0f01450f71640cc0e6ad38b3d505b3d1.jpg,1,0,0,0
oily_new_cf0fcd52c1223ad115db_jpg.rf.ae087a9c3f61ae421fb6c1c37510d4df.jpg,0,0,0,1
oily_a8cac3505a92ed80a1b3_jpg.rf.f5dd573ac98dc7d9ed348c484f77ec0d.jpg,0,0,0,1
normal_new_50fa8991afb8f249a39c_jpg.rf.e8b6cc55d9dc831578878899efc333d7.jpg,0,0,1,0
dry_new_2a4892b26c51419bc89a_jpg.rf.fec44cf0f115d0df0208b22c345670e5.jpg,0,1,0,0
combination_-_470953de6aa655f4fe79_jpg.rf.19e5631fe8684893f709bec52dfdea2a.jpg,1,0,0,0
oily_new_dc24c021409042933cfa_jpg.rf.fc2cf94a8fe0032286221286cff0a104.jpg,0,0,0,1
oily_919663e06b624737aa6a_jpg.rf.205a82d20d83a78ab9f1892650957709.jpg,0,0,0,1
dry_new_58ed1b8418d327b01168_jpg.rf.0d0702ebd303b4fc28c042379c29ccd5.jpg,0,1,0,0
dry_new_7b3ccbeadcb58321fc5a_jpg.rf.c88c8c067c790d95e9f997acbd1607ae.jpg,0,1,0,0
dry_30864bfb2652861394ad_jpg.rf.bb3bbe82ef03f53380f293115e014161.jpg,0,1,0,0
dry_new_66296345fa95eef88974_jpg.rf.995f0751c171a79d048b7f1b5409a224.jpg,0,1,0,0
normal_5db2cb8cae559419e425_jpg.rf.eebf10496d310aa89ec791afb2ed6df7.jpg,0,0,1,0
combination_-_0ee49c61b5d7077a7320_jpg.rf.f892c0eb55b451ef89ec0547a4366c78.jpg,1,0,0,0
normal_new_6817542b8e5374ccef6c_jpg.rf.0a02a774c4bf9e90650f1e082a980665.jpg,0,0,1,0
normal_new_40d1aee40b093e83b16c_jpg.rf.bf7a06a5a2c067cfe0fa664ecd0a5626.jpg,0,0,1,0
combination_-_062c80f36a0f7484d2f0_jpg.rf.a21b2fc64467168054e92210c9475288.jpg,1,0,0,0
normal_new_3a9aef121f54bea1361b_jpg.rf.15a93d7b411ded4b2c91ae6a183e80c3.jpg,0,0,1,0
oily_new_9a0e986edfee444798ec_jpg.rf.67729e15d4022f60660db4345a728c5f.jpg,0,0,0,1
combination_-_1ab5aa9d9e4453f71811_jpg.rf.2d8bb7dc3af914946e7d1d9557b08e50.jpg,1,0,0,0
dry_3260661cf07d2a359135_jpg.rf.d6bc3db1daa61f8247c5dd62c018be87.jpg,0,1,0,0
oily_2239669500aee2fce5be_jpg.rf.8029a3b837d9a40d792c5f4b75061ad7.jpg,0,0,0,1
combination_-_018efac25551bffcc29b_jpg.rf.e2e5befffbe978c5fcd1368922c7611a.jpg,1,0,0,0
oily_90f7a465fd6a20c63d52-Copy_jpg.rf.f8505cc97f5693394db1a357c2359529.jpg,0,0,0,1
oily_2a1b7caf0095ebe6658e-Copy_jpg.rf.6f20300a7f06c97e175a9f00b0dd6e9e.jpg,0,0,0,1
dry_2e146ad87fce1456587f_jpg.rf.e4e9d4f3e8c7079ecd8d2fc255caa28d.jpg,0,1,0,0
oily_9fd7382c20e1e7bc5bf6-Copy_jpg.rf.653e21738e42b98e92b28823d42034b9.jpg,0,0,0,1
normal_7c7f872e38b71e818f79_jpg.rf.9decf96af40a92d35e7c5fcd0e54fff4.jpg,0,0,1,0
combination_-_46a2fef2ebeb638f066c_jpg.rf.ee74df7e1b9030e6014c36f9bb4ffa01.jpg,1,0,0,0
oily_bd2ce005a0888ff4b390_jpg.rf.5f7d8e0f6e0601c2839ed61b755ed40b.jpg,0,0,0,1
oily_new_cf17ce0216025f36c112_jpg.rf.81c392a246f8d0b08b4170b372cb6dc6.jpg,0,0,0,1
oily_919663e06b624737aa6a_jpg.rf.0badde8ea83ce482364a58500f38b06d.jpg,0,0,0,1
combination_-_16d06db206b821a754a4_jpg.rf.2d6cbe40d26e7b2e618b6b8b04256c40.jpg,1,0,0,0
oily_new_4252a3be69a3a79e6189_jpg.rf.12617a23b60c110c3052419e79444048.jpg,0,0,0,1
dry_new_5b7d30440eab2e9c4cb5_jpg.rf.bbe5d80782550f7541921098d70ae717.jpg,0,1,0,0
oily_new_cfc0c3668500e057b598_jpg.rf.1502670030d1797c6de33c87b190a4da.jpg,0,0,0,1
oily_cf12c7ef95642afe5718_jpg.rf.b23a6153f3f6d06d10b1060498f11c84.jpg,0,0,0,1
dry_new_58a9c8b29a7717d5b9d7_jpg.rf.566f0957b56b7397311b4bcd9ccd8768.jpg,0,1,0,0
oily_new_cf17ce0216025f36c112_jpg.rf.94d26ae7f227bdc0c2a353a7751feb98.jpg,0,0,0,1
normal_395d1bf0d8df796280dd_jpg.rf.0049d96732848044e57f4aed657063ac.jpg,0,0,1,0
dry_39d101c3cfe6b57e9988_jpg.rf.871e5cf76e60a71cf4835dd940000806.jpg,0,1,0,0
dry_37d136436bc72a7af32b_jpg.rf.5787b68c470e86131fedaacf896f0d4f.jpg,0,1,0,0
dry_new_3ad612875b4d38776ba5_jpg.rf.1f67f4690092fa0a5e094bb6b357d1cc.jpg,0,1,0,0
dry_new_742040d9aee6db1e9820_jpg.rf.6dce0646d4ecdb6a71a87de01ca3824a.jpg,0,1,0,0
oily_9e898820f79dbb5abecb-Copy_jpg.rf.582eb387c37b55d8f8d6ddb669f47802.jpg,0,0,0,1
oily_919663e06b624737aa6a_jpg.rf.5a2d7ac9463659b81a55d0bf80b8f4c0.jpg,0,0,0,1
normal_new_67d55bf13c24b1c824c1_jpg.rf.07034d14fa81b601ba7006e1bc09f2db.jpg,0,0,1,0
oily_new_dce86e1177c8dc2a7769_jpg.rf.50f9d92985804f9e85488f458b0e0100.jpg,0,0,0,1
oily_bc7421ba9af3081971f9_jpg.rf.fc13881d1fb23d5ebf22400aeacaaefb.jpg,0,0,0,1
oily_new_b3104f9f3ebbf005e811_jpg.rf.27693757c0c6ec442bc6f16676c8c999.jpg,0,0,0,1
dry_new_58a9c8b29a7717d5b9d7_jpg.rf.086e16e5f738ea29136383ad7966bc6f.jpg,0,1,0,0
oily_8dd9233c498bd5d0533e-Copy_jpg.rf.b3e35f96560876374d0cdcc45dcd961c.jpg,0,0,0,1
normal_bd481c683c08a6f47c93_jpg.rf.4735f163ed15c83fe6a29c0f6da17942.jpg,0,0,1,0
dry_new_3916564209d7719df84c_jpg.rf.b30a6de917c5658fcdfe924a776b17d3.jpg,0,1,0,0
oily_new_a0402f5ea83540e89b97_jpg.rf.2ff69effbb70c7c0944fa394d1ecef43.jpg,0,0,0,1
normal_new_4ff587194fe1f98363c1_jpg.rf.83a6633a51783b8d13cdcaef0701869e.jpg,0,0,1,0
combination_-_521daea6361ad117d09e_jpg.rf.c1ebfd3fe92cd5dba59bf5e28dea6f7e.jpg,1,0,0,0
oily_new_d9ac51cee2ed4d1ad952_jpg.rf.d1134b0c2793faef0542b317d42a6d99.jpg,0,0,0,1
oily_24d08ed2b8ccac9d7643-Copy_jpg.rf.b6a7d83d6bb127656883706c42f37f15.jpg,0,0,0,1
dry_new_322b4d73f67831a42bb3_jpg.rf.fa7315bae6b2ddf884ef1461102789d7.jpg,0,1,0,0
dry_346476f57aeed2b4074f_jpg.rf.7ec680141a0c05fa615836029bea4671.jpg,0,1,0,0
oily_285f866bedc8a399e435-Copy_jpg.rf.44590c02ee1b36bed67bf65d9c7f615f.jpg,0,0,0,1
oily_new_cfc0c3668500e057b598_jpg.rf.8d404123d0038c0d892ceab5c65d6760.jpg,0,0,0,1
oily_288bba0facf1ac7da152-Copy_jpg.rf.d00ed91f6cb00fa9c93f4b62d36f7009.jpg,0,0,0,1
oily_new_cf87f127ebe281a60a45_jpg.rf.d7a5f397b960a3d1a7df9e79a944588e.jpg,0,0,0,1
oily_becf62854f4ab78c56ae_jpg.rf.177c14183955cddc8718b7e3242a0db3.jpg,0,0,0,1
dry_26175c7d05e99f703b8c_jpg.rf.be336daf6ba740680758ebe2d53c850e.jpg,0,1,0,0
oily_b682812ac5e6d92232ea_jpg.rf.f88be1944cf7fbd0eac0108056e9596a.jpg,0,0,0,1
oily_16ee8079dd45e929ea95-Copy_jpg.rf.f61d6350edb7a7cd98d109b63ab4df81.jpg,0,0,0,1
combination_-_04f6e14e6e05e374978e_jpg.rf.09cb1f28fad9f63566b6b4a03a468b7e.jpg,1,0,0,0
combination_-_1f4f7a6369c105d1c719_jpg.rf.bc6f7108e70fe9422eed900d22efa58b.jpg,1,0,0,0
normal_new_606d1ea4beefb145971f_jpg.rf.c19cfdc20f85e93c55b94ca2fc9c0d26.jpg,0,0,1,0
dry_new_42c2581dda359661d382_jpg.rf.37486ce52e40e8faf146f3d2ba108bbd.jpg,0,1,0,0
normal_c13a583fe32d851c6dfc_jpg.rf.e174e861a4c6357cde464d7909a300b1.jpg,0,0,1,0
oily_new_c99c836cf1402517fe29_jpg.rf.a3fe333f7f39ace8b4d05f634384c659.jpg,0,0,0,1
normal_new_5227657998f8fb6a8967_jpg.rf.073748f020b2cbb91a94830b4bf123f4.jpg,0,0,1,0
oily_32f8b095bbecc51c94ac-Copy_jpg.rf.52f797372202189762e0a2bab5f9ed11.jpg,0,0,0,1
normal_c06958ded36667fda5b5_jpg.rf.02e6d9df88b23366fea447e18612f6cd.jpg,0,0,1,0
dry_new_45ae8893c47e781be2f8_jpg.rf.95dfaa96b138ef5261883d0ec382487b.jpg,0,1,0,0
normal_389351d8800fa5f2ad15_jpg.rf.9b52457975cf219bc960f8360c84a9b9.jpg,0,0,1,0
oily_new_c5e0903ff22351b97d32_jpg.rf.aacd3c4d06205bb0a99f67d9258742e2.jpg,0,0,0,1
oily_new_c66da0a6c580a667b58d_jpg.rf.5ed97a98d65a97c6d6e5ad82daf2a113.jpg,0,0,0,1
oily_2239669500aee2fce5be_jpg.rf.fda6084e053220ccf8865b4154a2af34.jpg,0,0,0,1
normal_7c7f872e38b71e818f79_jpg.rf.91cdc6b2f4a6ebfd860f58cce495276f.jpg,0,0,1,0
normal_new_5fbe385e0a3f5e14abb4_jpg.rf.ebb64d29cd79accb3859da407a970320.jpg,0,0,1,0
dry_37d7c7bd92be29df6dea_jpg.rf.097a9aa9ba7e0b26690e3a3529778792.jpg,0,1,0,0
normal_c07ed8368fa0067dc0bb_jpg.rf.659d29ed9a4a4644c5fe4b255ec3b85d.jpg,0,0,1,0
oily_cf0d6fdde3c32affaffc_jpg.rf.781471a5fb06c0a1026ef3d3db5b7efb.jpg,0,0,0,1
dry_new_3e272674d4fc2521b882_jpg.rf.9edb4e0fdec910d5348188004159e51a.jpg,0,1,0,0
oily_cf0d6fdde3c32affaffc_jpg.rf.68e69a1cde865f0fe72a7f1bb07b2569.jpg,0,0,0,1
normal_new_569f79bb2a66a95b0faf_jpg.rf.fda4caed27f9cecd4121eb9b9ca0cee7.jpg,0,0,1,0
combination_-_20cbdd782645dee899b8_jpg.rf.1a345bfa511194181e2da465372933a0.jpg,1,0,0,0
dry_new_389cae986fcb438ab47f_jpg.rf.c339c036e4ac771cb8d8cfe83f6d6128.jpg,0,1,0,0
combination_-_022e9480e895004ac3d1_jpg.rf.dcbe70ec0d4af712f974917671a5dc92.jpg,1,0,0,0
oily_new_c34c80b7486834a3e2f1_jpg.rf.475f3ee7dcfa5d690b9c818bcd4135a1.jpg,0,0,0,1
combination_-_1630d6927725332d79ae_jpg.rf.3f9435d0fc2ef5f5c4f0bf2664d16c23.jpg,1,0,0,0
oily_new_cfc0c3668500e057b598_jpg.rf.7b6b9888a83b89f98e516a46d77ad007.jpg,0,0,0,1
oily_new_c2843a92cdb47dbe3f9d_jpg.rf.4f40a9b7b6cd54d81ab1a9d770bc32c0.jpg,0,0,0,1
dry_new_767cd6fefa5934089e94_jpg.rf.2c6e55589c61c0e4d0b1cd6cf39f78f7.jpg,0,1,0,0
dry_new_353d9b7e73d03dfdff87_jpg.rf.cbab5111968403300b696c621e7b3e32.jpg,0,1,0,0
oily_24db908fd824a566526a-Copy_jpg.rf.0bd0d585d53b7b9187ca47d2e32ee53a.jpg,0,0,0,1
oily_new_dd2bd0345075c22f1cc6_jpg.rf.0ec0545705a297e75da1a366bb8b11af.jpg,0,0,0,1
normal_bb4f2d5f603fc1249929_jpg.rf.a9d9238c977e4d1e6cb9b1b9ad2d7083.jpg,0,0,1,0
dry_new_2dcc40ff0a72824e8243_jpg.rf.2a7b0f5d63c9c4f4c3228e3471c01883.jpg,0,1,0,0
oily_cac973b3263075974cbc_jpg.rf.427ae63c039498a28eb281f9b011cbf9.jpg,0,0,0,1
oily_new_cf5299f3a6cf3eac4e28_jpg.rf.daf69a52a57a22994b876c70ad109003.jpg,0,0,0,1
dry_37d7c7bd92be29df6dea_jpg.rf.02ea3648d846c8476094488ad539bb57.jpg,0,1,0,0
dry_new_58ed1b8418d327b01168_jpg.rf.645c01d27c2733b1e62f363768e610de.jpg,0,1,0,0
normal_new_56ef66bbff36af15a5d4_jpg.rf.eae6011ca93bddccc6af2af5d6c6d1bc.jpg,0,0,1,0
combination_-_20cbdd782645dee899b8_jpg.rf.0e12bb05217f4d49595561853aea47c9.jpg,1,0,0,0
combination_-_0b1a47e9eaa155a8b8db_jpg.rf.c643fe1595906ac9e8dfc55f2b8ddeb3.jpg,1,0,0,0
oily_new_c5e0903ff22351b97d32_jpg.rf.9438486f48872e9a6647fe7a06501be8.jpg,0,0,0,1
dry_new_7f7a4504b984c3a75c96_jpg.rf.83082ec76c4818a24e888a9f47c687d2.jpg,0,1,0,0
dry_new_dc9bfecafa345150460d_jpg.rf.ab8910b1753a06cfcf9c320f00367a59.jpg,0,1,0,0
normal_new_63fc2bbac73692d021fb_jpg.rf.35e2f0945c352caad1fdd7987c908c4b.jpg,0,0,1,0
combination_-_1ab5aa9d9e4453f71811_jpg.rf.a85ad12e64309fdfb2058fa5eae0e324.jpg,1,0,0,0
oily_new_cf3363c5ef237d3b677f_jpg.rf.d231b6db4d20d1edd8a815e66263628e.jpg,0,0,0,1
dry_new_2bddd78fa22d16a19699_jpg.rf.8d3cd166828d6efd3123bb0a135f75d8.jpg,0,1,0,0
combination_-_474678d38cafb882d21b_jpg.rf.ad33f98d4253e39a5ad5b367cd26ca02.jpg,1,0,0,0
dry_new_781360a0c4381d4a7a28_jpg.rf.1ba3300f778a9f3aec699c25cb4eefea.jpg,0,1,0,0
oily_new_dce86e1177c8dc2a7769_jpg.rf.0acf50c227b30b51cf5eeba8230a9fd0.jpg,0,0,0,1
oily_92a41a749815a867a157-Copy_jpg.rf.546955a975dd1d965ce988d2b5122fba.jpg,0,0,0,1
oily_c11e53c6e3595bfab5a7_jpg.rf.8b192f7313b0ed3b50d2a567bf22a866.jpg,0,0,0,1
oily_bd2ce005a0888ff4b390_jpg.rf.3a742bea1c40f245e794b19092c13029.jpg,0,0,0,1
dry_new_dc9bfecafa345150460d_jpg.rf.b2542864c1083f1c4f2b3c77010e21bf.jpg,0,1,0,0
normal_new_50fa8991afb8f249a39c_jpg.rf.37592d8aefdfc01bd308b2532ce1d056.jpg,0,0,1,0
dry_37d7c7bd92be29df6dea_jpg.rf.0bd810193afe23756098c4fe7ac3336b.jpg,0,1,0,0
oily_new_dd2bd0345075c22f1cc6_jpg.rf.129b52a26c65c2b6d58b7d19016291b2.jpg,0,0,0,1
dry_37d136436bc72a7af32b_jpg.rf.203348ee1475d229dc06fca5c26f849d.jpg,0,1,0,0
dry_new_45ae8893c47e781be2f8_jpg.rf.3836f17758e8c2f94b5ff6ff9655e377.jpg,0,1,0,0
normal_new_62648318406b91b7d79a_jpg.rf.f355ddaa950989fc0928d1b8df93b6c6.jpg,0,0,1,0
oily_27e6c317dd364370ac36-Copy_jpg.rf.b3bebd8ea3c9a2f449c28c5cecd65162.jpg,0,0,0,1
dry_new_3f50ac6736bc39c87de8_jpg.rf.a72f96a077bd5c29c18ad8d314bcdd19.jpg,0,1,0,0
dry_new_2bddd78fa22d16a19699_jpg.rf.98864f4b809d22b476f97093003221cb.jpg,0,1,0,0
oily_24db908fd824a566526a-Copy_jpg.rf.68f9ffe3b96a36888250a652a045d040.jpg,0,0,0,1
combination_-_0bc5ca1194a13cfd7b9a_jpg.rf.d38746ec341bda3bee8ee83acfc07e05.jpg,1,0,0,0
normal_new_5227657998f8fb6a8967_jpg.rf.9eebf57289d319242fd5e195fbe1781f.jpg,0,0,1,0
dry_370a934b88971b9ffee9_jpg.rf.9603239de3bcbdd719d8df5bfe5c0d51.jpg,0,1,0,0
normal_389351d8800fa5f2ad15_jpg.rf.eb1fdcfddec34f2fdacb1a04d8c8b07c.jpg,0,0,1,0
oily_new_c4785e578e08cdbb7232_jpg.rf.2f6e9ed1fe8d7f4d028208b695fe8977.jpg,0,0,0,1
oily_ffefb613dd6a94820a82_jpg.rf.1c986c7dd099517bc9ee062ab7294e58.jpg,0,0,0,1
dry_new_304f2b10f7620ed96c50_jpg.rf.26c3a78ecc630fe8b698ae5532779ac8.jpg,0,1,0,0
combination_-_232d032397ded0ada729_jpg.rf.187b94c2bd1eb2e730ac00cf10241b9d.jpg,1,0,0,0
oily_new_c4785e578e08cdbb7232_jpg.rf.2645df65892193d713d1412b8de9fa38.jpg,0,0,0,1
normal_395d1bf0d8df796280dd_jpg.rf.ef5acc8adb7db1141a67a02fdd474a02.jpg,0,0,1,0
normal_c35e8cd457b0201dc14e_jpg.rf.6e161a7b3cd08191a59234b849d1b8a5.jpg,0,0,1,0
oily_new_dce86e1177c8dc2a7769_jpg.rf.0adecd41469617456932759884722b48.jpg,0,0,0,1
combination_-_4aff4138367841f5e5ae_jpg.rf.84f94df8fccf83cfcf01bdf48a768d3d.jpg,1,0,0,0
normal_new_43f806d087fe1c5c7d98_jpg.rf.212a1aeaacbf5ca83774500fb874c4de.jpg,0,0,1,0
normal_73f240a2b213ce4058ab_jpg.rf.75aa3ef487330bdbfcf1668847656d34.jpg,0,0,1,0
normal_4d114b6d07dc2bec6c32_jpg.rf.3e7d2dfcb39d1afebc29f1e15807d85c.jpg,0,0,1,0
combination_-_03eaed49789836b35054_jpg.rf.9b84075021f148be277bfd82dfddf782.jpg,1,0,0,0
normal_bcdf8633e71ef6c498ae_jpg.rf.e7742af736884bd1c16080aa80b0f48f.jpg,0,0,1,0
normal_4d114b6d07dc2bec6c32_jpg.rf.72f6221439aa725a2c0607306458edfb.jpg,0,0,1,0
combination_-_52e0e01835cc82286c82_jpg.rf.5ff1ac42216e8bd006d153c832c3cdfe.jpg,1,0,0,0
normal_c06958ded36667fda5b5_jpg.rf.7e0f4bbf1b14abb9059d39a9f452d32b.jpg,0,0,1,0
oily_c6a4c3ee2287d0683c9a_jpg.rf.0ff9105410fb91150b9dc4817ae7872f.jpg,0,0,0,1
oily_37111b6f26848bd7803e_jpg.rf.55b7f6c2e84b467c4d8d77aaeac6c5f2.jpg,0,0,0,1
combination_-_4992ffac73c373ce321f_jpg.rf.5bb4a45fa7dc5840ba17d109f46b5a6c.jpg,1,0,0,0
dry_new_58939ae79285792df739_jpg.rf.5221a17f8912f75c16fda7de3d417fac.jpg,0,1,0,0
combination_-_474678d38cafb882d21b_jpg.rf.c8352f1268df00368b63fb7e54f8a3d6.jpg,1,0,0,0
oily_new_5b817a77d814dfbb6d9a_jpg.rf.f0812b69a5aa84575d9c754791aac426.jpg,0,0,0,1
oily_c11e53c6e3595bfab5a7_jpg.rf.7b5b03139155ef6073e38e3f30f68142.jpg,0,0,0,1
normal_395d1bf0d8df796280dd_jpg.rf.020a62da3451aeda0e1c696a8009ac5a.jpg,0,0,1,0
dry_new_73557e2b434e42de169b_jpg.rf.0bf0c48c0500bf5d4f4efc2eca19208d.jpg,0,1,0,0
combination_-_0ee49c61b5d7077a7320_jpg.rf.43164e91a2320a6c1519c8315ff62381.jpg,1,0,0,0
normal_bb2f7ae7c989534cdb84_jpg.rf.0f7390da0ee72ea212b5598f01925c59.jpg,0,0,1,0
oily_288bba0facf1ac7da152-Copy_jpg.rf.87cee17ef5f482bb2441469b04a2f8fa.jpg,0,0,0,1
dry_new_3e71336df6cc38f22455_jpg.rf.d2710108c267b0f4281fa51f84de982a.jpg,0,1,0,0
normal_new_622d0e878e2bfe41ee88_jpg.rf.5f90f65dda01c86246ab3c80bbe941f2.jpg,0,0,1,0
oily_new_ccbdd0432176d2553eaf_jpg.rf.71ba8424a5f310d5cdb68fbc7cde43c6.jpg,0,0,0,1
oily_2305f05613dbc8dd6b1d-Copy_jpg.rf.e4d2850e69f8b6a8470b7aeedbe87ba2.jpg,0,0,0,1
oily_37111b6f26848bd7803e_jpg.rf.8e809d12da65eeac6ac5e1e1a9866bd7.jpg,0,0,0,1
dry_new_57751d11b1b9267def08_jpg.rf.85e760b854e4cc1ad5154ca693d3913a.jpg,0,1,0,0
dry_new_322b4d73f67831a42bb3_jpg.rf.bb187200089abd18989a9b5bdd6df704.jpg,0,1,0,0
oily_36c5d08d77509e6853a8-Copy_jpg.rf.6e660c8d5da76df9d4be5df934074778.jpg,0,0,0,1
normal_bcdf8633e71ef6c498ae_jpg.rf.9e3e3a56ddab6fda9bc34518edbbfb08.jpg,0,0,1,0
oily_cac973b3263075974cbc_jpg.rf.35bcc2a20d46b38295d1231b90be113e.jpg,0,0,0,1
dry_new_3c5828aa56792df3ca6b_jpg.rf.4fd11f027b37d32f0beff5d2fc20f959.jpg,0,1,0,0
oily_new_cfecf350f8eca402121d_jpg.rf.fd8c10e89487307abd052956719508c9.jpg,0,0,0,1
dry_36f345ab7701ec91d330_jpg.rf.5d1222b1c536d08ff8dcb4829b6173af.jpg,0,1,0,0
normal_395d1bf0d8df796280dd_jpg.rf.a58c3e8c2887e189d0c9120f8cc5bd35.jpg,0,0,1,0
dry_new_3afa25b1fef6da425dd4_jpg.rf.edf04064c1ce3c76e7099d5c86891ad6.jpg,0,1,0,0
combination_-_201b7e7150236e27420c_jpg.rf.67a31a081beb21d3c4cfa5be039964c1.jpg,1,0,0,0
oily_new_2cdb581b88b7e8fd4441_jpg.rf.2c40135105710c643ba0880753403da7.jpg,0,0,0,1
dry_new_5ba28cd522f254fd98c2_jpg.rf.dcc14ecaacdbf0c9c80fefd121fadad5.jpg,0,1,0,0
normal_98257f981d1e9bd04395_jpg.rf.7e9f1fa2b15c9dfeffbd5847e8082b4c.jpg,0,0,1,0
normal_bf13648450f11b89968f_jpg.rf.585f5d620e6d80dba2bdc238df3a6f17.jpg,0,0,1,0
combination_-_4aff4138367841f5e5ae_jpg.rf.6fd6352bf659d5b2c7705f4477fe7d0f.jpg,1,0,0,0
normal_63627fb9ede3ae725326_jpg.rf.3269daec29ccce4f17a125f9b569ba51.jpg,0,0,1,0
oily_new_cff9b8a4ecfd3a63ff95_jpg.rf.86284540df2cca349041846c389fbbce.jpg,0,0,0,1
combination_-_0ff3730d63d8a6fd4d66_jpg.rf.a6249cc55879a301e5e2ac07fe936f3c.jpg,1,0,0,0
oily_2a1b7caf0095ebe6658e-Copy_jpg.rf.3159715df879cb0cded29a6472850827.jpg,0,0,0,1
oily_23c3f763dad8eee143f2-Copy_jpg.rf.94e224faa5e6e902254721494b3c4b88.jpg,0,0,0,1
combination_-_1f4f7a6369c105d1c719_jpg.rf.4d9889f00bc62535dbbe661b15932694.jpg,1,0,0,0
oily_32f8b095bbecc51c94ac-Copy_jpg.rf.02e50a8d30a58d4f6b30a04242903bfe.jpg,0,0,0,1
combination_-_232d032397ded0ada729_jpg.rf.755cab4f8cc823b34cb67ce68f0a8f9d.jpg,1,0,0,0
normal_5e7f3a2b459834070ba1_jpg.rf.c2f32d32eb330731f13cb8ae6e6d9317.jpg,0,0,1,0
oily_new_5c8dff33971574a2fc76_jpg.rf.2bc8c1eef2781a798165e0458010b81f.jpg,0,0,0,1
dry_new_73643e9e44f7dcf2a775_jpg.rf.915ce76d81ccda6b257843927b4562cc.jpg,0,1,0,0
oily_new_c6245638102f8864c875_jpg.rf.96e047a113402593e41ee6071a371987.jpg,0,0,0,1
oily_cac973b3263075974cbc_jpg.rf.bfc4a86daf4663c7fcda0526c7cb09ab.jpg,0,0,0,1
normal_9928d7c6d35783e5e302_jpg.rf.5aa2546433e253f96e0a2d8218edcbdc.jpg,0,0,1,0
oily_5aa6e0aa1ea3dfc1bbe3-Copy_jpg.rf.905bbade2a8ddaa24688608e595e3fb3.jpg,0,0,0,1
oily_24db908fd824a566526a-Copy_jpg.rf.a24ab1816648dd5dab69f8925ba28515.jpg,0,0,0,1
dry_new_2dcc40ff0a72824e8243_jpg.rf.b1e7a769537477cb55b5fb3b2ec9cbf8.jpg,0,1,0,0
combination_-_8a0a8ffb17a23ca292cc_jpg.rf.bae1cf8faae597ea470cc4c12e29abc8.jpg,1,0,0,0
oily_new_c99c836cf1402517fe29_jpg.rf.75fff1a032fe787b5c2a79e285dca24c.jpg,0,0,0,1
oily_new_ccbdb426869408169e65_jpg.rf.34bc3b554f5846dff9048389c934f466.jpg,0,0,0,1
dry_new_707d2e8817bf5081bf33_jpg.rf.b0ede18f8373fdcee29167ac9fe23ecb.jpg,0,1,0,0
oily_a04f2c5dcd09745ba83c_jpg.rf.640f1d585f85b7215b636b706ba65cb0.jpg,0,0,0,1
dry_new_3f50ac6736bc39c87de8_jpg.rf.bab274f17dda21d84027dec36339b459.jpg,0,1,0,0
combination_-_0ff3730d63d8a6fd4d66_jpg.rf.408c446182981e065483dee32af6f930.jpg,1,0,0,0
dry_new_2fd3aad955e9092d3960_jpg.rf.29e0b9778da12c53923aa9c3b5c20448.jpg,0,1,0,0
dry_new_73557e2b434e42de169b_jpg.rf.6fd73735f675a16814e90e8dd802551c.jpg,0,1,0,0
dry_new_3afa25b1fef6da425dd4_jpg.rf.cb347fee651709c3c9f5c0d13be40597.jpg,0,1,0,0
normal_5fbe385e0a3f5e14abb4_jpg.rf.3aad8a99e7b804eab00bcc46fc3208e9.jpg,0,0,1,0
combination_-_52e0e01835cc82286c82_jpg.rf.d03fd1672bb45566c51ff0c9cf197835.jpg,1,0,0,0
dry_new_42c2581dda359661d382_jpg.rf.f57d227f34b7defac7eeeedefa6e974e.jpg,0,1,0,0
normal_39a5a0a01f958ee678f7_jpg.rf.0cec650a42885b206d19c32fb4432060.jpg,0,0,1,0
dry_new_34184db3a07a8c3310d5_jpg.rf.cb9032f8e01a7049aebc6b53ef9eb226.jpg,0,1,0,0
normal_9fbc4734bf5228cab775_jpg.rf.00ee5ca5c89d51190754d68c5d3a61bf.jpg,0,0,1,0
dry_new_40198643ecd73d3c1816_jpg.rf.e89ed8a1abddfaf8bfb59e857a434c75.jpg,0,1,0,0
normal_new_6495dcf2411ef391a7a1_jpg.rf.054028a2a58c7b58b0e1271ae04df9f3.jpg,0,0,1,0
oily_3c50a762c75621e99c88-Copy_jpg.rf.3bdf72825d86c9f3e11a60679e1f0b12.jpg,0,0,0,1
oily_a04f2c5dcd09745ba83c_jpg.rf.c518dd3d05f96832ccb5db89f95faa1e.jpg,0,0,0,1
normal_9260278322f4457c4213_jpg.rf.59081338c6eda48cf3606ba6ba68966e.jpg,0,0,1,0
dry_new_4809a4246dd85c57390e_jpg.rf.ad8a367a298778bd3014a7d30fce4fb5.jpg,0,1,0,0
oily_new_dd3fe54b45e917310da1_jpg.rf.8834c0dae7344fbe19f97f41b9aef36e.jpg,0,0,0,1
normal_5fbe385e0a3f5e14abb4_jpg.rf.834dc42a381b3688b63db0e813b72ef2.jpg,0,0,1,0
dry_new_49b4af69b50043af6483_jpg.rf.8549050c4f02e6f9a9041a6b840e93ff.jpg,0,1,0,0
normal_94909a2a072fef7cb269_jpg.rf.69e9640bc6d95a65acf272fd5fc40cc9.jpg,0,0,1,0
dry_new_767cd6fefa5934089e94_jpg.rf.7cb764675046d0cc9b177875caec9674.jpg,0,1,0,0
oily_3d282a23605fb4946192-Copy_jpg.rf.b367ed8460abea50c47b04ced7e6ee97.jpg,0,0,0,1
oily_27e6c317dd364370ac36-Copy_jpg.rf.8c30c46d71d8d55e334048cc38707716.jpg,0,0,0,1
oily_becf62854f4ab78c56ae_jpg.rf.6e802087729b909727fb4996b3416798.jpg,0,0,0,1
normal_c06958ded36667fda5b5_jpg.rf.7045705b8cbd8108d44dd4d8b2449b75.jpg,0,0,1,0
oily_new_dd2bd0345075c22f1cc6_jpg.rf.72d16c44ae6c95ffb40eb47fbb163f6b.jpg,0,0,0,1
dry_new_3e272674d4fc2521b882_jpg.rf.5cbaf37f0ffc61a47cfe2846882c7656.jpg,0,1,0,0
normal_60b8d9746776be55dc4c_jpg.rf.b40146b107ee95bf4ab3a5d65ad7a818.jpg,0,0,1,0
oily_new_ccbdb426869408169e65_jpg.rf.7c486db3ce1959a432e3a672faefd6a2.jpg,0,0,0,1
oily_new_2ae88da3c97f07226d5b_jpg.rf.a19fa889cc778a6ba07fa20750858640.jpg,0,0,0,1
oily_new_df0a44d06d70a3a0bf9c_jpg.rf.96677381d68b13356b4a3b91c505b689.jpg,0,0,0,1
dry_new_5bae34929f67ef416245_jpg.rf.b11bbab15768578ea599963b51a42d43.jpg,0,1,0,0
oily_new_76dd4a5e994d065d6f99_jpg.rf.849c119c4f6a09cd20ab195b0ded41c5.jpg,0,0,0,1
combination_-_4aff4138367841f5e5ae_jpg.rf.09cc9d84e126c97f883e67f7e29df5e2.jpg,1,0,0,0
oily_new_0110e7f529fcafd5dc56_jpg.rf.a9dbf3df6026cc38233f2575c78864f0.jpg,0,0,0,1
oily_new_c87083cc39d391b101b4_jpg.rf.09a439c9be803d206b8a313ce67f4313.jpg,0,0,0,1
dry_new_57751d11b1b9267def08_jpg.rf.dcfef55c63a49e9ed7725eb4aac7b032.jpg,0,1,0,0
oily_new_ccbdb426869408169e65_jpg.rf.8a2ae0f27d4ea7e872c710fcf693dba4.jpg,0,0,0,1
combination_-_52fa92a8789d97f98ac3_jpg.rf.3ebf0c70b5a4ae1b2136f906d12f48bd.jpg,1,0,0,0
normal_39a5a0a01f958ee678f7_jpg.rf.151e6c1f145062893524227865db2c01.jpg,0,0,1,0
normal_new_5375088e4861eac3692e_jpg.rf.9d611957fbf300992dcc02400f19b371.jpg,0,0,1,0
dry_new_41880385a5019efe4cd7_jpg.rf.5ffc6d337460ed2559e13241300d7155.jpg,0,1,0,0
normal_new_64cd82ebc2f3dcd50243_jpg.rf.54386dd6034f6cd54a9fc035a9287902.jpg,0,0,1,0
oily_new_c34c80b7486834a3e2f1_jpg.rf.e976f127ea0a3426aa3d808234b9c037.jpg,0,0,0,1
normal_new_53517885bf05b02bebf1_jpg.rf.258ffd70f35df44b2a5fd874bc78b1b8.jpg,0,0,1,0
dry_33a58be539d3b2bc367c_jpg.rf.620e3ae09345572ac84388261a0484a0.jpg,0,1,0,0
oily_new_ddc961e76dcbfd6d78e4_jpg.rf.6591537f61d12891e6bafa42267cfd75.jpg,0,0,0,1
normal_c07ed8368fa0067dc0bb_jpg.rf.8eb5b14c8317467016277e91338e29f6.jpg,0,0,1,0
oily_3c50a762c75621e99c88-Copy_jpg.rf.c861b5657292bb47e0d26534435c75f8.jpg,0,0,0,1
combination_-_29ed4c3a272c2e886e07_jpg.rf.56cf99db8cde072c4bfd44a62c2bab89.jpg,1,0,0,0
normal_5f39dd663660da58c666_jpg.rf.ba3d733e22c3005cd7994656562f783e.jpg,0,0,1,0
combination_-_0ff3730d63d8a6fd4d66_jpg.rf.7c0d5a3948229a720e5e1ab2e0a020bd.jpg,1,0,0,0
combination_-_52e0e01835cc82286c82_jpg.rf.2d0a0b6ad3bf0d7c3257e1b3dfefd17e.jpg,1,0,0,0
oily_new_c4785e578e08cdbb7232_jpg.rf.c456e19972d39c0a8a6a58ad32f725ee.jpg,0,0,0,1
combination_-_0cffc2b612a2bc5cb048_jpg.rf.9440721077366e41e654141810adfb1b.jpg,1,0,0,0
dry_new_3adfd5916871b1d7d33f_jpg.rf.f556b682ff3fd98cead9a9318b29753e.jpg,0,1,0,0
oily_new_dff8dd428d7dedb1d17b_jpg.rf.29d025a6e859848cffb36d508569cd8c.jpg,0,0,0,1
normal_389351d8800fa5f2ad15_jpg.rf.bc44baffd9a1d188eb3d8fd96785966e.jpg,0,0,1,0
oily_cab956597262566cf9fd_jpg.rf.9e27f851434b663da2aeb03f9d48ec20.jpg,0,0,0,1
combination_-_248f09aeb86c552ed765_jpg.rf.15e54a5f8021f856248c4b4fd83b7fde.jpg,1,0,0,0
normal_bda5b26d17df093930d3_jpg.rf.98abeffd365372d789c8eac59a15077c.jpg,0,0,1,0
oily_new_dff8dd428d7dedb1d17b_jpg.rf.d3924648e8e602c1777d4904c48c0536.jpg,0,0,0,1
normal_b72bc763f853e42ad6dd_jpg.rf.849e10548b383f1cf7bf2be6d32d85e8.jpg,0,0,1,0
combination_-_542c0dc441c8522a728c_jpg.rf.bfdafff7f2940b2b658fdc29109ca84f.jpg,1,0,0,0
dry_346476f57aeed2b4074f_jpg.rf.f27dd52e7d692dd4f0f4945fe9683956.jpg,0,1,0,0
oily_new_ddc961e76dcbfd6d78e4_jpg.rf.98d5270a2b4855e9fd85c610f21dc9a0.jpg,0,0,0,1
normal_new_55c9d11b3d38c037f970_jpg.rf.f4f0460c294371648ff602927852c557.jpg,0,0,1,0
oily_3c50a762c75621e99c88-Copy_jpg.rf.70e04bc224e45eac0f9f6c38dc248caf.jpg,0,0,0,1
normal_c13a583fe32d851c6dfc_jpg.rf.7666828061e6ca50640211aa2fa83b74.jpg,0,0,1,0
dry_new_5ba28cd522f254fd98c2_jpg.rf.289ddbcc511cf61da990d509eea3ac4e.jpg,0,1,0,0
normal_cb6328a4c2aae923158b_jpg.rf.d61a54dc54aaa73898be11ab9c6588c5.jpg,0,0,1,0
oily_new_5c245c5f50d6bd6a20fa_jpg.rf.9f0e9108f7f3519cc4c6dde851cf5f72.jpg,0,0,0,1
oily_2ae88da3c97f07226d5b-Copy_jpg.rf.284722beaae9b1132bdc5299c317a09e.jpg,0,0,0,1
combination_-_94e83464ac3e6b57b801_jpg.rf.513c847dc47c3cb0b3d5e7661a60e0a8.jpg,1,0,0,0
dry_3260661cf07d2a359135_jpg.rf.fcda7fa4abf35cdff952943d1087ac37.jpg,0,1,0,0
oily_new_cdb5621e89b47d32bbb6_jpg.rf.82d7cc2979905c61e5b3ad5d83ec367c.jpg,0,0,0,1
oily_new_db1d1db1bc2f2f2d484c_jpg.rf.f1d96e8862e6f98a7653a4cd4d056667.jpg,0,0,0,1
normal_cf0d6fdde3c32affaffc_jpg.rf.609554f24833b145d1f20f554621e46f.jpg,0,0,1,0
oily_9e898820f79dbb5abecb-Copy_jpg.rf.93307651baea181df3aea148eea46124.jpg,0,0,0,1
normal_new_55c9d11b3d38c037f970_jpg.rf.85cbdc02907491ab447018d793bcbcdd.jpg,0,0,1,0
normal_bb4f2d5f603fc1249929_jpg.rf.a3ef5a673fdfbdf6cc4222a02dcd0ca1.jpg,0,0,1,0
combination_-_248f09aeb86c552ed765_jpg.rf.84cadef7f7bde234f183862c935b0f0b.jpg,1,0,0,0
normal_6168f97dfccf83a30d1d_jpg.rf.a0cd171c2f735642d43b7b0edcf93dc6.jpg,0,0,1,0
combination_-_8aa34aa87038481a893c_jpg.rf.5b4c45f3f06256dbf2add08101eb0394.jpg,1,0,0,0
oily_9fd7382c20e1e7bc5bf6-Copy_jpg.rf.975ef1c7668a4665048da72c44715f6c.jpg,0,0,0,1
normal_389351d8800fa5f2ad15_jpg.rf.654f89a2e9336c0141dbb46d1ac40c2c.jpg,0,0,1,0
oily_23c3f763dad8eee143f2-Copy_jpg.rf.6255a8cbeb678e5ad8577a9a1751fc7c.jpg,0,0,0,1
oily_new_5c245c5f50d6bd6a20fa_jpg.rf.3f213f81e94123991b3a082313d3b342.jpg,0,0,0,1
oily_new_dee231b3898cd9d3af4d_jpg.rf.85b78bc8d015e7e0a9d5753f8b3a1b04.jpg,0,0,0,1
normal_3ad884c8f098a8aa9347_jpg.rf.c06dd0e7278d0a4c4eadd37e37a175b3.jpg,0,0,1,0
dry_new_82b1fe629aa194a6b9b7_jpg.rf.deb86bde8479093f10b41239f1481aa4.jpg,0,1,0,0
dry_36f345ab7701ec91d330_jpg.rf.84a80ed4d86862d27e7c875948407ec4.jpg,0,1,0,0
dry_new_49b4af69b50043af6483_jpg.rf.e5bd6f38bec274f2aba4045a9840d3f5.jpg,0,1,0,0
dry_new_73643e9e44f7dcf2a775_jpg.rf.7220310c397c2c8e9c8b5197915c574e.jpg,0,1,0,0
oily_2cdb581b88b7e8fd4441-Copy_jpg.rf.442652832220a641e339dc77e38fd63d.jpg,0,0,0,1
combination_-_2575da6d23d20a976632_jpg.rf.309fb8f46918dda12bc3a205898a544c.jpg,1,0,0,0
normal_c73cdb0a196e20b724a1_jpg.rf.6f637ea88454fb670588e35036ba68b4.jpg,0,0,1,0
normal_3c04df403f7e03a75a39_jpg.rf.189c468cfadd05ada07e517c3316f473.jpg,0,0,1,0
normal_389351d8800fa5f2ad15_jpg.rf.2d5fa33e5e228562622b506594d45ada.jpg,0,0,1,0
oily_new_00408ddfa14bca0f9167_jpg.rf.651c541cfcce576e516b13711ae677ea.jpg,0,0,0,1
oily_3cae428761b4575eca4b-Copy_jpg.rf.4593307a9d847f64eff804f95c9eed55.jpg,0,0,0,1
oily_new_d2f8aecc9a310291c842_jpg.rf.09f889dd7d8a6cd3110726e47daab3dc.jpg,0,0,0,1
normal_new_64cd82ebc2f3dcd50243_jpg.rf.004032fb6d0eda8cd94d74700e0815e9.jpg,0,0,1,0
oily_new_dfe9f88811d422332a25_jpg.rf.5f3f4dfbd13d60f6bc2a50814e97c110.jpg,0,0,0,1
oily_23c3f763dad8eee143f2-Copy_jpg.rf.af4b90081a185ee626abe1057f4b5ddc.jpg,0,0,0,1
oily_2fc9e195830724f52f7b-Copy_jpg.rf.242cbc14b036ce78782244c9947f402b.jpg,0,0,0,1
dry_new_411e069e6cac17ab0363_jpg.rf.2cb2d451cc25a589b127bbec677ca76c.jpg,0,1,0,0
oily_2cdb581b88b7e8fd4441-Copy_jpg.rf.0b2b160749863cb9c75bb312bf4b74d0.jpg,0,0,0,1
normal_d0bbb9e8f0eb39f1e553_jpg.rf.b0c4d106e065bfb03f7aaa509c0d4d51.jpg,0,0,1,0
oily_new_cff9b8a4ecfd3a63ff95_jpg.rf.0c97d1a1fd371c6ced73273f598d60b8.jpg,0,0,0,1
dry_new_3e272674d4fc2521b882_jpg.rf.0796e912e2be99ec18542b4c84b0f6cf.jpg,0,1,0,0
dry_new_68a99a64f9292dd9fec0_jpg.rf.584d436a287590cca4b4e6208b385764.jpg,0,1,0,0
combination_-_ae3b1c8b4c741c140a3b_jpg.rf.d859b45b606812adcf49c5ba84c5c9a0.jpg,1,0,0,0
dry_new_48041286aa7caf2dfd66_jpg.rf.da1ff62b7d66440de371dd4c9887c61f.jpg,0,1,0,0
dry_new_6c2d77bea19fafacf76a_jpg.rf.a0c54da521ef787dd5abbf75d045cd22.jpg,0,1,0,0
normal_c07ed8368fa0067dc0bb_jpg.rf.ba06dd21bbd74f9bbe8945a836def9f0.jpg,0,0,1,0
combination_-_8cb7d464df2c970e85aa_jpg.rf.a3ae29ac930b39f8d5200df0519fa8d7.jpg,1,0,0,0
oily_5ff36311a5a7333d846a-Copy_jpg.rf.a7ff74edd358b861cd5e1d88393533e3.jpg,0,0,0,1
oily_4196de3853b203c216e1-Copy_jpg.rf.53e1d8c68725f5400e86428a93538104.jpg,0,0,0,1
normal_bf9c8a3e456402cb150c_jpg.rf.f5761e0a9ccd49870848faf6dd41c7af.jpg,0,0,1,0
oily_new_d2f8aecc9a310291c842_jpg.rf.4fe15fa6a55b4a06e53f54656d97f61f.jpg,0,0,0,1
normal_98257f981d1e9bd04395_jpg.rf.25fd9e90632dc0806a0c9c9f89295348.jpg,0,0,1,0
combination_-_52fa92a8789d97f98ac3_jpg.rf.0e1f117e342c9affd611f7ca4f143050.jpg,1,0,0,0
oily_2305f05613dbc8dd6b1d-Copy_jpg.rf.e82e2b6125ab6871e93f3af91d15ec5a.jpg,0,0,0,1
dry_new_560f7d2b860df38a41f6_jpg.rf.532d2c63272214cd67952bf7f83f4a5d.jpg,0,1,0,0
dry_new_32cf1465e2f853b4ffe5_jpg.rf.0bbd19da8547e825083c6522f0e26430.jpg,0,1,0,0
oily_32f8b095bbecc51c94ac-Copy_jpg.rf.aaf354abd21964f5520448cd9bc0ae2a.jpg,0,0,0,1
dry_new_58939ae79285792df739_jpg.rf.60b6ec1f3fe60487d1274a80a5232091.jpg,0,1,0,0
oily_new_dfe9f88811d422332a25_jpg.rf.b7d99801277f72447ebff8ff0a5604ed.jpg,0,0,0,1
oily_cf0d6fdde3c32affaffc_jpg.rf.35b5c4191f454484bbf46cd7cab5a2b1.jpg,0,0,0,1
dry_731e7802f94a80ff605b_jpg.rf.25eb0491ebb933b7eb4bcddb16bdedad.jpg,0,1,0,0
combination_-_48b36d12c62ae744543f_jpg.rf.002f82da5ce95a66821df47360356a7f.jpg,1,0,0,0
oily_new_1c7e75bb911a50713d8c_jpg.rf.72f99510214915701c01b52c21e5d2a0.jpg,0,0,0,1
oily_new_cdb5621e89b47d32bbb6_jpg.rf.f2a9f7d27ecdaa3876c969505ce452f6.jpg,0,0,0,1
normal_39a5a0a01f958ee678f7_jpg.rf.b19604c9232b597971647ea7f6751728.jpg,0,0,1,0
combination_-_9913ab40df8b15776d37_jpg.rf.fb19996810a63c1f4c7b38750261e694.jpg,1,0,0,0
oily_a2c8187d92132c9cb25e_jpg.rf.47fc70de01dd2c26a5ec3181366d2f7c.jpg,0,0,0,1
oily_57e65be6a10d2eaa9d46-Copy_jpg.rf.164db0ffb9dd9f034fa042aab82e7782.jpg,0,0,0,1
dry_new_3ff2802133de3cf9dd31_jpg.rf.4eb87971487f6a72dad9bef88085404a.jpg,0,1,0,0
oily_22c14743eaa2735f8a07-Copy_jpg.rf.c74d3bda5e785defe061ac22ea0c9557.jpg,0,0,0,1
dry_new_5cf7736376694591346f_jpg.rf.7c234fe024513c2267dc26fc796b288b.jpg,0,1,0,0
oily_24d08ed2b8ccac9d7643-Copy_jpg.rf.60c2fc37f01dfc80b8e191f5d3c83a33.jpg,0,0,0,1
oily_ff7c57f1d1834ae7c6cf_jpg.rf.6d0d386e6e9ad74fa26362bfa4cc9144.jpg,0,0,0,1
combination_-_567c0a089e0f493131b2_jpg.rf.46a0b81415363c17bac5975197b25ede.jpg,1,0,0,0
oily_456309334779a197dc32_jpg.rf.acdf7971159ebaac59566fa42855a061.jpg,0,0,0,1
normal_new_62648318406b91b7d79a_jpg.rf.0cc206dc27615549c65b9bd7f430c2ad.jpg,0,0,1,0
normal_60b8d9746776be55dc4c_jpg.rf.be9486e99a274e01758d19e7a81115e0.jpg,0,0,1,0
dry_new_72459bf4d16a164f1d57_jpg.rf.c47fb2cc9e2687e87de3c296b1d4ce61.jpg,0,1,0,0
combination_-_12208686f5f85f0cd00a_jpg.rf.f7b56ab898121f24e8b32d9a1754e9d8.jpg,1,0,0,0
normal_new_15e8c24694616a0df90d_jpg.rf.05a515e0a1fa92b08a76b05614a078dd.jpg,0,0,1,0
oily_new_5c8dff33971574a2fc76_jpg.rf.ef232764364bb1e1e19d9965b8b6b92a.jpg,0,0,0,1
oily_new_dff8dd428d7dedb1d17b_jpg.rf.8db08ea04d8534b2661b1510e4985398.jpg,0,0,0,1
dry_new_40198643ecd73d3c1816_jpg.rf.26e0897502aa8d66262fd61dcfa837a9.jpg,0,1,0,0
normal_cbea2bf9b7d41b558536_jpg.rf.185e406f44ae339b6057faaf3a43cef7.jpg,0,0,1,0
normal_57a778f89cd21251cac4_jpg.rf.789aa189c721d110c80534ace5601548.jpg,0,0,1,0
normal_c35e8cd457b0201dc14e_jpg.rf.5557f391aa18c83b8debc4d6e1653c13.jpg,0,0,1,0
oily_6ae1bc85ab38675076a3-Copy_jpg.rf.ea4e2647635fccfad6caa452b5ca2994.jpg,0,0,0,1
dry_new_34d60a28877cbdbbd3e4_jpg.rf.c1ecc2abbc482d7cd72fe9365ed9300a.jpg,0,1,0,0
oily_new_1c7e75bb911a50713d8c_jpg.rf.b96878adb2bba725fe8b784cfe21c3a8.jpg,0,0,0,1
normal_new_4268a1a41621156643ee_jpg.rf.786fbc74f7806558d65a4f4e34056a5b.jpg,0,0,1,0
normal_6b4bad064e81a24528dc_jpg.rf.e887b6113587dc1c69e7055f0c05d987.jpg,0,0,1,0
oily_new_cff9b8a4ecfd3a63ff95_jpg.rf.64f4574f0b41e4e9d344228ed46d98d9.jpg,0,0,0,1
normal_99c92165ac2a5954dd3c_jpg.rf.185e6e79fca002af35be20b72c5a4550.jpg,0,0,1,0
oily_5878c81fbaae3aefd9ed-Copy_jpg.rf.d687ef6ad79ee0e553b1282a543c7179.jpg,0,0,0,1
dry_new_48041286aa7caf2dfd66_jpg.rf.24d2440810f4eb32fe1a7ebc26a337c0.jpg,0,1,0,0
normal_7650272fc27b2d658f34_jpg.rf.46e8043e3831f3a4a8bfb789b3daf500.jpg,0,0,1,0
oily_367f0bad18808accb3e5-Copy_jpg.rf.e193768e2c7271ebc804546c3aa449ff.jpg,0,0,0,1
oily_new_5c245c5f50d6bd6a20fa_jpg.rf.e65e83140f0ed1ac830472529b3d6225.jpg,0,0,0,1
dry_new_57751d11b1b9267def08_jpg.rf.46749ac74700c13ab4415288d23c4e0a.jpg,0,1,0,0
oily_367f0bad18808accb3e5-Copy_jpg.rf.31ed14120757df461f2e3a60700aefc7.jpg,0,0,0,1
combination_-_8b7e9b755297ec2b2162_jpg.rf.0212f7dda60d6780d7ebea0b4aeb8cc6.jpg,1,0,0,0
oily_c6a4c3ee2287d0683c9a_jpg.rf.df16b0850352891a90d1eca5a34bbebc.jpg,0,0,0,1
dry_new_5ba28cd522f254fd98c2_jpg.rf.48fdaca6e329f94888edbe99287d65a8.jpg,0,1,0,0
normal_3bda8303158246844aeb_jpg.rf.32b8c78251090021c21dcb899cd681dc.jpg,0,0,1,0
dry_new_712ea5a46a5e21dffede_jpg.rf.be5def77ab7600254db08ca2ce3bbfa4.jpg,0,1,0,0
normal_3c4ad8a0738782c63fac_jpg.rf.59d003a3271778dc9d7190625df7c187.jpg,0,0,1,0
dry_new_712ea5a46a5e21dffede_jpg.rf.f71cf8f94a9ea51127a81e1954dc0aff.jpg,0,1,0,0
normal_d16abd9ee6945f576707_jpg.rf.ff599f57d94f463bfc2df4ac2335a0b5.jpg,0,0,1,0
oily_367f0bad18808accb3e5-Copy_jpg.rf.aa34b69109f58c299c754739e495eaec.jpg,0,0,0,1
dry_new_4a400a9e37293118b9b7_jpg.rf.8737caea902dfc448e25067ac3b20725.jpg,0,1,0,0
oily_a2c8187d92132c9cb25e_jpg.rf.81befd307ffc40132962dbe01bbcbd5f.jpg,0,0,0,1
oily_a04f2c5dcd09745ba83c_jpg.rf.5f8ef1b185a568a9301b8189f94f32f8.jpg,0,0,0,1
dry_new_323bc93c140305d2e880_jpg.rf.70776e933809fb8ce6b57a088d07c215.jpg,0,1,0,0
combination_-_596fb525f4f3918710cd_jpg.rf.b370ed3b2b38fe9edf69e78bae16d7c4.jpg,1,0,0,0
dry_new_56b817b616e9e0e179f9_jpg.rf.443513f398c50c30fc4e360f1ccd131c.jpg,0,1,0,0
combination_-_9f31ef3435d3730232b3_jpg.rf.6f266e88f28c3fbed8449a031b53c952.jpg,1,0,0,0
normal_c00989315b44463ff6f2_jpg.rf.6c15654737a4c6f262b6902b1373cd2c.jpg,0,0,1,0
oily_2cdb581b88b7e8fd4441-Copy_jpg.rf.30934f6f7d50dbb47732711812f3c468.jpg,0,0,0,1
oily_new_dee231b3898cd9d3af4d_jpg.rf.35e1f0831182f1e6adcf213cf383a7e3.jpg,0,0,0,1
normal_98257f981d1e9bd04395_jpg.rf.8c85b0be530f7ebda7321683829a7d48.jpg,0,0,1,0
dry_new_411e069e6cac17ab0363_jpg.rf.e6b4089161fc62a226cc2d0331e4464f.jpg,0,1,0,0
normal_d0bbb9e8f0eb39f1e553_jpg.rf.ed84f3f64ed6c713f14dca9e89f0ab98.jpg,0,0,1,0
combination_-_2add9aa1dea3a3ee6386_jpg.rf.b77bc7960d788a53e4ba57c7610f98e8.jpg,1,0,0,0
combination_-_11440a5ed72a53bd47cd_jpg.rf.c2ce8b3bd4010057aa01a8200d6d05c8.jpg,1,0,0,0
normal_cf0d6fdde3c32affaffc_jpg.rf.981c4359f1068036c599da839f94a57c.jpg,0,0,1,0
oily_new_6f8f41e4396cd69addab_jpg.rf.0c41b9372ad945e6bc91e64c32de4f21.jpg,0,0,0,1
normal_73f240a2b213ce4058ab_jpg.rf.858ea26393382e9e7a90a6992bc35ff2.jpg,0,0,1,0
combination_-_94e83464ac3e6b57b801_jpg.rf.db40b1a3f69ffee188ddeb137f1312c7.jpg,1,0,0,0
oily_new_0110e7f529fcafd5dc56_jpg.rf.b74f71d956176d6e54cc606456f0635a.jpg,0,0,0,1
normal_97e8bb7dd7a9672d3618_jpg.rf.ffd1734da0869e8d61e1d139dae47c13.jpg,0,0,1,0
combination_-_8c07bc167ca09430b2d2_jpg.rf.1f0c6135d236d0a9b9314ceaad62c610.jpg,1,0,0,0
normal_270c32b0ec726d2e1430_jpg.rf.ea7379b0644d88c557473a6900249368.jpg,0,0,1,0
normal_5600a3424c920ac68708_jpg.rf.0897410cf5a57c9a42d2530c9349f4ec.jpg,0,0,1,0
combination_-_13badfac4ab6c7b1b4e0_jpg.rf.2f0bf5a6fb6142bea9530f1eed31609d.jpg,1,0,0,0
oily_57e65be6a10d2eaa9d46-Copy_jpg.rf.f90945521d46ff2c4f2481cfee0fadd4.jpg,0,0,0,1
dry_new_6ace9a30368db0fc10b1_jpg.rf.57080559debfb64ffe2eb9efa26d6e48.jpg,0,1,0,0
combination_-_9dbe3e0beaf3d07e55ba_jpg.rf.ab500aa03339b5bfb0b2ac98c6008ded.jpg,1,0,0,0
dry_new_7c680f3b83a63ceb8f4d_jpg.rf.1c1af4a22bd9cb1d92486ca561a483c5.jpg,0,1,0,0
oily_4196de3853b203c216e1-Copy_jpg.rf.ee4c71cf90a7903a2d1f98c4761d0776.jpg,0,0,0,1
dry_new_707d2e8817bf5081bf33_jpg.rf.ecc76e7dc3836f10c665bc9a401b47c2.jpg,0,1,0,0
oily_new_dfe9f88811d422332a25_jpg.rf.bff02a454c35f5e37bee8a9d647e102f.jpg,0,0,0,1
normal_3ad884c8f098a8aa9347_jpg.rf.b1b3c2a34631611b77084a2243040eec.jpg,0,0,1,0
oily_36c5d08d77509e6853a8-Copy_jpg.rf.aa34c3bf4dd0bf5f542e6c03ed052e5a.jpg,0,0,0,1
dry_new_68b791853b970b73b975_jpg.rf.9a30c641471aae2e1acfb1f5182d4c76.jpg,0,1,0,0
combination_-_9a995e8841c4115c5575_jpg.rf.458435fb4f8ab77516c5c6bef57d5701.jpg,1,0,0,0
normal_c2c01f0573b6c9be7a77_jpg.rf.e264746ddf20fe28a5e91adaa2b255f9.jpg,0,0,1,0
oily_22c14743eaa2735f8a07-Copy_jpg.rf.3361684c3a4926d91bb68bad4a8f99fc.jpg,0,0,0,1
combination_-_2cdb451329ebbf0105bc_jpg.rf.48a3cd3a6667f32ec28af13d81b81803.jpg,1,0,0,0
oily_3f4dfe94774aa9536338-Copy_jpg.rf.e11571a094da1eff6d8c5a7513f694e9.jpg,0,0,0,1
dry_new_862c20b819af869f2803_jpg.rf.099110e0d62d79a32e53b328727fb784.jpg,0,1,0,0
combination_-_598213eec25fb0ae6c1b_jpg.rf.a233db59a21c85ce451702901ab3749b.jpg,1,0,0,0
combination_-_58f57597e21f8d7d05c3_jpg.rf.4c660eae0f516cc7fce4c7157c27c799.jpg,1,0,0,0
oily_3f8072c555504d75091b-Copy_jpg.rf.9592a3c54d7c4982f4a692c499b1bc44.jpg,0,0,0,1
combination_-_8b9b4b52d6b61b5e01c1_jpg.rf.69aca0317038b03d17c241626e4a1c15.jpg,1,0,0,0
combination_-_1630d6927725332d79ae_jpg.rf.4bfc273f3e92555ce5d12e0e06194911.jpg,1,0,0,0
combination_-_8cb7d464df2c970e85aa_jpg.rf.0bd226b88460b3a5aa199c3f9420cd96.jpg,1,0,0,0
combination_-_58f57597e21f8d7d05c3_jpg.rf.86c99873b8ba13103838cfeb74df036d.jpg,1,0,0,0
combination_-_13badfac4ab6c7b1b4e0_jpg.rf.37cc3fde57e7039e235b98e5f38d0204.jpg,1,0,0,0
combination_-_12208686f5f85f0cd00a_jpg.rf.c85dc945581b12cadb5364828ac646a6.jpg,1,0,0,0
oily_58af23ce352206a200e7-Copy_jpg.rf.85fda9de773e3a5018ae64e651b49b21.jpg,0,0,0,1
combination_-_a033618b02b4b48d1103_jpg.rf.3ae409ecd59ab3da41e22d2cd3dd1d17.jpg,1,0,0,0
oily_5952ac8c206a45bc8d6c-Copy_jpg.rf.9ce601bc47a2eef6561f3264bbd55e15.jpg,0,0,0,1
oily_new_df0a44d06d70a3a0bf9c_jpg.rf.224a189c084a7848c5f78369844d69fc.jpg,0,0,0,1
oily_5aa6e0aa1ea3dfc1bbe3-Copy_jpg.rf.744102ccd6e3841e9838125986035373.jpg,0,0,0,1
combination_-_a033618b02b4b48d1103_jpg.rf.0cc693e8bf4759ed329c9260e52510ba.jpg,1,0,0,0
oily_57e65be6a10d2eaa9d46-Copy_jpg.rf.2829b3524c4034dbf0e131b31fa97d53.jpg,0,0,0,1
oily_59761d656ce7baf8748a_jpg.rf.dd03ae161e9c7000c33b1a9b40e0cdae.jpg,0,0,0,1
normal_2bfdf2ba6623e6b84b3f_jpg.rf.78cfb2c9264785b0f53f6d4af653b4fe.jpg,0,0,1,0
dry_new_4b79598abf282d27a5e3_jpg.rf.b9cffff707a52e15a7588a1cbe3d8c0c.jpg,0,1,0,0
dry_new_330d7ad9b8cd41029d53_jpg.rf.5f61a8c4e5f138c333f20bd245d189d8.jpg,0,1,0,0
dry_new_68b791853b970b73b975_jpg.rf.5f8a6ce559b3aab81293ec5a71dfb60e.jpg,0,1,0,0
dry_new_60584f03958117ae2528_jpg.rf.493ae41c06039828eda70153c56fecfb.jpg,0,1,0,0
dry_new_726025675a80fd7e7b97_jpg.rf.565173912c4d04a17c0af9b385a18344.jpg,0,1,0,0
dry_new_7e4544bdb1b24d471db2_jpg.rf.a5c14d24528e4114b6804dffff74bd6e.jpg,0,1,0,0
normal_3e9658b0ecfa5b0dc82c_jpg.rf.a7eb994b9090b032c38e0bc6ee66fc9b.jpg,0,0,1,0
normal_4050e822a41ff5f55a73_jpg.rf.da3549b1e187afe24a6beeb324c34b8c.jpg,0,0,1,0
oily_new_1a805bc9a58434b7c696_jpg.rf.66f7211f89195b9e02277e40e99b4be7.jpg,0,0,0,1
oily_new_115725a804246bac397d_jpg.rf.a003eed34972550b92d268eae8f42b5f.jpg,0,0,0,1
normal_63627fb9ede3ae725326_jpg.rf.fbea3f1a42db44c2737527806150c924.jpg,0,0,1,0
normal_675200f61b7286c00d58_jpg.rf.70f57e9acbb020f822f4155f77a39bf3.jpg,0,0,1,0
normal_58e8c3ea1cca89fa0ff5_jpg.rf.83a6850a18f45d9afafa7da9759fb70b.jpg,0,0,1,0
oily_new_5cf4624b4e2056311015_jpg.rf.fed32bebe78f0db0a7db1903bc728ad4.jpg,0,0,0,1
oily_new_36bd53d1d0d720b5aaf8_jpg.rf.1f32e4453ac524a36148079259edd8b3.jpg,0,0,0,1
oily_new_70ad0e0abf87934d07c2_jpg.rf.af8b87e752b30ca422a42a5324e188a3.jpg,0,0,0,1
oily_new_70d233a563f125151bf9_jpg.rf.f7a7eba8f7b77e0f0725445dd9e2ccd4.jpg,0,0,0,1
oily_new_727ac59577a8d7016d0f_jpg.rf.94778994b3ab736d90fb49f473792d92.jpg,0,0,0,1
oily_new_81d662d9ce959353300b_jpg.rf.f1e9ac6622ef34d59275e1439ad326e5.jpg,0,0,0,1
normal_bf13648450f11b89968f_jpg.rf.b48a25a2d1e13f321d450a406d48922f.jpg,0,0,1,0
normal_bf13648450f11b89968f_jpg.rf.576bde758d7a2d7ed0d35d5d48da3923.jpg,0,0,1,0
normal_c74c2a0dbee681e9fbec_jpg.rf.897f59d0e8a9e81502cbfdee3bcc4a5e.jpg,0,0,1,0
normal_bf9c8a3e456402cb150c_jpg.rf.a907e074df25929e44d26e84c2ae10d2.jpg,0,0,1,0
normal_d32b27bb16be69637ffb_jpg.rf.59ef65dea10f064bb403b107cdf5f895.jpg,0,0,1,0
normal_cd8a9c50a2856519fbf7_jpg.rf.09119f3df8e8fcfeee07dcb94dde0a88.jpg,0,0,1,0
normal_d0acd91ff9bba279fe59_jpg.rf.7e240b8f85e10a62732606b2cc7a1e9b.jpg,0,0,1,0
normal_c00989315b44463ff6f2_jpg.rf.6456439b23e79dbb794a8816c22d14ce.jpg,0,0,1,0
normal_cbea2bf9b7d41b558536_jpg.rf.4abce0f6e44fb3be09b278f02349b703.jpg,0,0,1,0
oily_2ae88da3c97f07226d5b-Copy_jpg.rf.e0707c460a2d2eaf920111b33517a48c.jpg,0,0,0,1
oily_3cae428761b4575eca4b-Copy_jpg.rf.7c331214df4ab845b86a716e7e3a6fec.jpg,0,0,0,1
oily_36c5d08d77509e6853a8-Copy_jpg.rf.420b6dda337741ba161218e2a8421b8c.jpg,0,0,0,1
oily_43c2213d65291b4d3a51-Copy_jpg.rf.6261d3088ae026274303b996aa74c563.jpg,0,0,0,1
oily_3d282a23605fb4946192-Copy_jpg.rf.bfb548782118141314672bb9c71cf22e.jpg,0,0,0,1
oily_3ef1a5c97745129eb6d6-Copy_jpg.rf.a605b1260abed998bad26be4cff6cf03.jpg,0,0,0,1
dry_411c2e42f1371122d174_jpg.rf.04082f19397b4896129250fd5dcb7a29.jpg,0,1,0,0
dry_3d8419186cc3bbf8c5ab_jpg.rf.e5f645df3df8d436444e7d1a00fae6a5.jpg,0,1,0,0
dry_3d72fd4884bb442a9f8c_jpg.rf.433abdf72da966b9b75d68128bfc3491.jpg,0,1,0,0
oily_456309334779a197dc32_jpg.rf.82aae672d12a33015f0ead1ad142a457.jpg,0,0,0,1
dry_5b0651ccf8c833d44008_jpg.rf.7a57601a21b4029308779ed6011ee097.jpg,0,1,0,0
combination_-_2add9aa1dea3a3ee6386_jpg.rf.d07d7a2ac04969860fd34d68125d99d3.jpg,1,0,0,0
oily_5c8a1bbff929743d4c35-Copy_jpg.rf.42639b194e5825bd73e885ac171196fb.jpg,0,0,0,1
oily_5878c81fbaae3aefd9ed-Copy_jpg.rf.02c345d3b863f20afe548cd5058e27eb.jpg,0,0,0,1
oily_new_dee231b3898cd9d3af4d_jpg.rf.4f7b68f274dceac911fe23daa16de9b9.jpg,0,0,0,1
normal_421b5972179298063a4c_jpg.rf.a9884cb789286269891e1deb988b0872.jpg,0,0,1,0
normal_cfa0177b902dee29d608_jpg.rf.1282fadbd85eb8d7f71df06597415932.jpg,0,0,1,0
normal_d16abd9ee6945f576707_jpg.rf.5bb922be4e7b14e1d4cddb2b011db68c.jpg,0,0,1,0
normal_d66e8d27da4c5ee7a6b6_jpg.rf.920e06cc5eea2f9d35fbad65e3f7929b.jpg,0,0,1,0
combination_-_5c5f960fa6590c7658ac_jpg.rf.7125e1ffb7797dd50e9d2b189427f02c.jpg,1,0,0,0
oily_c9d57c80bb89e1df9ec3_jpg.rf.fe74acdcf05b85e30160a7e01514ca39.jpg,0,0,0,1
normal_3bda8303158246844aeb_jpg.rf.6dcf97196da0001d52b9629ebb3f1621.jpg,0,0,1,0
normal_a48c8e2825afb3dbad0d_jpg.rf.314ce49459386dc6064dda5adb9c1b58.jpg,0,0,1,0
oily_2fc9e195830724f52f7b-Copy_jpg.rf.56b8ed10c9f28166199c46dd58bb8767.jpg,0,0,0,1
combination_-_12fd8410233427b99546_jpg.rf.5e3b5c9c07195a7b41c59052874db4b3.jpg,1,0,0,0
oily_new_0041d366545d5c51f6c5_jpg.rf.cad694506f8640d454d8d6f673f567bf.jpg,0,0,0,1
normal_73f240a2b213ce4058ab_jpg.rf.f2a8a95bb2ca393133362799aac93c49.jpg,0,0,1,0
normal_3e9658b0ecfa5b0dc82c_jpg.rf.0c0eddae74b3341312fa01872727a1f5.jpg,0,0,1,0
dry_new_4d600361fc6b4043ee37_jpg.rf.d10856b5d52c111209387b5748600852.jpg,0,1,0,0
combination_-_5e9b1c6b02764f2c2259_jpg.rf.f3eb39fad1e0e62dfa4880aef06b86fd.jpg,1,0,0,0
oily_2b3033454fa19bade3e4-Copy_jpg.rf.618dfeec4471eb6fc6886d44ae1989fc.jpg,0,0,0,1
normal_c73cdb0a196e20b724a1_jpg.rf.012fb272b2641e7a63fe8161974ff8f5.jpg,0,0,1,0
oily_5aa6e0aa1ea3dfc1bbe3-Copy_jpg.rf.bbcfeb7469cd2f11c41268fc20158548.jpg,0,0,0,1
dry_new_843acbcd1a5698f96f58_jpg.rf.5d77fc2c4855dd55533ae84bda8023ab.jpg,0,1,0,0
normal_3a9aef121f54bea1361b_jpg.rf.34ab88b08db869c1b26eb7ab74b2e1e1.jpg,0,0,1,0
oily_new_2e4937e7329a9d800046_jpg.rf.8849d29079802d611a66c7b559025ef6.jpg,0,0,0,1
combination_-_9f31ef3435d3730232b3_jpg.rf.06adbade252702093c6a3e5ba382a20c.jpg,1,0,0,0
oily_3f8072c555504d75091b-Copy_jpg.rf.d6c1137e4d57d005e60399dcf0619ac0.jpg,0,0,0,1
dry_68a0394b89915f31faf4_jpg.rf.826f06d2608dfe1e8feae63de1501413.jpg,0,1,0,0
normal_cfa0177b902dee29d608_jpg.rf.5aefaafcde5dcde1351403d611d433b6.jpg,0,0,1,0
normal_55cf645eafe794c903e9_jpg.rf.4875edaf24c3ccb5de127d1af552df34.jpg,0,0,1,0
dry_new_6bd49d9d1c32e8dcdf8c_jpg.rf.35235bf385dcfaa6ce8a33a4c7368fad.jpg,0,1,0,0
oily_new_2d9161f912872bd38c82_jpg.rf.cefe7d4d4ed0e95c9548fb8d7a66f6e8.jpg,0,0,0,1
oily_63df3d8e7855683dc0b2-Copy_jpg.rf.6145b2790a48e9ec0b5fba7e55a41dab.jpg,0,0,0,1
normal_57a778f89cd21251cac4_jpg.rf.f702b09d83708c950787e903295240f8.jpg,0,0,1,0
normal_4c75d7df40bb81fc8b0e_jpg.rf.931979d497457be4f2fbab722fc16c36.jpg,0,0,1,0
normal_cac712e6d4ca47ad2efb_jpg.rf.1361db5fa4233f1ec42af86587ad96d0.jpg,0,0,1,0
oily_43c2213d65291b4d3a51-Copy_jpg.rf.408b621b92ce17444bb83b3188522c9c.jpg,0,0,0,1
normal_5db2cb8cae559419e425_jpg.rf.d5fcef9b010b478474054b44766cff7f.jpg,0,0,1,0
dry_new_71fba445f94eaf92601f_jpg.rf.2e592b983f368828aef07240ee205289.jpg,0,1,0,0
combination_-_934dfe250d57337ddbb3_jpg.rf.dbbb308010625a589667d85a4592b388.jpg,1,0,0,0
dry_3cc5c9d753f756066c44_jpg.rf.dba2069b2aedb8e4a63267bf4ba70bbb.jpg,0,1,0,0
combination_-_3170056df08160d8e7c6_jpg.rf.30a36004f8c08b3ff3fd2955f38047a6.jpg,1,0,0,0
normal_47db80325c6325e79b83_jpg.rf.88ed7a8bab6ba7d9deee4af51300c687.jpg,0,0,1,0
normal_3f055eedbd08db1a4b73_jpg.rf.e3c128c613f9a40a862e481374c236d6.jpg,0,0,1,0
normal_98257f981d1e9bd04395_jpg.rf.24e5e3d45c93b3fb1022064e40d7bb59.jpg,0,0,1,0
oily_2b3033454fa19bade3e4-Copy_jpg.rf.53624a7e4fa1527ba64c9ce4159d0b94.jpg,0,0,0,1
normal_395d1bf0d8df796280dd_jpg.rf.642b5ac991bac196315d06aa3152ddb6.jpg,0,0,1,0
oily_3f4dfe94774aa9536338-Copy_jpg.rf.86a8960eec43be08e1966e58944b88ae.jpg,0,0,0,1
normal_3e9658b0ecfa5b0dc82c_jpg.rf.7b6db2caed09180bd8cc366786d402e7.jpg,0,0,1,0
normal_c2c01f0573b6c9be7a77_jpg.rf.05f8dd3a37ec9e57689fceb27843a83c.jpg,0,0,1,0
normal_c74c2a0dbee681e9fbec_jpg.rf.9a9baf36f2dcf8d082fa954d6cd3c26c.jpg,0,0,1,0
normal_d0acd91ff9bba279fe59_jpg.rf.7c286b385a45b75ed4d97f2c367a6b4e.jpg,0,0,1,0
combination_-_934dfe250d57337ddbb3_jpg.rf.eb5fcbb936172a8ce67d473b22bc0b88.jpg,1,0,0,0
dry_new_7b706f10213530537e57_jpg.rf.b0df0f428ba15e45581e61247f8a62d3.jpg,0,1,0,0
normal_c74c2a0dbee681e9fbec_jpg.rf.7a21fc973e040019f1d6c2fe08177f37.jpg,0,0,1,0
combination_-_5c5f960fa6590c7658ac_jpg.rf.5917ed87c6f6606aa0c8c353a2059a66.jpg,1,0,0,0
combination_-_2ae5a0056c9641228e4e_jpg.rf.09160454338aca4fa3ed0fb74b75721c.jpg,1,0,0,0
normal_bb4f2d5f603fc1249929_jpg.rf.f54c96d9d81352e03a8aec4ced497c16.jpg,0,0,1,0
combination_-_5c18a75eada8db7359fc_jpg.rf.7d2bab46ce1e8338a3d18e36b28cc59f.jpg,1,0,0,0
combination_-_3423159b86fb20948f23_jpg.rf.2b35a0e4eba1ebce5bc995981815b3fb.jpg,1,0,0,0
oily_new_2d9161f912872bd38c82_jpg.rf.232bd4c1f9576e7d5b17930561e654e1.jpg,0,0,0,1
normal_9260278322f4457c4213_jpg.rf.299dc0a111490348d154912c817ac36f.jpg,0,0,1,0
normal_9a50e19d324bbf21fb75_jpg.rf.9723a5a0f86559037c30474bdd39c41f.jpg,0,0,1,0
dry_new_692c8857eb07ddf8876d_jpg.rf.4a74b8917a462618fc20af1a68b5f751.jpg,0,1,0,0
oily_cab956597262566cf9fd_jpg.rf.281cce067e9a724e5b6ed786410b1ff3.jpg,0,0,0,1
dry_new_692c8857eb07ddf8876d_jpg.rf.4128d3de69dfa0ff1dc35ea6ccd3196c.jpg,0,1,0,0
oily_new_10e48328d0d09d62ad1d_jpg.rf.85f866d0ea2fe9bd4d8462360ce765f2.jpg,0,0,0,1
oily_3ef1a5c97745129eb6d6-Copy_jpg.rf.ffd36b6d6841e928e43a15bf82738416.jpg,0,0,0,1
oily_new_4197fa925bb3320ccd86_jpg.rf.50751221cfdfb723f59b984c6b651631.jpg,0,0,0,1
combination_-_8c07bc167ca09430b2d2_jpg.rf.13dd83e99f5f006a5cd59b01844d5c21.jpg,1,0,0,0
combination_-_2d3cfd032b7fb0f6b3f6_jpg.rf.3eef80bd5b14b43d71dd896a44c6de2c.jpg,1,0,0,0
normal_5db2cb8cae559419e425_jpg.rf.da7af3bc3cc3b54a9ccebdeade2dc2c3.jpg,0,0,1,0
normal_a14336a197644b270b59_jpg.rf.4c17691314215c93bf3e404cbac1389f.jpg,0,0,1,0
combination_-_3170056df08160d8e7c6_jpg.rf.6374dd6b8e87d30502e1d3d3ac415324.jpg,1,0,0,0
dry_68a0394b89915f31faf4_jpg.rf.af010eeb6eaac380a0729f2d29cd4e5b.jpg,0,1,0,0
normal_a626496076bdbaf2cdc4_jpg.rf.aceb704aa628f7eaf6a5667ba15c212d.jpg,0,0,1,0
normal_cbea2bf9b7d41b558536_jpg.rf.40e47efc8e343a634d09fe718c78ff14.jpg,0,0,1,0
oily_42102c171424789c85d7_jpg.rf.e3779b9b0f18e0081e25020455113456.jpg,0,0,0,1
normal_d32b27bb16be69637ffb_jpg.rf.394b8b05297c806557d720bb90584a57.jpg,0,0,1,0
normal_63627fb9ede3ae725326_jpg.rf.5ad2ab216021789b3bd4c1ce49e4ed97.jpg,0,0,1,0
dry_411c2e42f1371122d174_jpg.rf.769e9a600cc17267c1d45e019a36b0fd.jpg,0,1,0,0
normal_d16abd9ee6945f576707_jpg.rf.1dbc1578a5e865c8b052df75964ff328.jpg,0,0,1,0
oily_5c8a1bbff929743d4c35-Copy_jpg.rf.8df77048dbe6f7ab79e0578635363023.jpg,0,0,0,1
normal_cf0d6fdde3c32affaffc_jpg.rf.d12ee6d884f26eeb75fb50bdc068ee3a.jpg,0,0,1,0
normal_3ad884c8f098a8aa9347_jpg.rf.758b2962e2bf1c4d11770cadfe811c07.jpg,0,0,1,0
normal_7be923370441d48ea98c_jpg.rf.ac1fe4bf2a781e62c7d3cf796bc15594.jpg,0,0,1,0
dry_4224751419445e1e5add_jpg.rf.24e31612e05112a078fde214b8be06d0.jpg,0,1,0,0
normal_d3d7caa27063f5aa17f2_jpg.rf.7990ee6d64196f620a4590a19969052a.jpg,0,0,1,0
normal_4470a6d0a6609dd83a6a_jpg.rf.c835a9a5717b7ed9ee87cb08c507db45.jpg,0,0,1,0
oily_new_10e48328d0d09d62ad1d_jpg.rf.32e54903ef6cc1dd8a5e83f20ea181fc.jpg,0,0,0,1
normal_d619d19c11a58eb0a42c_jpg.rf.d5cae84e53cbcd52c115663fc06b6b2a.jpg,0,0,1,0
oily_43c2213d65291b4d3a51-Copy_jpg.rf.9a36495d7ec72e63770174fe9904dd6c.jpg,0,0,0,1
dry_7554fdff421b3ef5515a_jpg.rf.376ba5aa76d19db2bde61736995e4eda.jpg,0,1,0,0
normal_9260278322f4457c4213_jpg.rf.4ba09f28d9fb0ee6acd46140b0cfdcdc.jpg,0,0,1,0
oily_c9d57c80bb89e1df9ec3_jpg.rf.035ea434732d40fe613f8f5b0c276273.jpg,0,0,0,1
dry_3d8419186cc3bbf8c5ab_jpg.rf.a03d26d2e8a92ffbae6e35303b0d9b6d.jpg,0,1,0,0
dry_86f303cdc53f1e637e40_jpg.rf.782b24767ed69edd1b3d50ad84436fe3.jpg,0,1,0,0
dry_new_5ffbbde4fbab651e0f97_jpg.rf.bc3587550fa39a4222b9b7fb6de89049.jpg,0,1,0,0
oily_4196de3853b203c216e1-Copy_jpg.rf.60623c330ec2159c9ef21bc73ef8c8dd.jpg,0,0,0,1
oily_new_a1101d859d4f1527e85c_jpg.rf.b4d20bf34ea4c31fe3741c35b7b07f5b.jpg,0,0,0,1
normal_732ce4b4e1aa283b8fe1_jpg.rf.eeb56ebe6f8462a9a0fc9dc35bd4885b.jpg,0,0,1,0
oily_42102c171424789c85d7_jpg.rf.19732364fdac11cc194255cd8b6f9432.jpg,0,0,0,1
dry_new_836268909eca7d11932e_jpg.rf.48dcd2683078dabcebe1afa638c78ae2.jpg,0,1,0,0
oily_new_1abe325c38f7c8686e1a_jpg.rf.8b53063da9cab61093cf72587e7b537a.jpg,0,0,0,1
normal_732ce4b4e1aa283b8fe1_jpg.rf.23ac8aeeb77acfe83566282a802e7659.jpg,0,0,1,0
normal_d0b72d5b1d8ce7f66e9a_jpg.rf.056af71a9b74e554850c256abc3633ee.jpg,0,0,1,0
normal_496e7debfa40850e6c07_jpg.rf.1cbbf50f3a1513df5ecadd4a4a4685fe.jpg,0,0,1,0
dry_new_6bd49d9d1c32e8dcdf8c_jpg.rf.e784337b7092aee7b5d4dc6ae5b14ac3.jpg,0,1,0,0
normal_d16c915d344dfd8bab99_jpg.rf.a9f1abf9c213dfddb5b66ce479c67900.jpg,0,0,1,0
oily_5952ac8c206a45bc8d6c-Copy_jpg.rf.babd2487acbc5b63a2b884175a3654c1.jpg,0,0,0,1
oily_3f4dfe94774aa9536338-Copy_jpg.rf.a402e7a19ad96f1a36bded0845623f41.jpg,0,0,0,1
oily_c9d57c80bb89e1df9ec3_jpg.rf.bd879c14a19b300a5da532a565ce6d3a.jpg,0,0,0,1
dry_3cc5c9d753f756066c44_jpg.rf.74d5b1a233c5f53e11dedd06dddc2700.jpg,0,1,0,0
normal_9260278322f4457c4213_jpg.rf.efb2391820367e8395858d24bc7e325f.jpg,0,0,1,0
normal_9ddd6bce4db02b4eba4f_jpg.rf.b78e2aa68917c75a5c2a6f7d09d7ee49.jpg,0,0,1,0
oily_fe6f60617df744bd42cd_jpg.rf.51169807f3c6e1c25318a38a8ebaae2a.jpg,0,0,0,1
oily_ffefb613dd6a94820a82_jpg.rf.250ac4310539414125cb9b1a4f11afdc.jpg,0,0,0,1
dry_new_82b1fe629aa194a6b9b7_jpg.rf.a766ced89f2510aa87a428c8a9cc8115.jpg,0,1,0,0
normal_58e8c3ea1cca89fa0ff5_jpg.rf.815e59dbc69e34e771adc1c699345ceb.jpg,0,0,1,0
oily_new_5e8440e7f0306aca2be9_jpg.rf.d14c7bd774c5b757f9a4838ed9bd1d2f.jpg,0,0,0,1
normal_d0b72d5b1d8ce7f66e9a_jpg.rf.860c7b7939059e2e574af260e75fac98.jpg,0,0,1,0
oily_59761d656ce7baf8748a_jpg.rf.2cbf12e70f0554baf82ac7d2fecb8d1f.jpg,0,0,0,1
normal_57ad3609d10ec8a2591a_jpg.rf.f08ab2bf629d954d7b72159cf1d4e6a6.jpg,0,0,1,0
normal_d619d19c11a58eb0a42c_jpg.rf.e492bbacad3ba9ea427f20283922e892.jpg,0,0,1,0
normal_64d318b3eb1370b5f9b1_jpg.rf.e5105e7b2bb7a0da069fafe124742fa7.jpg,0,0,1,0
normal_d16c915d344dfd8bab99_jpg.rf.7ce3d39199070a3381b2fe2bb2ea4c38.jpg,0,0,1,0
oily_d64ea5192a2ed0173ee4_jpg.rf.09beeda25f7f2a7cac32e25ed2edf794.jpg,0,0,0,1
normal_d66e8d27da4c5ee7a6b6_jpg.rf.4d519d0ac0f158baa9270e7eff5b37c5.jpg,0,0,1,0
dry_new_58939ae79285792df739_jpg.rf.c0a5831602c958278dbe86ad3adcdcf0.jpg,0,1,0,0
oily_2305f05613dbc8dd6b1d-Copy_jpg.rf.dbbcc3b911d95dc8fe534fbcf11ba7cf.jpg,0,0,0,1
oily_6432db3dd454280616a9-Copy_jpg.rf.a75a0c5e58ba445ffcaff2b6f2962ed0.jpg,0,0,0,1
normal_3c29dee4c06cd6accced_jpg.rf.33b3b9c18c774cd2c7c0bf7cbd738c03.jpg,0,0,1,0
dry_new_870f4c9044d3d62514ce_jpg.rf.6a320e9a243d5e19469fc7389f8656b0.jpg,0,1,0,0
dry_new_7c680f3b83a63ceb8f4d_jpg.rf.764dc0ba80eae2fc6b9daf2aaec47e04.jpg,0,1,0,0
normal_64c017e2b0f059a5db75_jpg.rf.e4969e01078ed922a8435de346186268.jpg,0,0,1,0
normal_d2ea2eccc43abb6d1083_jpg.rf.c745b3790637545a8656d1c92b12182c.jpg,0,0,1,0
oily_new_a04f2c5dcd09745ba83c_jpg.rf.add55e486f93e62cce5473e4295a808b.jpg,0,0,0,1
dry_new_862c20b819af869f2803_jpg.rf.2cb564ccc6ab3d4343a700f2668b55b7.jpg,0,1,0,0
oily_new_652ee37202a5295a29c0_jpg.rf.b163843273e36ae41eb43cbe292c9ad7.jpg,0,0,0,1
normal_d68e84abbd43cce00a01_jpg.rf.45f7e7b2072f1413d2cd99eae5f521ce.jpg,0,0,1,0
normal_d32b27bb16be69637ffb_jpg.rf.9bb32c3df7e7940e408da4355c0a2df8.jpg,0,0,1,0
normal_8dcc377bf91c101d929e_jpg.rf.3725b6521d7342ffeeea42f79b26e9b2.jpg,0,0,1,0
oily_2b3033454fa19bade3e4-Copy_jpg.rf.96882b0ff99bf58aa2c5066439042ef4.jpg,0,0,0,1
normal_3c04df403f7e03a75a39_jpg.rf.32e89c5f81bf37c363fc2ffad7bc82bf.jpg,0,0,1,0
oily_4214ac4065cc4662a529-Copy_jpg.rf.c31bbf8bb15e9baec1585bef7bfb2c73.jpg,0,0,0,1
dry_new_626e604155bc1f3b868c_jpg.rf.fec5415691c6cb824ff21a49138ea6f6.jpg,0,1,0,0
dry_new_8061a292e06c55eee57b_jpg.rf.da16b93831db28a79cce0d46f1cd914b.jpg,0,1,0,0
oily_new_59f64909de30d162371d_jpg.rf.a83969cf96d848638853cf64bcdb2e20.jpg,0,0,0,1
normal_a2acd5c0b261b2aa5cb9_jpg.rf.fa1f251262c8c3d56a3d4f9a8c3d3a5e.jpg,0,0,1,0
normal_49ce286775959f8f4637_jpg.rf.1c077508d6ccf8ed4ef7a3c637cfc679.jpg,0,0,1,0
normal_57ad3609d10ec8a2591a_jpg.rf.a5d7ea01d2a100ebe911fb93b1a3afcd.jpg,0,0,1,0
oily_new_62120a2cc8f47da0d18b_jpg.rf.e11bba9eecc15462d9e7cdb329a51ab4.jpg,0,0,0,1
normal_3b5d7b907f8e52954da7_jpg.rf.d6df3b083e414d2d4673f161b3253a09.jpg,0,0,1,0
dry_new_7c26300a593e1eb3e005_jpg.rf.3e7b4d9957aaf89737395cd3d1decef8.jpg,0,1,0,0
oily_new_115932be45ffc5d3969a_jpg.rf.1b588b949c336fe9b9d4b4ce05fea891.jpg,0,0,0,1
oily_new_652ee37202a5295a29c0_jpg.rf.537cff48c17388cf206ce9b4325a8271.jpg,0,0,0,1
dry_new_617292557004d8a16eaf_jpg.rf.f886bbaae7ec5e9556ab09e5d52689e6.jpg,0,1,0,0
dry_new_617292557004d8a16eaf_jpg.rf.6aeb9d32c6f4cbdffbceb916edf3ddca.jpg,0,1,0,0
normal_47db80325c6325e79b83_jpg.rf.dadc6514321f2c0a1cb507b8957eb85e.jpg,0,0,1,0
oily_42371e21d8cbda5aa5d4_jpg.rf.6a505f02aaf1060c2a69053b18f72d13.jpg,0,0,0,1
normal_a14336a197644b270b59_jpg.rf.5e0b04849917cf313f9532e9c7f483a7.jpg,0,0,1,0
normal_c2c01f0573b6c9be7a77_jpg.rf.c4d8742dde06e0042554f5b82bad5c4f.jpg,0,0,1,0
oily_40c9ee7092ec5884e713-Copy_jpg.rf.75c46c088d44633836617e36914e3d20.jpg,0,0,0,1
oily_f372f31e055b612b4ce3_jpg.rf.45729a9e74294216e139d3f8c5c40351.jpg,0,0,0,1
oily_4dfa0f5c548828cc97ec-Copy_jpg.rf.2931137f7daa8ba3576b501dbf45df95.jpg,0,0,0,1
normal_97aee90ec49dfccf4b21_jpg.rf.322ad3cf0262765a829b67d13860555e.jpg,0,0,1,0
oily_new_0110e7f529fcafd5dc56_jpg.rf.75aa8e1b8fe139c669382d13f8745478.jpg,0,0,0,1
normal_d3337955ecc82f0f98bc_jpg.rf.bdec725d398d9298ba432efdd3b2eadd.jpg,0,0,1,0
normal_d92903e1b76cdbe0aa67_jpg.rf.9c4976369af9140b6814540fd5d5287b.jpg,0,0,1,0
dry_3cc5c9d753f756066c44_jpg.rf.5684f2bc00e0c888f7497ce716bc2682.jpg,0,1,0,0
normal_d8d07405277570c1f5a3_jpg.rf.b420b6dd5ef41b1fa40c23c27d51dff8.jpg,0,0,1,0
dry_3d72fd4884bb442a9f8c_jpg.rf.b5d6d973cbd7d01f23ddd4003f528a00.jpg,0,1,0,0
oily_4dfa0f5c548828cc97ec-Copy_jpg.rf.513bf0e5f2732b9f765d4b942da11b0a.jpg,0,0,0,1
oily_new_1abe325c38f7c8686e1a_jpg.rf.f18e1b41020935f127c01a2e3cfb41af.jpg,0,0,0,1
normal_3f055eedbd08db1a4b73_jpg.rf.5cc5d46864912c957d194f81929fb6b7.jpg,0,0,1,0
dry_new_7c26300a593e1eb3e005_jpg.rf.defafe45c60f2d031bcfc4f6998b3d02.jpg,0,1,0,0
oily_4214ac4065cc4662a529-Copy_jpg.rf.f76a26e0439cb39473ca7dac860de554.jpg,0,0,0,1
normal_60b8d9746776be55dc4c_jpg.rf.d39f919e8e0747139fc60832afe245c5.jpg,0,0,1,0
normal_d3d7caa27063f5aa17f2_jpg.rf.acd3f3dff38f03dfde60725e9704599e.jpg,0,0,1,0
oily_457abd24bbbe7a8baa1b-Copy_jpg.rf.f85674eda3cab6dfb9daa03c77d29a1c.jpg,0,0,0,1
normal_d92903e1b76cdbe0aa67_jpg.rf.1edaf53d7b40a25bb0aa20f2ccdb056d.jpg,0,0,1,0
oily_new_37fe4e04e73cf11d2ef8_jpg.rf.bc007385d1bbcfa1850a180a555998e1.jpg,0,0,0,1
normal_dc4e275a5b01195e52d5_jpg.rf.a18f6bc9b386e6a4c415db70bdd00148.jpg,0,0,1,0
oily_3fe4adc9d6c9bcead953-Copy_jpg.rf.426c0d802b38d450607404150d8a32ee.jpg,0,0,0,1
normal_5b465f7e4d39756ca78b_jpg.rf.bfa4fb79a9e85abbba7a9aff68bf5f8a.jpg,0,0,1,0
dry_new_7e4544bdb1b24d471db2_jpg.rf.885e8e034ee81a114d4fe1ff3f731d60.jpg,0,1,0,0
normal_3a9aef121f54bea1361b_jpg.rf.d7dd577c11ac2679dfd461658ae7f1d9.jpg,0,0,1,0
normal_e037471ab033b32e9b5b_jpg.rf.66c93c00fabd5bac59cd5e8b849d9af4.jpg,0,0,1,0
oily_new_6661ffc6f1dcc28e015b_jpg.rf.cb72fae54160b798a0f641b30ffc3017.jpg,0,0,0,1
dry_a2e58a191f5be94f4df5_jpg.rf.cf8d841219431441571d700568af362a.jpg,0,1,0,0
dry_4c6dee22484ea113e5dc_jpg.rf.5e43c9029bda6504c987f9168e7e20ab.jpg,0,1,0,0
normal_57ad3609d10ec8a2591a_jpg.rf.60c34ed28fc3f7215403cf1e8a1120f2.jpg,0,0,1,0
normal_dd408aad7c6a05c2a70f_jpg.rf.5f3e47fb440f61ab09264e5d3a90e335.jpg,0,0,1,0
normal_94909a2a072fef7cb269_jpg.rf.f089e910ff9208a1095cf66dd87d0cdc.jpg,0,0,1,0
oily_3fe4adc9d6c9bcead953-Copy_jpg.rf.ee96c68acef3262c01ede33eb79471e4.jpg,0,0,0,1
normal_d93f2b22feca46380bab_jpg.rf.8ba8f098217aacd53fb0a80406338302.jpg,0,0,1,0
oily_40c9ee7092ec5884e713-Copy_jpg.rf.e0652c15c84b4e8ca747d2a2238029e8.jpg,0,0,0,1
dry_7789231192a8286641d6_jpg.rf.781bb21fe4680614b44c91538fdd79d6.jpg,0,1,0,0
normal_97aee90ec49dfccf4b21_jpg.rf.c5120c48759f2cb551a24d03e4425173.jpg,0,0,1,0
dry_39d101c3cfe6b57e9988_jpg.rf.0ebb731cd1d9891b8e75aa4960244f5c.jpg,0,1,0,0
dry_42c2581dda359661d382_jpg.rf.ba820f531c3c9d74b5deaf7ea297d8d6.jpg,0,1,0,0
normal_a2acd5c0b261b2aa5cb9_jpg.rf.a40c45249ab4d642faed3e136bd47219.jpg,0,0,1,0
normal_73557e2b434e42de169b_jpg.rf.82dd2af48262931bd51646acd7cf2119.jpg,0,0,1,0
dry_new_859783c3e6eed397936f_jpg.rf.29e5eb184200b95c4b43c6258ddf9eaa.jpg,0,1,0,0
oily_new_229ef219363fbb3e4452_jpg.rf.73ed39ab6f74d824e30fda7823e528b9.jpg,0,0,0,1
oily_4e44fd089d5cb62f0655-Copy_jpg.rf.edbdea4f9fca582f1e3719eb2c16d568.jpg,0,0,0,1
dry_4224751419445e1e5add_jpg.rf.31830b111cb5341d103d9eaa23773bc0.jpg,0,1,0,0
normal_d1da7093b92eb2996128_jpg.rf.50a9e97237804ffff680444a74e41af3.jpg,0,0,1,0
oily_3fe4adc9d6c9bcead953-Copy_jpg.rf.b1b07e127eef4186015292a12a0676ff.jpg,0,0,0,1
normal_4050e822a41ff5f55a73_jpg.rf.4fafa1ee56a4a29c588e2a31facdbda3.jpg,0,0,1,0
oily_new_652ee37202a5295a29c0_jpg.rf.d5179fd8e67dc75fd1bcdfd25a3faaf6.jpg,0,0,0,1
normal_954174c65df7f95ff55d_jpg.rf.a02cb03bdc8ee8867fc968dff8a464b3.jpg,0,0,1,0
normal_c35e8cd457b0201dc14e_jpg.rf.61b8b3e7a9ed37c32ca1b54eda89a26b.jpg,0,0,1,0
dry_new_edc66c76fd3f6c4f5946_jpg.rf.04b22dba79fb1f427f9a84d4c29524bd.jpg,0,1,0,0
dry_new_c8be4950560a49f1e230_jpg.rf.33dd3e8bfcead292bf78433070d08ae0.jpg,0,1,0,0
oily_3f8072c555504d75091b-Copy_jpg.rf.8ae47f7c5ce7f5d602eefcb2d5ba2e6e.jpg,0,0,0,1
normal_5e7f3a2b459834070ba1_jpg.rf.1a9986d942ffda23294a0599ee88ad45.jpg,0,0,1,0
dry_3d8419186cc3bbf8c5ab_jpg.rf.3c66d03fe7760da637d5cdf47bc07778.jpg,0,1,0,0
normal_a48c8e2825afb3dbad0d_jpg.rf.d663345ddbb405d1e982addbe726578a.jpg,0,0,1,0
oily_457abd24bbbe7a8baa1b-Copy_jpg.rf.bcc50c10c838845d15966fb431abb2ab.jpg,0,0,0,1
normal_61d27fc8c00b4d6d70a5_jpg.rf.564a189d545005bff757ab3f6dd80f85.jpg,0,0,1,0
normal_d16c915d344dfd8bab99_jpg.rf.3c6f08c732e862fdfe28463a8ad4b1f4.jpg,0,0,1,0
oily_new_3665d1285239d706b489_jpg.rf.2c556afa0764602bd167a1f51a5aea00.jpg,0,0,0,1
oily_4e44fd089d5cb62f0655-Copy_jpg.rf.f9f9a0cf65fd4ab9c0122b6bd6f191ed.jpg,0,0,0,1
normal_dca9fb953d5f71d3852b_jpg.rf.22968c093a085ba2991108534668ef05.jpg,0,0,1,0
normal_d3337955ecc82f0f98bc_jpg.rf.fa517cc3d9b0a154fdd444d0a9758154.jpg,0,0,1,0
oily_new_3abe4e57b298ceffae71_jpg.rf.ed718c3176d06ea00b02b2184a90a4c5.jpg,0,0,0,1
oily_ffefb613dd6a94820a82_jpg.rf.c88b892df8b01608321936fdde5ac4e6.jpg,0,0,0,1
normal_3c04df403f7e03a75a39_jpg.rf.7f1362c30ffd2deb0a68d3cb578b2db9.jpg,0,0,1,0
oily_new_14e89a7b4aea8cd7167f_jpg.rf.7124bc298b173e2975c4ebf5542a4a72.jpg,0,0,0,1
normal_61d27fc8c00b4d6d70a5_jpg.rf.85122c39f7fe0de1c1be261b078f5772.jpg,0,0,1,0
oily_6c43ed2461d82f37ec4f-Copy_jpg.rf.5b00056d84081f86e262c1e83d6f6ea3.jpg,0,0,0,1
normal_49ce286775959f8f4637_jpg.rf.e260239b0b58796bd4cc86896b2fc1a2.jpg,0,0,1,0
normal_49ce286775959f8f4637_jpg.rf.c747c3d9e3f138f871e2bd0afc2aa49d.jpg,0,0,1,0
normal_d8d07405277570c1f5a3_jpg.rf.9203226a9b4364d07ac034e13c856d0a.jpg,0,0,1,0
oily_5195a4490ec4b75f2a97-Copy_jpg.rf.7e05dfac7ab796744768e49a42212c4c.jpg,0,0,0,1
normal_8f324d51a90841a5cdc1_jpg.rf.81d6e52d183c0d6f4bad76effb158546.jpg,0,0,1,0
normal_d1da7093b92eb2996128_jpg.rf.5bc8f680f5aee37c0f542f5086051058.jpg,0,0,1,0
dry_new_e57566251eeb7c0ce445_jpg.rf.7bacf0f37d636a5d52ea8702f539d75b.jpg,0,1,0,0
oily_new_14863e078c60bbe25c21_jpg.rf.fc6ec0309ae8479b3ce741b646f63389.jpg,0,0,0,1
dry_new_ef65c21798ad978b1de8_jpg.rf.c3e85cb117ce1d2b21e1352c3f998b0a.jpg,0,1,0,0
normal_d2ea2eccc43abb6d1083_jpg.rf.c60dd163bc00d540200e5a44d36e27d5.jpg,0,0,1,0
oily_new_6864360bae3fbbb8bde4_jpg.rf.327dd0357c5cc9d0e0c7ed874255c019.jpg,0,0,0,1
normal_f69ce6236031b380189b_jpg.rf.8d767099744e393138b794c1c5a25ba4.jpg,0,0,1,0
normal_d68e84abbd43cce00a01_jpg.rf.17b8132e7bdecd12b1002b8e490726e5.jpg,0,0,1,0
normal_432be29967226f94d4f3_jpg.rf.f7e91053635b6e9257fa2010e16b1491.jpg,0,0,1,0
normal_d1da7093b92eb2996128_jpg.rf.0beb8b2eeb436e397ab3cf8c1edc46be.jpg,0,0,1,0
normal_a48c8e2825afb3dbad0d_jpg.rf.c8274bd555461e50ae56a18bc4cf830e.jpg,0,0,1,0
normal_d2d3ac234dac7496f459_jpg.rf.2eb1631e8251e92850d2587e7da781d9.jpg,0,0,1,0
oily_42371e21d8cbda5aa5d4_jpg.rf.de4b140b02c856d1dfc1db8ef831530a.jpg,0,0,0,1
normal_d7faedfabbee02bd87db_jpg.rf.520032ca943b5f454e1f3adb31121ab5.jpg,0,0,1,0
dry_44adb8ea8bf37eb587f4_jpg.rf.86f1ce19ba89cc33aa2f286cdbc95059.jpg,0,1,0,0
oily_new_115932be45ffc5d3969a_jpg.rf.60e009e68d8b665c0182f0328d247051.jpg,0,0,0,1
normal_42b232e4bef77f8a57d2_jpg.rf.e3d72cd88c1dad4d5d2f227349f7beaa.jpg,0,0,1,0
normal_73f240a2b213ce4058ab_jpg.rf.5f1d825600919bae5ebe62bc5e808d5d.jpg,0,0,1,0
oily_54d7e7e9bce13361b29c-Copy_jpg.rf.5f13d1358c11428780bf79d7d9ed875d.jpg,0,0,0,1
normal_dc4e275a5b01195e52d5_jpg.rf.6419b00ca4cba2ac4305f4502c9f765f.jpg,0,0,1,0
oily_new_367f0bad18808accb3e5_jpg.rf.fc87ecaa0391b9511e91dbd46da57a49.jpg,0,0,0,1
dry_5aa5701d1870f076fd81_jpg.rf.67614816ae2919abf1c4f4768462cc92.jpg,0,1,0,0
oily_new_23c3f763dad8eee143f2_jpg.rf.2b651c65250f5bc392f5b71e432477fa.jpg,0,0,0,1
dry_74fa122d449eb37717e6_jpg.rf.977c050e58415f01a91160600d0904f2.jpg,0,1,0,0
oily_new_0cc53f5059785022cfbc_jpg.rf.58d34cc4783148eeadfd5d6162e46477.jpg,0,0,0,1
dry_a35d67ed5c4b845db239_jpg.rf.ec8301d44a6c62499f39f09d924d5d8f.jpg,0,1,0,0
oily_457abd24bbbe7a8baa1b-Copy_jpg.rf.9467cc0abd95b9eea8a02f4c83169810.jpg,0,0,0,1
dry_new_652a087f0622a899f4d1_jpg.rf.e56096f883081386d9198c26b71be312.jpg,0,1,0,0
normal_e037471ab033b32e9b5b_jpg.rf.d358824c15d228a71b19a17b2bde2183.jpg,0,0,1,0
dry_39d101c3cfe6b57e9988_jpg.rf.03bfff96518349052f821183a2b5975a.jpg,0,1,0,0
oily_new_115932be45ffc5d3969a_jpg.rf.a6e759a8080b53af54a3ef2a190c38fa.jpg,0,0,0,1
dry_new_859783c3e6eed397936f_jpg.rf.b4a47c22ade6b83bfdf9e7c76fb39b7e.jpg,0,1,0,0
dry_44adb8ea8bf37eb587f4_jpg.rf.2f7730df4f887450aa1e7e44b2672e54.jpg,0,1,0,0
normal_d2ea2eccc43abb6d1083_jpg.rf.4a8c4d059798d56bb88b6c7fb6574731.jpg,0,0,1,0
oily_new_2f3e5fc5fef35bc400f8_jpg.rf.055cb3b063a17c2be4b1198a88c1d10d.jpg,0,0,0,1
normal_8e5e9ac3c56cdd16d6c7_jpg.rf.dc0413d2262786fdcb27150d95d1cfdc.jpg,0,0,1,0
normal_3a9aef121f54bea1361b_jpg.rf.27ea2f3066293fd5b0c10eb11ceb7ac8.jpg,0,0,1,0
oily_54d7e7e9bce13361b29c-Copy_jpg.rf.8b1ebabdeb5fafccc07eef57bccc20be.jpg,0,0,0,1
normal_3b5d7b907f8e52954da7_jpg.rf.9d00c0faa8c982b44b60a3c201f1c32c.jpg,0,0,1,0
normal_99c92165ac2a5954dd3c_jpg.rf.adaa4552b630d3494c6c5e6edc6dd45e.jpg,0,0,1,0
oily_d879ac1e2727f6ff26bf_jpg.rf.39fa0f7dfa45a63f65d147048b15f5ff.jpg,0,0,0,1
oily_new_31dfe0606612b5da11e4_jpg.rf.7cdb235d41abb833475cd215b314362d.jpg,0,0,0,1
dry_7789231192a8286641d6_jpg.rf.14518d97ca729da42c09f6fedf6ce267.jpg,0,1,0,0
normal_56ef66bbff36af15a5d4_jpg.rf.3db51f41df6bb5e1f255b0376934bf25.jpg,0,0,1,0
oily_566686bf93fa20a72095_jpg.rf.8c5a7baaa37d24346407fb25e4fd809c.jpg,0,0,0,1
oily_566686bf93fa20a72095_jpg.rf.b540e830da995163ae967268d65010ed.jpg,0,0,0,1
normal_73557e2b434e42de169b_jpg.rf.daee4e93aa60ba8b3f247cd8a0dddbe0.jpg,0,0,1,0
normal_8dcc377bf91c101d929e_jpg.rf.b31be7c2dc7d8f434c7a5dbc44e4f855.jpg,0,0,1,0
normal_e0ebefbb251dc30cfeb0_jpg.rf.c446e62890069a9edc178e2d4282664f.jpg,0,0,1,0
oily_456309334779a197dc32_jpg.rf.9f0eab68ac6f5025fada1c56a270f100.jpg,0,0,0,1
dry_new_f325f38ec63f2bbf4371_jpg.rf.38e0e5ec087d02e0a6f8da6b5d9f94b9.jpg,0,1,0,0
normal_606d1ea4beefb145971f_jpg.rf.29d83bcafae21b219549bef454645472.jpg,0,0,1,0
oily_4e44fd089d5cb62f0655-Copy_jpg.rf.b74ee474b31594308cac33da6811788a.jpg,0,0,0,1
oily_fe6f60617df744bd42cd_jpg.rf.2a1363f4d57407f95897e9e6fef146f9.jpg,0,0,0,1
normal_dddca2ebb807f1aee9da_jpg.rf.d7429064ed5cec4d11c1288d722549a9.jpg,0,0,1,0
oily_new_24d56851e957863c08ba_jpg.rf.c8e619a4dd093fffbe7d94ad1b9ab427.jpg,0,0,0,1
normal_d92903e1b76cdbe0aa67_jpg.rf.e542e9cef4213a428cc2e09621c6de09.jpg,0,0,1,0
oily_new_62ba91d3e9055ac46046_jpg.rf.7a5c901062bebc9bbf820aa4eaff6035.jpg,0,0,0,1
normal_97aee90ec49dfccf4b21_jpg.rf.99cbf55bc94796ba77bae5b6d5dbdef0.jpg,0,0,1,0
normal_e0d159be5a6df664fe03_jpg.rf.6ae2b738abf78176bcccaeb3b2a90286.jpg,0,0,1,0
oily_53f865477b6815109a91-Copy_jpg.rf.44141cf1d6e9f72363cb8dc97c65f01a.jpg,0,0,0,1
normal_f579fae01fbd60200d26_jpg.rf.0c5a1728cdb9d15c3edfa7f3f61f5812.jpg,0,0,1,0
normal_9ddd6bce4db02b4eba4f_jpg.rf.1034afbac72d5fe65f8a19709fef240b.jpg,0,0,1,0
normal_new_75111c4cd25e764550c7_jpg.rf.e229fda1f6c11d83172bb263633ea177.jpg,0,0,1,0
normal_5e7f3a2b459834070ba1_jpg.rf.595bf716f1d06cc7b36175142ae1ae3a.jpg,0,0,1,0
normal_8ead388c1069abfa1aa0_jpg.rf.2ad2ff5cdbccfc4f222bdb02c3fc5167.jpg,0,0,1,0
oily_f372f31e055b612b4ce3_jpg.rf.0673a25d49162637c2c491fca18bbcec.jpg,0,0,0,1
oily_new_14e89a7b4aea8cd7167f_jpg.rf.b665326936570c3aa414a1385717c21f.jpg,0,0,0,1
normal_d93f2b22feca46380bab_jpg.rf.aeb61791461113cdd669102bcde713e0.jpg,0,0,1,0
oily_dce6030e398c8c74b7fd_jpg.rf.4abd19b0996c193a2cfc28a36dac0298.jpg,0,0,0,1
normal_a1ec8b6d86e28a74c32c_jpg.rf.c1797c1eb1f241b90bbb7115bd95c828.jpg,0,0,1,0
oily_new_022134125ccd74dc7cca_jpg.rf.5482177cbbe5cd93afb26d14a4ec99b4.jpg,0,0,0,1
normal_e3411826fec90e7ea2a1_jpg.rf.1ad773e6696e13079beb50695cd6786d.jpg,0,0,1,0
oily_473346417b848c5760f3_jpg.rf.0b943c2750623e9e1cc12d393ccebbff.jpg,0,0,0,1
normal_5b465f7e4d39756ca78b_jpg.rf.18486abd48d7156a726fa239e19152ec.jpg,0,0,1,0
oily_5195a4490ec4b75f2a97-Copy_jpg.rf.276ee73699a73511263b61989a7b2488.jpg,0,0,0,1
oily_new_67c363f191593cd1ac56_jpg.rf.c195c88bbe8a86796ab3fe3232031537.jpg,0,0,0,1
oily_new_2ea35bf3d7e570ad8038_jpg.rf.82d64a170a2b59e73a8e84a2454c0202.jpg,0,0,0,1
normal_e0e23f4f3177a3093698_jpg.rf.6deb3a96c01a18f69ca0a1ec9dc553cf.jpg,0,0,1,0
oily_45cdfba1c2c2c2861481-Copy_jpg.rf.fa91ad9008c5c90946f74c2da755ef2e.jpg,0,0,0,1
normal_4050e822a41ff5f55a73_jpg.rf.6a0a35fda7ebec762f95c7fc86feaf16.jpg,0,0,1,0
normal_3c29dee4c06cd6accced_jpg.rf.48dc6ab836802346dc51f2f1cb19211c.jpg,0,0,1,0
oily_new_69b25e95843457af2019_jpg.rf.fbe67eff38decad082ff438cdbf9030d.jpg,0,0,0,1
oily_566686bf93fa20a72095_jpg.rf.f5c8a9b64359a58be59d4e91c9f7f281.jpg,0,0,0,1
oily_new_36bd53d1d0d720b5aaf8_jpg.rf.de499beff4cbba6675ecd4aee44fcb87.jpg,0,0,0,1
normal_5ab2ed48ce77534ffe04_jpg.rf.f0b0891a232aaff6abeee5e480ca9294.jpg,0,0,1,0
normal_8ead388c1069abfa1aa0_jpg.rf.a021d53b199474b7778b8c999d6d0762.jpg,0,0,1,0
dry_88bdc5b6139011037b46_jpg.rf.aaf299a8c3d0544da19f3a5410bc1712.jpg,0,1,0,0
oily_new_37fe4e04e73cf11d2ef8_jpg.rf.c3ebe08cc0583eb96c867616476235e6.jpg,0,0,0,1
normal_dddca2ebb807f1aee9da_jpg.rf.3ca787e8fcaff12a3d39ebf3484adc19.jpg,0,0,1,0
dry_7789231192a8286641d6_jpg.rf.971df1801e459e51ba28353c80ab6a34.jpg,0,1,0,0
oily_53f865477b6815109a91-Copy_jpg.rf.575347739fbf57f76056a2adaf8c9258.jpg,0,0,0,1
oily_473346417b848c5760f3_jpg.rf.e8af1fdf67fe6d66aa08509b58d68cd4.jpg,0,0,0,1
normal_622d0e878e2bfe41ee88_jpg.rf.4883309baf62ef2c1b1abc71f9bcc339.jpg,0,0,1,0
dry_722f267df7d8e3b9ba38_jpg.rf.103587cbb2cc031d6f1f7a8ba1966b13.jpg,0,1,0,0
dry_3af68a1937218e391938_jpg.rf.1f7f4dc3c00aacb38f655ed22b093a29.jpg,0,1,0,0
dry_404a5c555a772940dcd3_jpg.rf.910173c7c348092f5cbb9e5d46ef33e3.jpg,0,1,0,0
normal_622d0e878e2bfe41ee88_jpg.rf.79e735bacc58efda7456fd4b4a06363a.jpg,0,0,1,0
normal_dc4e275a5b01195e52d5_jpg.rf.d2524694313956e2312fce268298c39d.jpg,0,0,1,0
dry_40198643ecd73d3c1816_jpg.rf.4a7eb6ade047089feef8b9f9036007dc.jpg,0,1,0,0
normal_5ab2ed48ce77534ffe04_jpg.rf.c88bafc9b6fff1595caec813126364c4.jpg,0,0,1,0
normal_432be29967226f94d4f3_jpg.rf.916dd087ade697347b8b8c9e51779a78.jpg,0,0,1,0
normal_62a5946400a73c52ac7f_jpg.rf.1db8f8d4d4f6ce64d7de47a7e02b4f81.jpg,0,0,1,0
normal_a1ec8b6d86e28a74c32c_jpg.rf.ab8d1b32a8fc01eef6a29ac357f7e23b.jpg,0,0,1,0
oily_new_23c3f763dad8eee143f2_jpg.rf.84f7ab0ad5f222a7854445e20eca379e.jpg,0,0,0,1
dry_7057947125674cacc670_jpg.rf.bd9c50f661e6fbdc60eda44c4697a803.jpg,0,1,0,0
normal_e0d159be5a6df664fe03_jpg.rf.7c041e798a812e0eb22594faeb38441e.jpg,0,0,1,0
oily_new_107765afb8bbaf7b8c00_jpg.rf.18891a03e6116efe5ad296a9e3aeaf67.jpg,0,0,0,1
normal_42b232e4bef77f8a57d2_jpg.rf.19e527a590a011635b90c5423357009d.jpg,0,0,1,0
oily_new_3e8663cc0bec27d7f054_jpg.rf.41c469b72111b76310e2d8f1460a4ac9.jpg,0,0,0,1
oily_4b86102cdee1ca19241e-Copy_jpg.rf.543c01e401c9ab585863a55a7ab6933a.jpg,0,0,0,1
normal_58e8c3ea1cca89fa0ff5_jpg.rf.4af671cf567ebce579159464b891bd0c.jpg,0,0,1,0
oily_53f865477b6815109a91-Copy_jpg.rf.2349926d5317946e8906c43754304431.jpg,0,0,0,1
normal_e594224a7fdd04645d20_jpg.rf.4913d3588d91b4423cd1dd7ae35d98d4.jpg,0,0,1,0
oily_d879ac1e2727f6ff26bf_jpg.rf.95c1329690980b93adcaf5755dba6eb1.jpg,0,0,0,1
oily_6432db3dd454280616a9-Copy_jpg.rf.01da4d075044d7b8504e6716d6bc1cc7.jpg,0,0,0,1
normal_e594224a7fdd04645d20_jpg.rf.fe95c225fb86a29ecdd97affa61c13c1.jpg,0,0,1,0
normal_d93f2b22feca46380bab_jpg.rf.417ce5d762118d6acadc022feabe2b61.jpg,0,0,1,0
dry_new_ef65c21798ad978b1de8_jpg.rf.5abf4016e8a5826018b0063ab71fd971.jpg,0,1,0,0
normal_d2d3ac234dac7496f459_jpg.rf.ac2e04237549bcd9503b3a4769451aeb.jpg,0,0,1,0
normal_e55a35636ddf20e271c7_jpg.rf.902be0cbbd3a4a622579c7fba52eb7aa.jpg,0,0,1,0
normal_new_75b6d40f4625e222bc8d_jpg.rf.bfdac97858b2328f1e54b756fe2884bf.jpg,0,0,1,0
dry_3b2bce9935cd432be1e6_jpg.rf.e159d7d5f935bd7b94713855e037876b.jpg,0,1,0,0
oily_new_03ae7598c95a97654a97_jpg.rf.46bca4afe9fd06a79bf5b41b36ff3b18.jpg,0,0,0,1
normal_606d1ea4beefb145971f_jpg.rf.7ed944b6d98b14ec19a6850da12dcb45.jpg,0,0,1,0
oily_new_2ea35bf3d7e570ad8038_jpg.rf.896a54a81d2b72b290dd200412eec6d3.jpg,0,0,0,1
oily_fe6f60617df744bd42cd_jpg.rf.59923be3bf6bbf64a8f2fc7e09f4233c.jpg,0,0,0,1
normal_e0d159be5a6df664fe03_jpg.rf.a1f58180091eb63ca42c488515e89b9f.jpg,0,0,1,0
dry_722f267df7d8e3b9ba38_jpg.rf.01f9f119999f843b5384b19075626a8f.jpg,0,1,0,0
dry_new_e57566251eeb7c0ce445_jpg.rf.b0285212e3bd7da88a3eda461dfe929a.jpg,0,1,0,0
dry_44adb8ea8bf37eb587f4_jpg.rf.ecf1b46d5f099bbd790b933522fcf528.jpg,0,1,0,0
oily_new_6d9b301749cedc37dc7d_jpg.rf.6acb5c7dcf58812f8a59683e02a24db0.jpg,0,0,0,1
normal_new_75111c4cd25e764550c7_jpg.rf.d18d1e11ec50444eeed23a1fba427553.jpg,0,0,1,0
dry_42c2581dda359661d382_jpg.rf.5cff673c17b6c8c371e6820bdab74905.jpg,0,1,0,0
oily_57a7a9c7839385c34d32-Copy_jpg.rf.f55f0f68f83ece2873185f293b5066b4.jpg,0,0,0,1
oily_new_6cdf932b35dd368028f6_jpg.rf.e978a92272ca8318bf246de33a3b34e6.jpg,0,0,0,1
dry_5bae34929f67ef416245_jpg.rf.7aa7804d6cef4f2ca98a2b255205b6bd.jpg,0,1,0,0
dry_6d2dc1f89abf1ce87e45_jpg.rf.de5d54fc86c0ee4ddef9a51a39b83c82.jpg,0,1,0,0
oily_new_0c9a0733f28b589fd8bc_jpg.rf.24f9ca9408eda5243b7dccb05d6d13ac.jpg,0,0,0,1
normal_91db80d53372b18520fd_jpg.rf.5a575d5e51b1d6149397848f71a54993.jpg,0,0,1,0
normal_e3c1fbdd764bbadf6b1c_jpg.rf.46d2d17780a7420ead7975002cb5a30d.jpg,0,0,1,0
oily_57a7a9c7839385c34d32-Copy_jpg.rf.04c77ecc69c65cfb9474e817cc5845f9.jpg,0,0,0,1
oily_new_0cc53f5059785022cfbc_jpg.rf.982e23033bf7c100c45319416164e12e.jpg,0,0,0,1
dry_3af68a1937218e391938_jpg.rf.654f9ee87e1775680f3dd7fbfa8cc82d.jpg,0,1,0,0
dry_new_edc66c76fd3f6c4f5946_jpg.rf.7c5e59adafbc4e1f9e6a8a2c61ce194f.jpg,0,1,0,0
normal_d8d07405277570c1f5a3_jpg.rf.0507c9d934c4039ad66af726f5bbddb2.jpg,0,0,1,0
normal_4dd9029879ca290f3652_jpg.rf.c11f1939449c0690d9a8c158c1207a0c.jpg,0,0,1,0
normal_62a5946400a73c52ac7f_jpg.rf.c27762f265f9663bb59f6cc278298cce.jpg,0,0,1,0
normal_new_6ba64cee8db5124b82ce_jpg.rf.22e2aa78c98a77f23db1972a20ad7a86.jpg,0,0,1,0
dry_8b121d27ba0acae996a6_jpg.rf.9899d68def0935f941fe5ba463b848ab.jpg,0,1,0,0
dry_a6cce2e40db992d4971b_jpg.rf.2c7c9f96052bbc914785627ec3a0280b.jpg,0,1,0,0
oily_new_04bedd67dd94127e1d36_jpg.rf.187cbf4799aeb8c5b67e1e566ca14ba5.jpg,0,0,0,1
normal_e3c1fbdd764bbadf6b1c_jpg.rf.f290bc2b1ec98d43edc5604bc8b7a5e1.jpg,0,0,1,0
dry_40198643ecd73d3c1816_jpg.rf.c99af005632d80f94ac3f17dd1ac26c4.jpg,0,1,0,0
normal_62ac55f522e7df1333dc_jpg.rf.4f250847aba25e86d27336a320ce2a6b.jpg,0,0,1,0
normal_e0e23f4f3177a3093698_jpg.rf.b166bb833f0f24fb3d8f767c1c22247a.jpg,0,0,1,0
dry_new_f538173609a8e99eb4ae_jpg.rf.14108122321aa046d4671cdde3a11749.jpg,0,1,0,0
normal_629fdf1eb2060e6dc180_jpg.rf.15b522fbf2a0b82a5106523b1b0e5518.jpg,0,0,1,0
normal_e68892691826c6f76b5d_jpg.rf.cd9f452eb1d57e6699ac196063b8983f.jpg,0,0,1,0
oily_new_04bedd67dd94127e1d36_jpg.rf.87068b89a83333c6df684b376d70fe76.jpg,0,0,0,1
normal_97aee90ec49dfccf4b21_jpg.rf.9e04e67d886d713585df72945bdf4dfc.jpg,0,0,1,0
normal_e6a7c92729dd8b9555be_jpg.rf.3000c1cd5ff666c99f971ce66bd1033a.jpg,0,0,1,0
normal_4b67c3e173f8a2119f30_jpg.rf.6eb686bcdb98bd7d6c673f27dbe212f6.jpg,0,0,1,0
oily_new_24d56851e957863c08ba_jpg.rf.f73581017d0950b7d23be0a2596d2f7a.jpg,0,0,0,1
dry_new_e57566251eeb7c0ce445_jpg.rf.209d0cdabf4f708a1d14f4b5bfdac9ce.jpg,0,1,0,0
dry_7554fdff421b3ef5515a_jpg.rf.e5ed4b6824a510b8ed3fcc437df299d7.jpg,0,1,0,0
oily_de89fc1ef64327a21705_jpg.rf.1ef20be07f469f374945c8002a7affb5.jpg,0,0,0,1
dry_5d9682c266cc9bfd60ad_jpg.rf.c2da8821dd45bbd307b9a2d6f51732e1.jpg,0,1,0,0
dry_new_f72910f3fc6a7ef7b01d_jpg.rf.034f2a8a299ee4f4ef92ee8696370df1.jpg,0,1,0,0
normal_4369b45339b9d695a58e_jpg.rf.47b6c8b15f76f43d5e8a959c215d381d.jpg,0,0,1,0
dry_5bae34929f67ef416245_jpg.rf.a2dbccc470b2215005810e461b611a11.jpg,0,1,0,0
normal_3f055eedbd08db1a4b73_jpg.rf.1d64aba7592e6fad9b6e2c6071acbe93.jpg,0,0,1,0
dry_68a0394b89915f31faf4_jpg.rf.6f885a3f7a4426eba670baf18544e856.jpg,0,1,0,0
oily_f372f31e055b612b4ce3_jpg.rf.790871a7d52412910166827e291a33e7.jpg,0,0,0,1
normal_new_6df08901f5edd86307b7_jpg.rf.c09d4dcf6b6343d88d9182d28d665143.jpg,0,0,1,0
oily_new_0d551b35b8609846fe2e_jpg.rf.aca9b04a293e7219cb927490781fb41e.jpg,0,0,0,1
normal_new_75b6d40f4625e222bc8d_jpg.rf.2111797a35e9293ecd9653d933503367.jpg,0,0,1,0
normal_83a49f0ec50925b64e1a_jpg.rf.cdd49240b357955944fdc02aa837930c.jpg,0,0,1,0
normal_9db2dd9152632426f474_jpg.rf.c14d738e5f67faf481e10fe59f78b623.jpg,0,0,1,0
oily_4dfa0f5c548828cc97ec-Copy_jpg.rf.4206a303e21213235d37e9f2c60762eb.jpg,0,0,0,1
normal_79efe949d5d4b1ca655a_jpg.rf.53589a7e891ee0c38e675088242012ff.jpg,0,0,1,0
normal_e3c1fbdd764bbadf6b1c_jpg.rf.1ced0b30ccee9a2fb78fe2cbb13ae31c.jpg,0,0,1,0
dry_3e272674d4fc2521b882_jpg.rf.d478f929da99420dace7a907263d2df1.jpg,0,1,0,0
oily_new_31e6a67bd93f78dbb9f1_jpg.rf.a470ca3b1f9ff9d79e8dc9d69c2ced7b.jpg,0,0,0,1
normal_d7faedfabbee02bd87db_jpg.rf.904a7e1e2d3affab3057c88f9225e0b4.jpg,0,0,1,0
oily_42371e21d8cbda5aa5d4_jpg.rf.44100d42ab402eac4bce1fd8cc1b92e0.jpg,0,0,0,1
oily_new_03ae7598c95a97654a97_jpg.rf.884c88fcf105bc8dadf2ac3198fe6158.jpg,0,0,0,1
normal_7d2066296c3beea3579a_jpg.rf.a9260e2cea1a0665f81ed06b2d4025cd.jpg,0,0,1,0
normal_8e5e9ac3c56cdd16d6c7_jpg.rf.dae2ca560d79385b0f2c7670deedd1f8.jpg,0,0,1,0
normal_62ac55f522e7df1333dc_jpg.rf.8f4b02b5d3cbcd8c178931d2ed991463.jpg,0,0,1,0
dry_5b0651ccf8c833d44008_jpg.rf.74aa46a4eac61926b64f9bb762bf1b5f.jpg,0,1,0,0
oily_new_31e6a67bd93f78dbb9f1_jpg.rf.9dfb1ce97e963cc531a32d2e052fa70d.jpg,0,0,0,1
normal_8ead388c1069abfa1aa0_jpg.rf.57da3d736485fac6a77a0a73076139f6.jpg,0,0,1,0
combination_-_a692ab264a08f3e272c6_jpg.rf.8301f46e4cb4ff789e8ecd67a25d618e.jpg,1,0,0,0
normal_9ca084e65d0c17708b9e_jpg.rf.d6afaa29bcae31d75e5790f004bfc200.jpg,0,0,1,0
oily_dbba13c0d1d64f0c88ef_jpg.rf.a8c5e2911edeade727a5499e06fd3185.jpg,0,0,0,1
dry_6d2dc1f89abf1ce87e45_jpg.rf.c02cb25183a1a9b5978a98f31fdb13ad.jpg,0,1,0,0
oily_new_3dc25c04a3f7df7a8017_jpg.rf.3f2d065f850bd86f198f6ec52fa356fd.jpg,0,0,0,1
normal_e6a7c92729dd8b9555be_jpg.rf.727c7e0c9a59adf98e3b1931108f29b9.jpg,0,0,1,0
normal_4c62804c20121c2d2c51_jpg.rf.a63050f634fde22bf4eff2b72a9a02db.jpg,0,0,1,0
dry_66a2ba8de735c33bad17_jpg.rf.0e7209840d80b5ab417ee73dd092fa5c.jpg,0,1,0,0
oily_new_25b5fb45a1b578f10211_jpg.rf.436937c80e671438f176b0314b16e5d5.jpg,0,0,0,1
oily_4b86102cdee1ca19241e-Copy_jpg.rf.72719d60a0fc518ce562cedb402ead28.jpg,0,0,0,1
dry_652a087f0622a899f4d1_jpg.rf.26bcef47c7ff4eee60f02f2bce23e6c6.jpg,0,1,0,0
normal_4b67c3e173f8a2119f30_jpg.rf.7bfa05c12147ea3a9789622ff9d7764f.jpg,0,0,1,0
oily_63df3d8e7855683dc0b2-Copy_jpg.rf.c4f87574a3afaa6ef89aee01f12e083c.jpg,0,0,0,1
dry_new_f991279f1065f4e8ad0b_jpg.rf.8514e18c84d7bb6e4789aa2c941a8261.jpg,0,1,0,0
normal_849a47bebcdf4ddcccda_jpg.rf.36f5e6c3194872f4ff3396a39c1dd2c7.jpg,0,0,1,0
normal_9ca084e65d0c17708b9e_jpg.rf.6520367feeb7ad82046ed779f184d6f7.jpg,0,0,1,0
normal_eb077881061391b11236_jpg.rf.d7bf1deb8cdfa9368ebcc0d8321cfe00.jpg,0,0,1,0
oily_new_04bedd67dd94127e1d36_jpg.rf.c9a13ab5435dae5beff97744ef658d5e.jpg,0,0,0,1
normal_42b232e4bef77f8a57d2_jpg.rf.2eb623693b5bf69f0acab4940811ea9a.jpg,0,0,1,0
oily_473346417b848c5760f3_jpg.rf.86b5e042ab5061d2fca7b8b7622517d4.jpg,0,0,0,1
dry_new_836268909eca7d11932e_jpg.rf.c7a2755709b850c93407a9b29a27aa0b.jpg,0,1,0,0
oily_new_0da07c9c0145aa88c08a_jpg.rf.a428e10612d22eb861d933c1ce7bd540.jpg,0,0,0,1
oily_new_6cdf932b35dd368028f6_jpg.rf.02236208cb0415a7e4af8ac8bc0e11aa.jpg,0,0,0,1
normal_675200f61b7286c00d58_jpg.rf.bb291193d0fdb2f1e9b9fac47a9a3cda.jpg,0,0,1,0
normal_new_6f09760b0499b5e4396c_jpg.rf.e2a258818391690822db5f35fef8038f.jpg,0,0,1,0
oily_d8e7faba92ad24eb415d_jpg.rf.c084a1d1cb717c5dd4e4a53f467668f6.jpg,0,0,0,1
oily_new_061cfb164f38b22c9fb7_jpg.rf.1a647d1ccd5f2c42bb73c8728216a93c.jpg,0,0,0,1
normal_3f846577227d6b4666ea_jpg.rf.8c557dd5deaa7317181ad515b2f9fb96.jpg,0,0,1,0
dry_5c47b9a9323a9df75084_jpg.rf.659e0a3387f67cc5accf2812d3ac51c3.jpg,0,1,0,0
normal_new_78931a468807a5e77d78_jpg.rf.88d688611e884e0831c5f1fe34d864ef.jpg,0,0,1,0
oily_58af23ce352206a200e7-Copy_jpg.rf.6446dbb163402458108ad38367de14be.jpg,0,0,0,1
dry_a35d67ed5c4b845db239_jpg.rf.8aae59d11b417e410a7604dc60b40226.jpg,0,1,0,0
dry_952bb2051f1d5878e06c_jpg.rf.3ee0b6e120bd36dedba53e04ba186f86.jpg,0,1,0,0
normal_eb077881061391b11236_jpg.rf.dc40ff0cb50fd93dec64ef9974cd8eed.jpg,0,0,1,0
normal_97e8bb7dd7a9672d3618_jpg.rf.bef840f12fa818daef2b6b6d2887ee88.jpg,0,0,1,0
normal_4bad21481a8aef69f7cf_jpg.rf.253efe8fefdb7f9a0f21c77cb30c354a.jpg,0,0,1,0
oily_new_3abe4e57b298ceffae71_jpg.rf.0041f5c3494aade3f4cc69c7c83c7884.jpg,0,0,0,1
normal_new_76551b812e3b3b196ea2_jpg.rf.416112fb021c29ef85a06fb8d3372332.jpg,0,0,1,0
normal_98257f981d1e9bd04395_jpg.rf.fb8561ef6594504f0735e9b31ac03cbc.jpg,0,0,1,0
normal_62e5cd4aaff705cbda4e_jpg.rf.768dca0b98ef8cd796e576bd61630c50.jpg,0,0,1,0
oily_new_0d551b35b8609846fe2e_jpg.rf.5e283a5b03e9c2e3e844ec6f88f20a2b.jpg,0,0,0,1
oily_4dbad6db8b7dcd57939a-Copy_jpg.rf.02d8cee32aa0a383ba12874becfb3d98.jpg,0,0,0,1
normal_849a47bebcdf4ddcccda_jpg.rf.37cf7748efc0a8761e4b968b0d1c487d.jpg,0,0,1,0
dry_5c47b9a9323a9df75084_jpg.rf.fe852a7dfafcfc22a4333d9c5747f197.jpg,0,1,0,0
normal_f0c1c49e2bcf308b3899_jpg.rf.5a525852d3ce2eb45e59b2a1a03a5336.jpg,0,0,1,0
normal_eeff1913647d58f1d97b_jpg.rf.ca166b2bef9f4f6fe992edfe85711e44.jpg,0,0,1,0
oily_new_2e0e0f3bda16dc9f2867_jpg.rf.5ea36b58cfb2c4954528c0e518979731.jpg,0,0,0,1
normal_9db2dd9152632426f474_jpg.rf.1c3845bc019d1b2e2e236213b82868b3.jpg,0,0,1,0
oily_new_24d56851e957863c08ba_jpg.rf.50b2eab4ea035b8b797edf8aa6ccc27d.jpg,0,0,0,1
normal_new_78931a468807a5e77d78_jpg.rf.e47462cc300e2cbb7131706b7196e468.jpg,0,0,1,0
normal_432be29967226f94d4f3_jpg.rf.f84c1bde1c572e598a0bd90cb362c162.jpg,0,0,1,0
normal_e037471ab033b32e9b5b_jpg.rf.f5c3a2ce62067dc0c61789c22feff983.jpg,0,0,1,0
normal_8f324d51a90841a5cdc1_jpg.rf.4bc63a21ecd47a2b1a48b54f68597be2.jpg,0,0,1,0
dry_5b7d30440eab2e9c4cb5_jpg.rf.5b33eaf4ea83ef778632e8ed3323020e.jpg,0,1,0,0
dry_3ed40aff9b6bf7576f93_jpg.rf.e3c3d8dde8b3ff006304716145b1e2d3.jpg,0,1,0,0
dry_new_abe2f0934d3fdb728bed_jpg.rf.e9ef71656f9a4aa3a0b2f0070f9d7e5a.jpg,0,1,0,0
dry_new_f991279f1065f4e8ad0b_jpg.rf.4a07c31816bbdaff39cbcd5c45a7ffc3.jpg,0,1,0,0
dry_5b7d30440eab2e9c4cb5_jpg.rf.4f6ba1559cf2e449b479edf15ecb2079.jpg,0,1,0,0
oily_45cdfba1c2c2c2861481-Copy_jpg.rf.7a444e4fcd2ddc9baf3e243d612cdd1a.jpg,0,0,0,1
normal_new_763bcabdc46ebb23a0d1_jpg.rf.1fa1b2f88e4ef81fa0bf537f202891a0.jpg,0,0,1,0
oily_new_62ba91d3e9055ac46046_jpg.rf.2908ec1806f93fce1d773b99bcea7bbc.jpg,0,0,0,1
dry_a5aa27e750d4e674218b_jpg.rf.f79e812218ac7d2b7f49f17e051bd281.jpg,0,1,0,0
normal_4bad21481a8aef69f7cf_jpg.rf.16ce55819db206f8c17355890c8a25ee.jpg,0,0,1,0
dry_new_f538173609a8e99eb4ae_jpg.rf.6e37b40a2f029b2a532fab5f323f2a93.jpg,0,1,0,0
dry_5b0651ccf8c833d44008_jpg.rf.305ec241f350ff02559e3c313016c392.jpg,0,1,0,0
normal_new_76551b812e3b3b196ea2_jpg.rf.b34b74f33611791e6cbadedce5434fc3.jpg,0,0,1,0
normal_675200f61b7286c00d58_jpg.rf.25fd32964b88353ecb8186d208b2bac8.jpg,0,0,1,0
dry_a6462ad0ce7d718e5166_jpg.rf.d5fa33fe617088c250956aedd8771c29.jpg,0,1,0,0
oily_new_1e69ec4d608bf0e4e895_jpg.rf.9120e17e37e51901615db9484e8d54fa.jpg,0,0,0,1
dry_new_efbdbc307f32f386b4c9_jpg.rf.e309b20a738f94e3a39cd25255f2687f.jpg,0,1,0,0
normal_new_9bb5e1a30f000e3e2fe1_jpg.rf.5852f2ce7e3137248433eaed898cca6a.jpg,0,0,1,0
dry_95fc0d4729bdf5ea2660_jpg.rf.fdd6e9ac5bd2d805acf06e5689fc37cb.jpg,0,1,0,0
oily_f38c853eca45892248c3_jpg.rf.2797373534e3ad181a306a5459f58643.jpg,0,0,0,1
dry_a35d67ed5c4b845db239_jpg.rf.bf91ff6263bc37aae7dace5138b98cd8.jpg,0,1,0,0
dry_new_eca2bf27dec5d047c113_jpg.rf.93e35b39af73941f208e2e21bb037be3.jpg,0,1,0,0
dry_915477a02d571626484f_jpg.rf.f8fec42a3eda70e803d5c10bb865a820.jpg,0,1,0,0
dry_3af68a1937218e391938_jpg.rf.c7313f220b6489a6739c36b174bca8e7.jpg,0,1,0,0
dry_3e272674d4fc2521b882_jpg.rf.629fa060e9196f655086eea5a191d9fb.jpg,0,1,0,0
oily_cf87f127ebe281a60a45_jpg.rf.f789a936d9fde8021d0bd494d8d52519.jpg,0,0,0,1
normal_7e35273f1d468d980810_jpg.rf.91f43ed5c205b65c4d0cc5c4ed9740a8.jpg,0,0,1,0
normal_new_6df08901f5edd86307b7_jpg.rf.c866cbb011520f0a7c18c7a338175389.jpg,0,0,1,0
normal_83e6ce8def2d62166f2a_jpg.rf.5e208a0bdbba4221f5f9529f6f273f0f.jpg,0,0,1,0
dry_new_abdefa2e62de3c56617a_jpg.rf.6a6c95e6b638a6755ace4c1980994de7.jpg,0,1,0,0
dry_4dd71cc3c0d7d93919a4_jpg.rf.8f81173577546f1fa253018b2c46c6fa.jpg,0,1,0,0
normal_833c06801db2c8cf4cdd_jpg.rf.6bf9f795b1961ef315bd22847f504d84.jpg,0,0,1,0
oily_new_25b5fb45a1b578f10211_jpg.rf.7c4b9db81773a1b692a14fe28fa05f81.jpg,0,0,0,1
dry_new_ebdd66b03fdc4d31f4fa_jpg.rf.4f543d3c411c564d43899e92ecebceb9.jpg,0,1,0,0
normal_62e5cd4aaff705cbda4e_jpg.rf.78d2ace926417dfd3b25990d3f1f3d51.jpg,0,0,1,0
normal_eeff1913647d58f1d97b_jpg.rf.a66cad78fd0486dd0891e8222ed471d9.jpg,0,0,1,0
oily_new_2626d7c850df6748f131_jpg.rf.0e6ca466300cf5030de75cf5c295473a.jpg,0,0,0,1
dry_new_e6e143c81d5ab5a2b453_jpg.rf.46ec52c8847814b6ac1d42a4cfc5fd1f.jpg,0,1,0,0
oily_d879ac1e2727f6ff26bf_jpg.rf.a5e5b0042300680e01ad56d5ec7dd0a7.jpg,0,0,0,1
normal_eb483a5cf2fbfff35146_jpg.rf.33ec7d34ebde0f2012d94901852bd69d.jpg,0,0,1,0
dry_new_b7ead78f1fcd69077d0c_jpg.rf.82fa84691229a10748af7c04f136844e.jpg,0,1,0,0
normal_7da908e123b9da3711df_jpg.rf.cf3f4640df8a39f633df789e9402be02.jpg,0,0,1,0
oily_f3777e14df39fb4b57ab_jpg.rf.30208eba5febf43b5939cb5a7a20cb79.jpg,0,0,0,1
oily_ff7c57f1d1834ae7c6cf_jpg.rf.3117370c0c378f2968b709a2985c651d.jpg,0,0,0,1
dry_new_b727e769596e165e55c9_jpg.rf.e3ae52b73978f0a4a917e429a5011a28.jpg,0,1,0,0
normal_e6a7c92729dd8b9555be_jpg.rf.743c5cfde815499e9ec6d98116c5ec5c.jpg,0,0,1,0
oily_cf46a035918062a84359_jpg.rf.be7a0faf85a059f07c2bcbd65b76e13b.jpg,0,0,0,1
dry_66a2ba8de735c33bad17_jpg.rf.56249e93ec0df619d736dbc54c573cc3.jpg,0,1,0,0
normal_a35951605968efd4d71f_jpg.rf.ac7cdb04847ff1587b309e27e2a18c6d.jpg,0,0,1,0
oily_new_1c87d14ffb2b8ebf39f3_jpg.rf.3661e5e96092fd8b111d5fcb44506a56.jpg,0,0,0,1
dry_new_edb7c49fda8e50ec24e1_jpg.rf.5d88e56b770c298f88c1e063aa8d291e.jpg,0,1,0,0
dry_6b283a3dd51cbf05cb32_jpg.rf.4f72b58fc561742603aabc19019ba34c.jpg,0,1,0,0
oily_db1d1db1bc2f2f2d484c_jpg.rf.371989a381b52d1d9d2680fdae2b9acb.jpg,0,0,0,1
normal_e7f239ebc336d0390d9c_jpg.rf.62b3c9a6bc7d9b6d9d50353f5acdf22f.jpg,0,0,1,0
normal_62ac55f522e7df1333dc_jpg.rf.88229735ed1e145fc48cd8abd1a4f24f.jpg,0,0,1,0
normal_a35951605968efd4d71f_jpg.rf.c5e153563314c1053c0f9025ea555397.jpg,0,0,1,0
dry_5e6ecf63d27ca95d7bf4_jpg.rf.f3886d0ded2609f975e2682bc2f77d3c.jpg,0,1,0,0
oily_4dbad6db8b7dcd57939a-Copy_jpg.rf.a4f6f9fddcd2c08494983ce7402ea57a.jpg,0,0,0,1
oily_new_58c4ce4153683ee4c887_jpg.rf.30e199fee1d06e1ab7e7d618229ffe3a.jpg,0,0,0,1
normal_9ca084e65d0c17708b9e_jpg.rf.3d629b4e1070a973eac0d3a2f9006ee6.jpg,0,0,1,0
dry_95d1284dd980387e99ae_jpg.rf.107c8ae2517b0dc947095e7879ebc616.jpg,0,1,0,0
normal_new_7bef4e6e62ac74da213e_jpg.rf.640b049d52ea0209d32db162cb6a35f6.jpg,0,0,1,0
normal_7da908e123b9da3711df_jpg.rf.c42bc7e75ece15e8092328cd28e90b1d.jpg,0,0,1,0
normal_e68892691826c6f76b5d_jpg.rf.cb8a6b21540542ae4c499dd8c20c1905.jpg,0,0,1,0
oily_4dbad6db8b7dcd57939a-Copy_jpg.rf.de50499b7cb51a3ccce78c2caebd8fc0.jpg,0,0,0,1
oily_de89fc1ef64327a21705_jpg.rf.5ec1970817519c092dae601798a20fe5.jpg,0,0,0,1
oily_67ab876cff80cc60d92b-Copy_jpg.rf.6fa5d1d0ea60c4f4c8ca9ef116492bfc.jpg,0,0,0,1
oily_new_716abbe7b91b75aeb70e_jpg.rf.1053cfd22f0ce338f78ff46bc7f228cf.jpg,0,0,0,1
dry_8b121d27ba0acae996a6_jpg.rf.8c257261c78ce55428908fa5046c4cd4.jpg,0,1,0,0
oily_d8e7faba92ad24eb415d_jpg.rf.8cfad456ad274fc462eae2438caaf69d.jpg,0,0,0,1
oily_new_26b732306f314eb33ac9_jpg.rf.9528085d62949bbd8d646dc2bea46f4b.jpg,0,0,0,1
oily_6f2c6de2fa9fd9517ba2-Copy_jpg.rf.5bcb3b63b74860cfa31b70bca9bd355f.jpg,0,0,0,1
oily_new_2f3e5fc5fef35bc400f8_jpg.rf.88dabbd23465ca6560b6abbc2334dbd3.jpg,0,0,0,1
oily_cf87f127ebe281a60a45_jpg.rf.237be8c652ff00040a27cf6ae68c14a1.jpg,0,0,0,1
dry_7057947125674cacc670_jpg.rf.a62014ff5f4cc04beceb71013912641d.jpg,0,1,0,0
normal_f0c1c49e2bcf308b3899_jpg.rf.8162331189284d988fdb6902d97c28a7.jpg,0,0,1,0
oily_f38c853eca45892248c3_jpg.rf.bdaf3241cabcced892893082ce075baa.jpg,0,0,0,1
dry_731e7802f94a80ff605b_jpg.rf.6dcbc5e7c3572d922cb99632e1cd9454.jpg,0,1,0,0
dry_new_ba0d443e075258f1bfd8_jpg.rf.044269cfa12f7618bdba44b5d564eb7a.jpg,0,1,0,0
normal_4c75d7df40bb81fc8b0e_jpg.rf.e5ca8c04ac17ba3ca72750994816b980.jpg,0,0,1,0
normal_3f846577227d6b4666ea_jpg.rf.fb34dc940786e37faba0a381959fcf05.jpg,0,0,1,0
dry_4dd71cc3c0d7d93919a4_jpg.rf.af3ff8c15a1cfa4602d977129e5b96c8.jpg,0,1,0,0
oily_4f5c0cf14250da99f98a-Copy_jpg.rf.dcad68ee4ef4333c6bf13ba6be0c704e.jpg,0,0,0,1
oily_new_33dcd501f421fb1b2674_jpg.rf.6a3be6e1b66d3426227ace6d8733b6e4.jpg,0,0,0,1
normal_e7f239ebc336d0390d9c_jpg.rf.28f892c3ccd513858e07aea1b6f4d339.jpg,0,0,1,0
dry_new_b91b32d4ffb72d8fb955_jpg.rf.521e28094c87a2c46f02338e581214b3.jpg,0,1,0,0
oily_dbba13c0d1d64f0c88ef_jpg.rf.1744f0246544aa1d80eb86a940479b3f.jpg,0,0,0,1
dry_915477a02d571626484f_jpg.rf.4b6ac68bf5b3979d8b13d89d4ed944a7.jpg,0,1,0,0
dry_9cac26f03e339f9ff695_jpg.rf.15495e079c2c9de2e386186ea46c9f78.jpg,0,1,0,0
oily_new_33dcd501f421fb1b2674_jpg.rf.8d08895a2891da4a3f9da7138bf8c7bd.jpg,0,0,0,1
dry_3ed40aff9b6bf7576f93_jpg.rf.1db6ac41eff2c10af81784b48babb8bb.jpg,0,1,0,0
oily_f3777e14df39fb4b57ab_jpg.rf.7025f273e5683cbcd0299dd2bee8e7c2.jpg,0,0,0,1
oily_new_1c87d14ffb2b8ebf39f3_jpg.rf.b80509ac53e6dd501ba39fef404d89c8.jpg,0,0,0,1
normal_new_9e71e82e15bac611ac10_jpg.rf.e7bd9ce15b15bc6bf50dd36a360af306.jpg,0,0,1,0
normal_new_9ed760f7570f0b74ae46_jpg.rf.2cdeb49ca10ca26e5ca908d24a721077.jpg,0,0,1,0
dry_new_edb7c49fda8e50ec24e1_jpg.rf.5e29fe13fd95970f059b91ffdae0fe6d.jpg,0,1,0,0
oily_d8e7faba92ad24eb415d_jpg.rf.b037455d6589e9a97461a78c4184e28d.jpg,0,0,0,1
oily_cf87f127ebe281a60a45_jpg.rf.54b431b527c63edf6a7660cbc89a505d.jpg,0,0,0,1
dry_new_f72910f3fc6a7ef7b01d_jpg.rf.b9f7f555bfbedfad370994de66753aa2.jpg,0,1,0,0
normal_new_7144bad7052171b39ab5_jpg.rf.fcdcec3dd2ce09794ec26043b167b9da.jpg,0,0,1,0
dry_new_f1173349519004a28298_jpg.rf.bfdda3acbb823376c20bbfaad9259af8.jpg,0,1,0,0
normal_83a49f0ec50925b64e1a_jpg.rf.c624d8c42e6a9a334119a588ea74d98e.jpg,0,0,1,0
normal_f1569312cf82b989077d_jpg.rf.af571e20607593b219e3fce092ecfbf0.jpg,0,0,1,0
dry_new_82b1fe629aa194a6b9b7_jpg.rf.0a0384f6c4eac78e4ffe3000cc9c4270.jpg,0,1,0,0
dry_new_ba6a1a815919ad516ae1_jpg.rf.9ee4c7380d3e28f3f711af27ef5ebf52.jpg,0,1,0,0
normal_f0f5131b7f8b76432662_jpg.rf.958e51f9d7861c26fd51cf0736030ed5.jpg,0,0,1,0
normal_f0f5131b7f8b76432662_jpg.rf.30e5c32d6b1c289d59b56cebbf7359f5.jpg,0,0,1,0
oily_new_0993be8fcb3661669610_jpg.rf.8fa5ef4cc2134d3dde77a23e9c061ba6.jpg,0,0,0,1
normal_677c1d471ad8418b04b2_jpg.rf.28572668fe3c91888a3e7f4b7955b893.jpg,0,0,1,0
normal_new_a1bf44f2854bb276fff1_jpg.rf.ac243a0ceb9b9ebfaa9758b8c79e5e06.jpg,0,0,1,0
normal_677c1d471ad8418b04b2_jpg.rf.8db831f4c4d92d6e127b5b6d745ec916.jpg,0,0,1,0
normal_e8f096e580aedb371d25_jpg.rf.b1b236f936f62f52dcc732c12b14c847.jpg,0,0,1,0
normal_7da908e123b9da3711df_jpg.rf.359188e5ae1aa3fceaa19d9d3a9fa5b2.jpg,0,0,1,0
normal_e8f096e580aedb371d25_jpg.rf.acb9ea0596023157733c904e30fe8c1c.jpg,0,0,1,0
oily_fe3418da475c02664fed_jpg.rf.6235a19032cf2ec91ebba1010f573490.jpg,0,0,0,1
normal_4c75d7df40bb81fc8b0e_jpg.rf.574950bd764919b8289c30d4ce2a86ac.jpg,0,0,1,0
oily_6cdf932b35dd368028f6-Copy_jpg.rf.73667d7a1047122c9b136d9edf30e349.jpg,0,0,0,1
dry_new_ac54740fa239b8d405ee_jpg.rf.b5e5b39ffcb975d06a053b3bfc581f61.jpg,0,1,0,0
normal_4f046cc1f7892a91ecc2_jpg.rf.352ed3f2c17870921fab167d6f8f3d67.jpg,0,0,1,0
normal_e55a35636ddf20e271c7_jpg.rf.c417ba4af63a3372fd9c5af53b89df53.jpg,0,0,1,0
oily_f6ac3919d1bb9f0c0ba4_jpg.rf.2acea28eb1d01565c826df172bffb4d7.jpg,0,0,0,1
dry_4eaec6aa6dfd1ccf56fb_jpg.rf.c75dcd8ff99d3f77abfcd399b9a2e7d0.jpg,0,1,0,0
normal_f0c1c49e2bcf308b3899_jpg.rf.7c5181bdba9b454bed9c34b48e746366.jpg,0,0,1,0
oily_new_33dcd501f421fb1b2674_jpg.rf.3bcc0cb788116ef0e0a1ced4685c88b7.jpg,0,0,0,1
dry_95fc0d4729bdf5ea2660_jpg.rf.3d4b5738508274d20491d74065588481.jpg,0,1,0,0
dry_new_b91b32d4ffb72d8fb955_jpg.rf.1fc6be3d3755d0c10c012f879dc96cb0.jpg,0,1,0,0
dry_new_efbdbc307f32f386b4c9_jpg.rf.513ea8dc46a766133bca1ed0ce3db793.jpg,0,1,0,0
normal_e98be4fc2b8ef9238738_jpg.rf.1f0560fdf8188e11129fc31682f5b95d.jpg,0,0,1,0
dry_new_88be34220d6b51db326b_jpg.rf.41dee3c9017765d7738567282e7e3e3a.jpg,0,1,0,0
dry_a6462ad0ce7d718e5166_jpg.rf.37384bc085363d10f55d46d0bde1a12e.jpg,0,1,0,0
dry_new_833a233041b74fea1a0c_jpg.rf.391c84e28d2f0ed0db480fed93161a3b.jpg,0,1,0,0
dry_new_e6e143c81d5ab5a2b453_jpg.rf.ae45cbbe36d6502e30e10ae7d47fc426.jpg,0,1,0,0
dry_523ee502b52f6dd6067e_jpg.rf.e172b799b82896fc51d162d95a6430c0.jpg,0,1,0,0
oily_new_25b5fb45a1b578f10211_jpg.rf.615032dc96b34e8ff6a89f98ea30534e.jpg,0,0,0,1
oily_cfafa9be2e47d937c207_jpg.rf.3ea302a9d2639522b36394e7ccb6b374.jpg,0,0,0,1
dry_5aa5701d1870f076fd81_jpg.rf.e70f1f51c7c2aa8af59795509325d67a.jpg,0,1,0,0
dry_new_ad3f244abf088058e6d0_jpg.rf.261d16dd897c3d2eacd5652c02963b47.jpg,0,1,0,0
dry_a5aa27e750d4e674218b_jpg.rf.38539b0c7e3504e1f0e9c71339cf9ed6.jpg,0,1,0,0
normal_7e35273f1d468d980810_jpg.rf.8cd70b41c112e3123af373af5477d161.jpg,0,0,1,0
normal_new_a065e630ee0bb0838f55_jpg.rf.5c87e861ddfbcd8654564efc2a0562f0.jpg,0,0,1,0
dry_new_f2881ff682bb9175de1a_jpg.rf.837dc1e89943e7d1fa5e219fdea6f971.jpg,0,1,0,0
normal_7da908e123b9da3711df_jpg.rf.1bcd117ff6461775c5138eea4257f463.jpg,0,0,1,0
normal_4c62804c20121c2d2c51_jpg.rf.fddf18171505fe8bf7a7fa96013631b3.jpg,0,0,1,0
dry_new_f538173609a8e99eb4ae_jpg.rf.bb952d09d009e1eb240284b81edd24e1.jpg,0,1,0,0
dry_new_ffa3358e1bd13ae19571_jpg.rf.13281dcaa054dc4678f3f8c964817dfb.jpg,0,1,0,0
dry_new_f991279f1065f4e8ad0b_jpg.rf.bb8df6d10e4b0f5bed4baa813391ba9a.jpg,0,1,0,0
normal_83a49f0ec50925b64e1a_jpg.rf.3aa507b43240c8487803461e6fdcfeae.jpg,0,0,1,0
normal_7da908e123b9da3711df_jpg.rf.f932d6460e9ca4ee97c26755f29b8fe5.jpg,0,0,1,0
dry_new_f546fdf27bf752288cf1_jpg.rf.cf95560e9d5e25e50b314501642635e9.jpg,0,1,0,0
normal_4369b45339b9d695a58e_jpg.rf.ab3f37ed8679981c85c0d71486fac40c.jpg,0,0,1,0
normal_9a50e19d324bbf21fb75_jpg.rf.065bcbc6f89a924e5d233eb26d8ecf1d.jpg,0,0,1,0
oily_new_20a9f50afbdfe076e552_jpg.rf.3ecb8cfb0d3f80d1e603be4b645db7bc.jpg,0,0,0,1
dry_new_89153ec9ee9f6a102f01_jpg.rf.d2c061a83d043b759e7f6db82846b447.jpg,0,1,0,0
dry_new_f85441835cbfd7a2333f_jpg.rf.241cd3be4d37f81159daaf8a7f09bce8.jpg,0,1,0,0
dry_404a5c555a772940dcd3_jpg.rf.4ae76d7e39c6416319037995d114798f.jpg,0,1,0,0
normal_7e35273f1d468d980810_jpg.rf.b0d1bbb7cb7513a6a876c5345fb0d135.jpg,0,0,1,0
dry_new_ac54740fa239b8d405ee_jpg.rf.d66570d2662be3f4fa1f81f333a0b794.jpg,0,1,0,0
normal_80912083ac9d5c3874f8_jpg.rf.414ade6221605d3c090fdb43833ae6f3.jpg,0,0,1,0
normal_new_a533af2f3477c405a400_jpg.rf.f055bb0b6b242683977982dadfe8915b.jpg,0,0,1,0
oily_729cc3830038c25e12b2-Copy_jpg.rf.7c92b48f4eae58835ae5dbf0fd27fe7f.jpg,0,0,0,1
dry_new_e9e2c59e4e773a2655ea_jpg.rf.c360abcb304f1ed633b8e7ed2a044f07.jpg,0,1,0,0
normal_7e35273f1d468d980810_jpg.rf.478c25d21eec86551438545661f85722.jpg,0,0,1,0
normal_7c2ed22c13c542f5966c_jpg.rf.1e2c7ec29ab85430d59c42c739994442.jpg,0,0,1,0
normal_7d2066296c3beea3579a_jpg.rf.2ac397b0f7a8b64d2f9467db6ca0b804.jpg,0,0,1,0
normal_833c06801db2c8cf4cdd_jpg.rf.2082db1b78b80c90b39998cab9ee0eb4.jpg,0,0,1,0
dry_new_b281bfd19155464c1a7b_jpg.rf.bb3b74865a13b129114f2df750d574e5.jpg,0,1,0,0
dry_new_ad3f244abf088058e6d0_jpg.rf.e7d1dd0999b433d9598557243d82daf4.jpg,0,1,0,0
normal_new_72cd7561113bd2b3f7a0_jpg.rf.807a979869be323198f08fc810c8d81e.jpg,0,0,1,0
dry_new_7fc8cce1696a14493110_jpg.rf.5089ce58d5adce2447db5f50d84a2be8.jpg,0,1,0,0
oily_dce6030e398c8c74b7fd_jpg.rf.378e7cc43adf900b3d3d769c40f6eb0e.jpg,0,0,0,1
oily_new_1c87d14ffb2b8ebf39f3_jpg.rf.dfddbcda7bb509547f322f9e00780d7f.jpg,0,0,0,1
normal_new_aa76fe38458809544a5b_jpg.rf.b40b7c7521a2e0d36dc93b547b9847d3.jpg,0,0,1,0
oily_new_31346a4df984634261b4_jpg.rf.abf9d429782dd655ff8b6479c0b52289.jpg,0,0,0,1
normal_4369b45339b9d695a58e_jpg.rf.006287b5a9c857c05a0329274b6aef2c.jpg,0,0,1,0
oily_new_1e3eb7bd88e79882d581_jpg.rf.46165fde02bafd93656714a2be6fb814.jpg,0,0,0,1
normal_7c46ae7d0bf7f41e3e04_jpg.rf.047b7e508f38f6a9aafdb6db345e1e23.jpg,0,0,1,0
normal_new_7144bad7052171b39ab5_jpg.rf.1bc431a1a394912298a9b5ba1dea9c51.jpg,0,0,1,0
dry_95d1284dd980387e99ae_jpg.rf.3302df2bcf4c0bf89c3f9b55d533b853.jpg,0,1,0,0
normal_8181d272e4bcb95a3435_jpg.rf.9766989e93c7429886f34439255257fb.jpg,0,0,1,0
dry_4eaec6aa6dfd1ccf56fb_jpg.rf.8072bcad2f4c25fb0b73178180cc04ce.jpg,0,1,0,0
oily_f6ac3919d1bb9f0c0ba4_jpg.rf.2f66505a81fe406c41f1c2ead82dcfe3.jpg,0,0,0,1
normal_f0f5131b7f8b76432662_jpg.rf.e06afce6da1361a21c30e9ab8483289b.jpg,0,0,1,0
normal_e9f97257c4a8f6423bda_jpg.rf.6527d15ec49edd99803446ed54f0122a.jpg,0,0,1,0
normal_4f046cc1f7892a91ecc2_jpg.rf.cb5dfb98d7dc7e7fa9f959c40062e507.jpg,0,0,1,0
dry_a6462ad0ce7d718e5166_jpg.rf.e6c13c5090f7a7824ba592fdeea7841a.jpg,0,1,0,0
oily_5efdc7cd8b31ce4c07b6-Copy_jpg.rf.0f652a5ae65730b090d6ef8928195eb2.jpg,0,0,0,1
oily_new_1e69ec4d608bf0e4e895_jpg.rf.6d2abea27dd9b011d572f381a8cfa1c9.jpg,0,0,0,1
normal_new_a065e630ee0bb0838f55_jpg.rf.d3a7b92daa6cd334ec38d3a37fdeca66.jpg,0,0,1,0
normal_9a861cf4d4aefd172e30_jpg.rf.3b6e10100559d4774f52ac5379f7d676.jpg,0,0,1,0
normal_new_a90755d4c3bc376738b7_jpg.rf.f09baca5682eb21bc803501e2d4230a7.jpg,0,0,1,0
dry_96e0c90bfc8f0751b184_jpg.rf.a5dd8273a47b59441b74d42ed5ab6ef3.jpg,0,1,0,0
normal_521515e1dbd92c093273_jpg.rf.ed9b3030d553abe940d723112ea9da39.jpg,0,0,1,0
normal_new_9d6605c618812a7e4c84_jpg.rf.fbc741313a9d5cdf14a7b45f56015986.jpg,0,0,1,0
normal_new_687bd9868807ae3b1a7d_jpg.rf.f07cc67ca4e9815dafb0046de580f143.jpg,0,0,1,0
dry_new_d9cac0f138c33b674999_jpg.rf.fd3f1ae50e13787cee7ed2dc0985301b.jpg,0,1,0,0
dry_new_f85441835cbfd7a2333f_jpg.rf.2245f88eedf7b9d345cae781ab3a74e4.jpg,0,1,0,0
oily_fdb48cb892d5cbebad94_jpg.rf.8bbc9e4cd76db42a6941ac2547032789.jpg,0,0,0,1
dry_new_f7cf9994f418d273340e_jpg.rf.84a470253f044b74074170c1d97d02f4.jpg,0,1,0,0
normal_e98be4fc2b8ef9238738_jpg.rf.ad4254f7c5c533dcea28c73ff584e0bd.jpg,0,0,1,0
dry_94ba9568b735e8a04e3e_jpg.rf.d562a51fcd7536a95dd932aa7231ef57.jpg,0,1,0,0
dry_a69a9324a5a425cec720_jpg.rf.f627f0075963a58ce7944c4294140a0e.jpg,0,1,0,0
oily_e56486d9e964a13c9c6b_jpg.rf.7cfbde8916951ee23a276612d8208338.jpg,0,0,0,1
dry_new_f109c7904e65ee5e7785_jpg.rf.5d073ec470c1649ef76b3b36fed12eb1.jpg,0,1,0,0
dry_new_f325f38ec63f2bbf4371_jpg.rf.20e327fd5dafe379465254a9753facb8.jpg,0,1,0,0
dry_new_ad070e010988ff11facc_jpg.rf.7df280669c6cbda8558b6dc192cf1232.jpg,0,1,0,0
oily_cfecf350f8eca402121d_jpg.rf.5b7bac84dba79fda98932fe9531103ff.jpg,0,0,0,1
normal_81e70f95419b3ee288aa_jpg.rf.7e84c984500e7450398d8ec0952c10cb.jpg,0,0,1,0
normal_new_78931a468807a5e77d78_jpg.rf.8209661bbd4117942fbd7f312ae57f39.jpg,0,0,1,0
oily_e454c012a6cafcc52ec6_jpg.rf.69e11409c56779c3911db8eb2de58047.jpg,0,0,0,1
normal_new_7d2066296c3beea3579a_jpg.rf.684657c89fb167e65ac19b3151a76336.jpg,0,0,1,0
dry_new_b03e3ad8d4857d0c3b03_jpg.rf.7739729b921473e922caaff1b953aa66.jpg,0,1,0,0
normal_82b1c4a7341d87137172_jpg.rf.f4666d52dde8c1e83d25610454c16567.jpg,0,0,1,0
dry_aa22f8d51047f4e99e39_jpg.rf.7f7096cc8a1220c012186b9d6e0d6b38.jpg,0,1,0,0
oily_dbba13c0d1d64f0c88ef_jpg.rf.cff0b6c8726556cbff12d96d0f616f55.jpg,0,0,0,1
normal_f3bf352c3bdce05b8027_jpg.rf.ec509c1d6adcdc5d4df0e62f4bba5b5c.jpg,0,0,1,0
dry_new_870f4c9044d3d62514ce_jpg.rf.716fb86f0d7573d2b0c35b2e48edace9.jpg,0,1,0,0
dry_532565e3decafdfab48b_jpg.rf.740806f73f44f3fe5a6fb4403f51a006.jpg,0,1,0,0
dry_new_b281bfd19155464c1a7b_jpg.rf.69151b2e1c158b7b336b1ee26345f596.jpg,0,1,0,0
dry_new_8ad23a51d59fdfb5e2c3_jpg.rf.7c7c7d7c01ff874f33396f11632587c8.jpg,0,1,0,0
dry_new_f2616183274a92f642af_jpg.rf.fe2f0d55c00f0872939153917e08d10e.jpg,0,1,0,0
normal_new_7e361338aa638e0b551c_jpg.rf.ed6429c09548600d8ebc5d11a170147d.jpg,0,0,1,0
dry_new_aecabb2319de16dcf86d_jpg.rf.a036586e2a3e9311d4092ccb87d0e314.jpg,0,1,0,0
dry_new_e8f4de278d66baa2d9c8_jpg.rf.875f6b274b916acd3df177ed8fc375fe.jpg,0,1,0,0
normal_new_7144bad7052171b39ab5_jpg.rf.a7114e24066a3812e8a0c923055c7567.jpg,0,0,1,0
dry_new_edb7c49fda8e50ec24e1_jpg.rf.098648ddd378bbc63f1207ca72e8eff5.jpg,0,1,0,0
normal_new_698bef366e8597fe6e42_jpg.rf.e65909365ec9ca1325c4e7201ccb5477.jpg,0,0,1,0
dry_a9dbd078400fa00cae2a_jpg.rf.8d55f54a49890edb863f317b0b263749.jpg,0,1,0,0
normal_677c1d471ad8418b04b2_jpg.rf.a4a43eb33e87dbb39b10db93076786d5.jpg,0,0,1,0
normal_new_6df08901f5edd86307b7_jpg.rf.21175b6b67ad82ad25267b978c1cbcfe.jpg,0,0,1,0
dry_new_b03e3ad8d4857d0c3b03_jpg.rf.bbca53f1d4b0225810e46faeca929042.jpg,0,1,0,0
oily_new_716abbe7b91b75aeb70e_jpg.rf.3e4783574ab2a0222002a1f06873f61e.jpg,0,0,0,1
dry_new_cde1fdc66d852c083ae6_jpg.rf.a407362f857f953b7651cafa2d0bbdbf.jpg,0,1,0,0
dry_new_c110305a74d088bdb654_jpg.rf.5b3237f34c644dcdd73986e71428378f.jpg,0,1,0,0
dry_new_f137f9bb96d52c2d7fe8_jpg.rf.e4e8ac626dfbcc70ff1ec0632827c25e.jpg,0,1,0,0
normal_e594224a7fdd04645d20_jpg.rf.1496c4664d4132370f2c4bc5a788020c.jpg,0,0,1,0
normal_82b1c4a7341d87137172_jpg.rf.dba96b18cf6d7100c9a24dbe549b73da.jpg,0,0,1,0
combination_-_aaecf6fbe61e51dec18a_jpg.rf.6222529683959c52a8e6bf11e36522e4.jpg,1,0,0,0
normal_f15d8eddb524ac969185_jpg.rf.0b58bb3bc143a48cf251f0fcb6810d91.jpg,0,0,1,0
dry_new_ca28b3aae025bef79326_jpg.rf.a32e81eff12cf61f886b7ac1462c5e8a.jpg,0,1,0,0
normal_new_7fb2835134bcabd67b88_jpg.rf.240553f04bddc810a5484f7341a40305.jpg,0,0,1,0
normal_522586f253deef83c756_jpg.rf.7a131e5521abd2e06c064d4040f13e2d.jpg,0,0,1,0
normal_833c06801db2c8cf4cdd_jpg.rf.6111854ccb071841ba344746d190ca45.jpg,0,0,1,0
normal_new_7e35273f1d468d980810_jpg.rf.533d7f06c31dc324f0099c7a86a278ef.jpg,0,0,1,0
dry_a13dc35f842f15d92080_jpg.rf.113c376692c697f10077bdac064ad5e2.jpg,0,1,0,0
dry_new_f72910f3fc6a7ef7b01d_jpg.rf.c5536f8e0e26445f41edfa82976e50b6.jpg,0,1,0,0
normal_new_a65ebea33dde66c1c8fe_jpg.rf.5b059432c180e020704f125de437625a.jpg,0,0,1,0
dry_new_87bb7f0b4afe8a990835_jpg.rf.1a802a9ee66b63d1ad94f0047e2b6ea5.jpg,0,1,0,0
normal_7be923370441d48ea98c_jpg.rf.3016f608e0eeadf1ec9188ab9b6c92a0.jpg,0,0,1,0
dry_new_fa06f74a0aa4579c63f1_jpg.rf.dcf323fcf6f2d3f180bc06836a22dc9c.jpg,0,1,0,0
dry_new_b3401aaa034b375ef264_jpg.rf.fd1aefcc4632299d8ff96e94ecb4ef17.jpg,0,1,0,0
oily_e207b4a04884a9d8b1e7_jpg.rf.460c51b02cbb3b913defdc55a5690ddf.jpg,0,0,0,1
normal_8dcc377bf91c101d929e_jpg.rf.0a8eb2b8f97b288f8cdf2b0a0a4b5830.jpg,0,0,1,0
oily_new_53eb8379d992ea7fae8e_jpg.rf.cf20f9ff070520142169799e2af8b422.jpg,0,0,0,1
dry_new_c0b05972741b3c3a1971_jpg.rf.03728863d7037cf8d71b220714c6615c.jpg,0,1,0,0
oily_new_325e9ca2ac6156d9ffe5_jpg.rf.e0296f818d7753f811f363d6fec3aa5e.jpg,0,0,0,1
normal_7650272fc27b2d658f34_jpg.rf.2f4afe18e261a1375de8441c784f9279.jpg,0,0,1,0
normal_6784f672096f327190ce_jpg.rf.93559991ceff67219bed10a48cace8e2.jpg,0,0,1,0
dry_52f194c7a64b0106d429_jpg.rf.19de0bc14ecac39299235c4006ed6cb9.jpg,0,1,0,0
normal_new_687bd9868807ae3b1a7d_jpg.rf.a5407a8693872ae3562523881f401ca0.jpg,0,0,1,0
oily_cfecf350f8eca402121d_jpg.rf.b2ce8becae232bcefbfd0bfaa29778dc.jpg,0,0,0,1
normal_f1569312cf82b989077d_jpg.rf.56d118ce8b5e2bc242773edc13b92c54.jpg,0,0,1,0
normal_new_aa76fe38458809544a5b_jpg.rf.05f7577ec18d31d19d5a5f5cd670015d.jpg,0,0,1,0
oily_fe3418da475c02664fed_jpg.rf.7f5507d7d3dbe1fe02b34b464c291580.jpg,0,0,0,1
normal_e9f97257c4a8f6423bda_jpg.rf.cabd5b8560a18055720bffb48e281529.jpg,0,0,1,0
normal_6784f672096f327190ce_jpg.rf.33bf0034ba325f54fcc49d123e464f9f.jpg,0,0,1,0
oily_e207b4a04884a9d8b1e7_jpg.rf.2a8d41fd3336f7d7e4f11f5945d17d7b.jpg,0,0,0,1
dry_new_fa06f74a0aa4579c63f1_jpg.rf.84d1419b0af378f935b6579a9cc8523a.jpg,0,1,0,0
dry_new_ea729260329f67a44a32_jpg.rf.e21514fc825b4ca72ef2d3473a6617e8.jpg,0,1,0,0
normal_new_9a06b7bb337efa63f6f5_jpg.rf.2bc058b3279b97c72344b5133774919d.jpg,0,0,1,0
combination_-_a667d5909a525e8cbb5b_jpg.rf.c64c63db83185cc775cbf885202b7b5e.jpg,1,0,0,0
oily_new_69b25e95843457af2019_jpg.rf.cedbc1bcd49d47dcc1b7f577a5af3d4f.jpg,0,0,0,1
dry_86ae25549d3ad7295f09_jpg.rf.46de9bf75be3cd8832e969eb3a71a620.jpg,0,1,0,0
oily_new_31dfe0606612b5da11e4_jpg.rf.3fef9672553f10107a1449708cd1b2c0.jpg,0,0,0,1
dry_523ee502b52f6dd6067e_jpg.rf.db5a1cb1b6e1331483b677abf0a6ce43.jpg,0,1,0,0
dry_new_b1e7a768e7a40c963296_jpg.rf.c4de083a00d6bc6d7b0ed3f17e406386.jpg,0,1,0,0
oily_cfecf350f8eca402121d_jpg.rf.5511e43a9ba05d1f8fd475a21dc197b9.jpg,0,0,0,1
dry_new_f2616183274a92f642af_jpg.rf.1df5d01c95599dc3374c6f973ed11dda.jpg,0,1,0,0
oily_new_20a9f50afbdfe076e552_jpg.rf.bc8c0d24aca1d76ccb723753eea2f57a.jpg,0,0,0,1
normal_81e70f95419b3ee288aa_jpg.rf.d7bca7a355c92a168f8a36b6380ce06b.jpg,0,0,1,0
oily_d3b09434a8b2693bf447_jpg.rf.9eee53d0dc48b4c38f5780be0b335fa2.jpg,0,0,0,1
normal_833c06801db2c8cf4cdd_jpg.rf.5d73308cee7d5102c01a8f2b9d8ac47d.jpg,0,0,1,0
oily_e09ba2949f9d8669b48c_jpg.rf.dfeb6a66d43c45b78b0238613db4341c.jpg,0,0,0,1
oily_new_57448765378c2956deb4_jpg.rf.a891a2bfa989e5335dc93979e433062c.jpg,0,0,0,1
normal_new_aa76fe38458809544a5b_jpg.rf.7464dd92385232c9f60b9a2fc5be80ec.jpg,0,0,1,0
dry_4dd71cc3c0d7d93919a4_jpg.rf.ea7fad6ec63cb9d2f1e03473dc27c6c6.jpg,0,1,0,0
oily_d5d3487ccc58c1563949_jpg.rf.186e24d538b0843f2a596007486c9421.jpg,0,0,0,1
oily_new_229ef219363fbb3e4452_jpg.rf.8a5fab1b043d97539c2732670d7844c2.jpg,0,0,0,1
normal_8181d272e4bcb95a3435_jpg.rf.6b97fcf2d97be9e421a929dd85a1631e.jpg,0,0,1,0
dry_89621566c8ca5f793e50_jpg.rf.1c3dacacbfcf469202b1b37b5c764e58.jpg,0,1,0,0
dry_9221630a9a065d7b43f3_jpg.rf.bbda430ed9b176111edbb5d47235b64e.jpg,0,1,0,0
normal_3c29dee4c06cd6accced_jpg.rf.32df8a1c29e3ab13daf0e3e10a549e9a.jpg,0,0,1,0
oily_f78c1f95bd4b5d485416_jpg.rf.dcf6c73c0268ed720e63257d5e2fd9e2.jpg,0,0,0,1
dry_95d1284dd980387e99ae_jpg.rf.ea9a15abc548f391aa79a780bdc8e699.jpg,0,1,0,0
normal_new_687bd9868807ae3b1a7d_jpg.rf.a771721884b8e68f545238376347b336.jpg,0,0,1,0
dry_c33d151231167b894091_jpg.rf.3a20f802f65e96ca598e94fbd0def51c.jpg,0,1,0,0
dry_new_da1bdcd97cbed179b26a_jpg.rf.61daf88b6f3963b20199e742423cf10a.jpg,0,1,0,0
normal_new_7f37a409f3b497fcaf36_jpg.rf.fa78e92cf15b1f743fef03462bc4e662.jpg,0,0,1,0
dry_a9dbd078400fa00cae2a_jpg.rf.9338367e007e5368408d7ef7aeac964e.jpg,0,1,0,0
normal_new_7d2066296c3beea3579a_jpg.rf.860c94c3bcf562c41497805fd566974f.jpg,0,0,1,0
normal_9145551726d6b7563ffd_jpg.rf.362806a6773264f061493286286506be.jpg,0,0,1,0
oily_5c8a1bbff929743d4c35-Copy_jpg.rf.1cb7a4ea26fddb98ebdb3a0a4a083e98.jpg,0,0,0,1
normal_new_0f2a4d0547c381e7def5_jpg.rf.b2b2624d551b2227998cafd84df5a62e.jpg,0,0,1,0
normal_8357e8c0029e34aac5b5_jpg.rf.e095fb77b1a15682d71149b7fd69725d.jpg,0,0,1,0
oily_f78c1f95bd4b5d485416_jpg.rf.4b265f59ece75c5426ebc08b12d20d85.jpg,0,0,0,1
dry_523ee502b52f6dd6067e_jpg.rf.074de7af8a346afaab27dd26592c8976.jpg,0,1,0,0
dry_new_f7cf9994f418d273340e_jpg.rf.25e70bdf7bf98c4c406e3494fca331ae.jpg,0,1,0,0
dry_40198643ecd73d3c1816_jpg.rf.fc9381b84bf1e2a034963b790663daab.jpg,0,1,0,0
dry_new_f731d30159121a6ab5f8_jpg.rf.dee735bb0530f8082272a3d341be92d9.jpg,0,1,0,0
normal_83e6ce8def2d62166f2a_jpg.rf.525d0c0497e84e0093e1ad8fc375c346.jpg,0,0,1,0
dry_new_c9440bf19da06c79f77e_jpg.rf.e4dc4c4e4a76218fc9047ce24e6425f0.jpg,0,1,0,0
oily_new_53eb8379d992ea7fae8e_jpg.rf.f9f93a8d946d822968e291d104dead2f.jpg,0,0,0,1
oily_d2eb71fb1800034d1f8f_jpg.rf.819edf2678a79b8666d1a7c0ff11357e.jpg,0,0,0,1
normal_9260278322f4457c4213_jpg.rf.0bf60f07ad7e0bd1ebc33ff3a28fb545.jpg,0,0,1,0
normal_new_9a06b7bb337efa63f6f5_jpg.rf.8a63d825c7439a66a1437fd54ebd04b1.jpg,0,0,1,0
oily_cf46a035918062a84359_jpg.rf.d020be1854758e4491f364227215120a.jpg,0,0,0,1
oily_d2eb71fb1800034d1f8f_jpg.rf.88efcdd30974249090d7cd29412cd054.jpg,0,0,0,1
normal_521515e1dbd92c093273_jpg.rf.4d6142e8184f36d9e01730ecaa96210f.jpg,0,0,1,0
dry_new_ea729260329f67a44a32_jpg.rf.3ed8507a01027e9c16c97e78e6e13931.jpg,0,1,0,0
oily_e454c012a6cafcc52ec6_jpg.rf.7420cdbab6b88a736dc9b1839a3287d3.jpg,0,0,0,1
oily_f6c88e14bd2fdca21286_jpg.rf.8bc52c4b038bae8764d0a49954eafd5e.jpg,0,0,0,1
oily_new_26b732306f314eb33ac9_jpg.rf.8d80fac8cd261afb62846a3d3e542256.jpg,0,0,0,1
normal_new_8cb48ed496a0007838b0_jpg.rf.ea9f7e96956540342c4b4b6a0abda418.jpg,0,0,1,0
normal_4f046cc1f7892a91ecc2_jpg.rf.4b547dcfeb6d819c2fcaf187eb382066.jpg,0,0,1,0
normal_new_7f37a409f3b497fcaf36_jpg.rf.5f2fc88b2f724c71f476a4075d7f98be.jpg,0,0,1,0
oily_cfafa9be2e47d937c207_jpg.rf.706fe4415ec03b02c6113d4bcbb430b8.jpg,0,0,0,1
normal_803acda430e167112bee_jpg.rf.4a3b1b00994047b48065f21b1c0cb4f2.jpg,0,0,1,0
dry_new_ca28b3aae025bef79326_jpg.rf.7981e046b08d9b36fee6abbcc3131f4b.jpg,0,1,0,0
dry_new_8ad23a51d59fdfb5e2c3_jpg.rf.04adbc2f32c2e5c1efa07ba83422bd24.jpg,0,1,0,0
normal_a813e89de4208863524c_jpg.rf.5cf29bdc66b6c9f83d546f40ee1fbdf0.jpg,0,0,1,0
dry_new_cde1fdc66d852c083ae6_jpg.rf.0ddf2d1363386c33b3dafe920e123c1c.jpg,0,1,0,0
normal_new_8478024216c33a339bd6_jpg.rf.966b083ceabc48ebe7365580cf19c4fc.jpg,0,0,1,0
dry_new_883540e1b6a318bfcca1_jpg.rf.3d22cd2cb56eebc8bb17a05b74527250.jpg,0,1,0,0
dry_532565e3decafdfab48b_jpg.rf.036fd85a2f3ec5021f13d3f806996580.jpg,0,1,0,0
normal_f1569312cf82b989077d_jpg.rf.87ac288df4a5f0b0bb0bd5d202bebfb9.jpg,0,0,1,0
normal_78931a468807a5e77d78_jpg.rf.8c1ba52f22e365120f342c510658bd7d.jpg,0,0,1,0
dry_new_facedad34e6d258f8a82_jpg.rf.8ea0df86e551246df157c33e08de74bf.jpg,0,1,0,0
oily_f78c1f95bd4b5d485416_jpg.rf.498c70199648919ea3c9a06fcc0c6787.jpg,0,0,0,1
dry_new_eb4eabadf7b5300b8f3d_jpg.rf.210a3e7acb23bbb87de4e93702716762.jpg,0,1,0,0
normal_421b5972179298063a4c_jpg.rf.a2c8bde4ef7086ec3141989a2b4b4b5b.jpg,0,0,1,0
dry_new_fd6cbe8da5f2001adebb_jpg.rf.bcf1ebba93be3064469be56f9ad766b0.jpg,0,1,0,0
combination_-_a667d5909a525e8cbb5b_jpg.rf.dc233467a9d5e02e34bb1cbfae33fde6.jpg,1,0,0,0
dry_52f194c7a64b0106d429_jpg.rf.78c2ef43d4ea7ff0d29ccea2e57b91c9.jpg,0,1,0,0
normal_521515e1dbd92c093273_jpg.rf.4bd7aab0889896a14b95ee8493f20ec6.jpg,0,0,1,0
dry_9d59e9281178b319be16_jpg.rf.263b98b177d7cb01b5143a773ec3a515.jpg,0,1,0,0
dry_new_d9cac0f138c33b674999_jpg.rf.906f6ed3f427509920602a4c87fb356a.jpg,0,1,0,0
oily_new_4bdf7218d3d07c2e2dd7_jpg.rf.b7791bf3391a6ce5da39e4c613660030.jpg,0,0,0,1
dry_new_facedad34e6d258f8a82_jpg.rf.179fbe04b17ce19fd11e4f82d71c8000.jpg,0,1,0,0
oily_new_69b25e95843457af2019_jpg.rf.f94727aad74dbe5f6660fb9714041528.jpg,0,0,0,1
dry_new_ebdd66b03fdc4d31f4fa_jpg.rf.be9af4b659905a9b20a4cf1971e59273.jpg,0,1,0,0
normal_new_95c8e86462a83f0ce060_jpg.rf.975e88d9d156dc3dabda6d580905bdc7.jpg,0,0,1,0
dry_new_fe531445345a1d24c8dd_jpg.rf.77900dd5822b6111ebbdbafe688a1130.jpg,0,1,0,0
normal_8540cc64d235c2321793_jpg.rf.8b5e3e55ebf974cb2f4a4c80d8f74a7b.jpg,0,0,1,0
oily_f17d9911c1afbfd805fe_jpg.rf.b9a5ff91a700a319bb14d26c7e901dfd.jpg,0,0,0,1
dry_630a827b4134d9527866_jpg.rf.67296475bc83e524dfab2e9515eb664e.jpg,0,1,0,0
oily_new_526b0902ddf924e1586c_jpg.rf.240ffa7cd1520ff18d7870c3a87eb46d.jpg,0,0,0,1
normal_new_10dce28c5ec6a5ddac93_jpg.rf.0a3e54cba6867da8c6085827db714218.jpg,0,0,1,0
oily_63df3d8e7855683dc0b2-Copy_jpg.rf.67972aa91a830f7d560ce6357495f1c8.jpg,0,0,0,1
normal_f3bf352c3bdce05b8027_jpg.rf.a7629248cbc0882114705bfb3f1d324a.jpg,0,0,1,0
dry_new_fe531445345a1d24c8dd_jpg.rf.14eac7d97c72cdf262f2a1c1297d85eb.jpg,0,1,0,0
dry_new_8ad23a51d59fdfb5e2c3_jpg.rf.84e4831b19089984d7d67cb5bf5c25ba.jpg,0,1,0,0
dry_new_f731d30159121a6ab5f8_jpg.rf.e3056eb7d515dfee5dfb107257156df1.jpg,0,1,0,0
oily_cf46a035918062a84359_jpg.rf.9c922dfd713b5f6c2c39321d75a69e76.jpg,0,0,0,1
normal_f4679b83afe453307a9d_jpg.rf.e1b3fe39dbdb1b172e2989779e314e46.jpg,0,0,1,0
normal_81442529fa408ff3c7f8_jpg.rf.c1870dc6002d45b94bc03dcdf56e094f.jpg,0,0,1,0
normal_new_0b242e3257fb43ff1fcd_jpg.rf.715fba57167ed9d1bff6d8a2df6c255d.jpg,0,0,1,0
dry_new_da1bdcd97cbed179b26a_jpg.rf.14edb385115cf524e3c62c4c89ab0e69.jpg,0,1,0,0
dry_630a827b4134d9527866_jpg.rf.ac9feecdeddaf1924f8b99e977529857.jpg,0,1,0,0
dry_new_b1096d607e7093383c9e_jpg.rf.76c9894f8f9f04a6646902d6e9dcde7c.jpg,0,1,0,0
dry_52f194c7a64b0106d429_jpg.rf.beb5806c595c3f2ed517732b5b4e9888.jpg,0,1,0,0
oily_50b6ecef89abe40d5cb6-Copy_jpg.rf.4daea29f480c5dfba665d127669d2a84.jpg,0,0,0,1
dry_new_faf81f31135f409fb0a4_jpg.rf.3bd80ae7cf9203d9c634ff20d5363b0c.jpg,0,1,0,0
dry_new_fd6cbe8da5f2001adebb_jpg.rf.f6e3385698e277f49f8a8e39d42cb6ff.jpg,0,1,0,0
dry_new_b6b618bf512f37685b21_jpg.rf.5ad835da624ce30709f770dddbbf9429.jpg,0,1,0,0
normal_new_0bc4a6728b004399987a_jpg.rf.8a78da5bf5aca244187c8ad21d6671d6.jpg,0,0,1,0
dry_new_cf30c77ba7ef62329a2d_jpg.rf.e777eedecd876675eab9d0444744d461.jpg,0,1,0,0
dry_new_884ccfb047fb6f6d1ef4_jpg.rf.297130d083811db3a37c103b35c5c4f1.jpg,0,1,0,0
normal_85bc6e5799eaf14272e2_jpg.rf.26ead2a7c9eacd2f524b0fda559183ae.jpg,0,0,1,0
normal_4e3b5d98496001099467_jpg.rf.618675d04c494c3355d46bf874f13c3f.jpg,0,0,1,0
oily_new_6aefee494c49913b52db_jpg.rf.a03f3900a409884091fb7652d7bfdc08.jpg,0,0,0,1
normal_9a50e19d324bbf21fb75_jpg.rf.f1a1deb83ecd86d34c94663d4e37e648.jpg,0,0,1,0
oily_new_4e9e84595e210c198185_jpg.rf.a5a3ae787caf60aaf4f315137c26f4e5.jpg,0,0,0,1
normal_77c44f7b4f0224c4b224_jpg.rf.607faca2f738e9928dab42766c449413.jpg,0,0,1,0
oily_new_4bdf7218d3d07c2e2dd7_jpg.rf.4b056bab6dca9db9370889fd135eb70b.jpg,0,0,0,1
oily_fdb48cb892d5cbebad94_jpg.rf.4698cd8a1dccc266a42e852e98468f6b.jpg,0,0,0,1
dry_88bdc5b6139011037b46_jpg.rf.4460496d50516a604df231d10e04cfee.jpg,0,1,0,0
oily_e53479fec94ac0f4de4d_jpg.rf.9bfba71ae7fed7dfedf0b538c17b35b8.jpg,0,0,0,1
normal_ab4546ce27ae50fc485b_jpg.rf.b2996963be77aa553750fe002364b8e2.jpg,0,0,1,0
dry_new_b598a0d3b9f131d927bd_jpg.rf.f79c9b427a9079e0d4d05f0f0725b39a.jpg,0,1,0,0
dry_ab2094adfec7bd038190_jpg.rf.3bffbe683a6d7a82f09d1b5d88c62a18.jpg,0,1,0,0
dry_new_db2ee9647e4b8ffef98d_jpg.rf.d17aa5a54cbb345b30c3002d05d735ed.jpg,0,1,0,0
oily_edd906d8fa9bec7b39d9_jpg.rf.bb3403e8c39603771f536495fa14a373.jpg,0,0,0,1
dry_new_b386e62e3ab214d67377_jpg.rf.07796bf3c055d2d38e810ba8ed947036.jpg,0,1,0,0
oily_e207b4a04884a9d8b1e7_jpg.rf.eac9f2d5c93156a1618c4c2755f53500.jpg,0,0,0,1
normal_new_7efe35816a745ca9ba92_jpg.rf.7b0fc03755cf635ffb903bbd847b1e26.jpg,0,0,1,0
dry_new_faf81f31135f409fb0a4_jpg.rf.06a5270d0d29b9bf61f4e3b5a0fb65c2.jpg,0,1,0,0
normal_new_c51dbe87a8c3af5e4526_jpg.rf.35ab98770e00f694b49dd5d9e9af5bfc.jpg,0,0,1,0
dry_63d1f5496aa4fabd01bb_jpg.rf.6f1c61c09a8222f8ebd3c57abb9090b6.jpg,0,1,0,0
dry_ab2094adfec7bd038190_jpg.rf.7155ccf6c3eff6749985a1c17cefa2da.jpg,0,1,0,0
normal_new_0fd32da63c4a826c1d41_jpg.rf.5df73f03112bb49eefe6fab725735f88.jpg,0,0,1,0
oily_73891f263bf4457d46f9_jpg.rf.24a926a9919e469b63fb3fa129983727.jpg,0,0,0,1
dry_new_c624195b194109281377_jpg.rf.0401c421a3e1af7524ae642a91ac7081.jpg,0,1,0,0
dry_new_ffff6baee79cf3868cc5_jpg.rf.dc51d38d5683bf0da66e12ba9accccad.jpg,0,1,0,0
normal_new_96d4101ddb1166c43fbe_jpg.rf.3fc7a323e455da35dca1cd93c4610121.jpg,0,0,1,0
oily_d5d3487ccc58c1563949_jpg.rf.7b9105c79c501558e03ae238b07f260d.jpg,0,0,0,1
oily_50b6ecef89abe40d5cb6-Copy_jpg.rf.f4c4d58bfd2e8ec7ed7612c0b493b7d2.jpg,0,0,0,1
normal_83e6ce8def2d62166f2a_jpg.rf.e9a3fda7355f50b2042c2acdd40fef43.jpg,0,0,1,0
oily_new_5711a9b93743b41703db_jpg.rf.8be7cdddfaaa076d0e189e1854a0255c.jpg,0,0,0,1
dry_9d59e9281178b319be16_jpg.rf.80a3a8da1c659de29bfcb31d652d03dd.jpg,0,1,0,0
dry_a6cce2e40db992d4971b_jpg.rf.a8de17bc8060f407b3c0222308b28439.jpg,0,1,0,0
oily_e09ba2949f9d8669b48c_jpg.rf.535f04a0e555be28671a59535d196660.jpg,0,0,0,1
dry_63d1f5496aa4fabd01bb_jpg.rf.11838bb3bcc1c999a8052720d5282fbf.jpg,0,1,0,0
oily_cf12c7ef95642afe5718_jpg.rf.aab0ee9c8838eabc80d5da3a94da6faa.jpg,0,0,0,1
normal_f4679b83afe453307a9d_jpg.rf.b1884b340f2a120c5d150be5e078e922.jpg,0,0,1,0
normal_8540cc64d235c2321793_jpg.rf.2f709f1ed91811ae632edb883392bb57.jpg,0,0,1,0
normal_new_7fb2835134bcabd67b88_jpg.rf.b19aa2a488d4f63254b430f15aaa96d0.jpg,0,0,1,0
dry_540615aadfc387dd22c5_jpg.rf.5abd723970b34b1b523fe06b1f56af44.jpg,0,1,0,0
oily_new_6aefee494c49913b52db_jpg.rf.43e418410631b26af8fb46f4ea9c9aa2.jpg,0,0,0,1
dry_new_d2737c8cfb7c1195e6c5_jpg.rf.11050a7582e43f7b2f60d9f269001628.jpg,0,1,0,0
normal_4dd9029879ca290f3652_jpg.rf.664e1eb801033a7657af04fdf38bed38.jpg,0,0,1,0
oily_e53479fec94ac0f4de4d_jpg.rf.21f036723a0727ab79e7bebcf893dba9.jpg,0,0,0,1
dry_new_8ebc37491821c6883b70_jpg.rf.21550caa4a7aee513d19f5c63070f5b7.jpg,0,1,0,0
normal_849a47bebcdf4ddcccda_jpg.rf.b067666b78b711c10c779dc36fd1a12b.jpg,0,0,1,0
dry_88bdc5b6139011037b46_jpg.rf.735bee295d0cc4841691189ad0c591a1.jpg,0,1,0,0
oily_fc1f83e3384d897c7f53_jpg.rf.bcbe07505c16ac7be233276e43c5a4bf.jpg,0,0,0,1
oily_6bb2553bae72d6ffe060-Copy_jpg.rf.7c90086d95d396596c632d48f180bc8c.jpg,0,0,0,1
normal_6faf1ac6b36e64e73e4f_jpg.rf.f56a5caff2efcb15a2c76d1812dc4b59.jpg,0,0,1,0
dry_ab2094adfec7bd038190_jpg.rf.ceb8b915c197d724b078b92239e551f1.jpg,0,1,0,0
dry_new_db0bfeb352449d777df4_jpg.rf.3c19ad8169e2776fff379be205bde311.jpg,0,1,0,0
normal_ab7e4435e3a3b360ec15_jpg.rf.7d05c3c3188dd503e7f7263476bee1d6.jpg,0,0,1,0
oily_e454c012a6cafcc52ec6_jpg.rf.c122c1b217044aa0723e12f136f65ce6.jpg,0,0,0,1
dry_ab24bd04bd9b3c9532f1_jpg.rf.bec7dc401ab0b6ad539ca967f07d9aa2.jpg,0,1,0,0
dry_new_883540e1b6a318bfcca1_jpg.rf.a84d5962372a9d7690f3abaa783d2ded.jpg,0,1,0,0
dry_96e0c90bfc8f0751b184_jpg.rf.ba76be0ec371e193e07b30786a5f411a.jpg,0,1,0,0
oily_new_59f64909de30d162371d_jpg.rf.26b827ad1f3db5e3c1fcdfd04531bd58.jpg,0,0,0,1
oily_e09ba2949f9d8669b48c_jpg.rf.6b6c52e903d5182d4d36b5e01df2f41c.jpg,0,0,0,1
normal_81442529fa408ff3c7f8_jpg.rf.5d087da9a533175309c96557eda30844.jpg,0,0,1,0
dry_952bb2051f1d5878e06c_jpg.rf.7b4a184a1c11e2cf87095b2ec617432b.jpg,0,1,0,0
oily_d64ea5192a2ed0173ee4_jpg.rf.c3da85b3ed1d05408be1f05c79129248.jpg,0,0,0,1
oily_6f2c6de2fa9fd9517ba2-Copy_jpg.rf.279156ec7b76b356f1c65bd2fa09aa3e.jpg,0,0,0,1
normal_new_a65ebea33dde66c1c8fe_jpg.rf.6f6146e3bc6181bfae8c529a63b60b18.jpg,0,0,1,0
dry_aa22f8d51047f4e99e39_jpg.rf.6540dffc880db630bbb79ff45a50afa9.jpg,0,1,0,0
oily_73891f263bf4457d46f9_jpg.rf.1525edaa34cbc3c46c0084a5694e48de.jpg,0,0,0,1
dry_new_fb969154f5baa8b9e628_jpg.rf.7a0639a83583287292d87413b8d389e8.jpg,0,1,0,0
normal_7c2ed22c13c542f5966c_jpg.rf.c12ad4fcc88aee122317cc3e86038386.jpg,0,0,1,0
dry_ab24bd04bd9b3c9532f1_jpg.rf.a90fe7faee57865e8739dca66dd8afc6.jpg,0,1,0,0
oily_new_6aefee494c49913b52db_jpg.rf.dbbc7d5145356c09f1324c5a44199145.jpg,0,0,0,1
oily_5e2b3407644f276c0e58-Copy_jpg.rf.b3b385916c903b58e6ebdfb8b39d1d95.jpg,0,0,0,1
dry_56b817b616e9e0e179f9_jpg.rf.1b63844d1bc1d2de441ed93e068faa52.jpg,0,1,0,0
normal_abceda67e21d88c011d5_jpg.rf.88355d2dde5828511d7e9648165664ab.jpg,0,0,1,0
normal_8540cc64d235c2321793_jpg.rf.0bb93d0f50d5585baeb7521587c5f70a.jpg,0,0,1,0
dry_new_8e5ae72cc69703eec556_jpg.rf.0ea424c64f3ffb16f47b88fdb7c833e7.jpg,0,1,0,0
dry_5e6ecf63d27ca95d7bf4_jpg.rf.bf75db25abc3d00d9a4d80c420696be4.jpg,0,1,0,0
normal_849a47bebcdf4ddcccda_jpg.rf.98651693e821cfdf467e38f78cc313cb.jpg,0,0,1,0
dry_86f303cdc53f1e637e40_jpg.rf.a28c0ca107e9d003a3aa5d85c6a81131.jpg,0,1,0,0
normal_ab7e4435e3a3b360ec15_jpg.rf.b4ced1fcb6820db3605abece875170f1.jpg,0,0,1,0
dry_a6cce2e40db992d4971b_jpg.rf.c9289bf6421de5ae87860bde8a72d457.jpg,0,1,0,0
normal_new_03ab5d03dae46aadc76e_jpg.rf.c9f69eec37710426e9a49a81b7881228.jpg,0,0,1,0
normal_new_14e9e8fb510c043ff135_jpg.rf.0528fd90b91cc9082a49c6b37c815b68.jpg,0,0,1,0
oily_new_53d6e02161edb32a4ac2_jpg.rf.5bc3de51fd10b7abefe3f38045bd8b0f.jpg,0,0,0,1
dry_new_b6b618bf512f37685b21_jpg.rf.656464d8cdf48be0a0faa884a7bcbaf3.jpg,0,1,0,0
normal_ad55f57598e6fdda2ad5_jpg.rf.251d558a242cf80ab403fdf5427f209a.jpg,0,0,1,0
dry_89621566c8ca5f793e50_jpg.rf.6b505935590f985fde0daf893e062bb2.jpg,0,1,0,0
oily_new_431cd927a265e08e7350_jpg.rf.978b90659595fb9cc7975b5bf2a2411e.jpg,0,0,0,1
dry_b348b289327238e357b4_jpg.rf.3373b391d94a262f96f895367e0aefaa.jpg,0,1,0,0
normal_85bc6e5799eaf14272e2_jpg.rf.2b7dc27dfac0070917625f556945e71e.jpg,0,0,1,0
normal_8357e8c0029e34aac5b5_jpg.rf.d22ec1c62ece3a6be5d7a2b9e9d620c2.jpg,0,0,1,0
combination_-_aac52081bb7275238de0_jpg.rf.88344ad033f51f6a3b104dae243649d6.jpg,1,0,0,0
dry_new_8e5ae72cc69703eec556_jpg.rf.bba3659763f190683dc6511e18e14fa1.jpg,0,1,0,0
oily_ef6487453380e666eecf_jpg.rf.702e04421c82ec51804afa2bc79b3042.jpg,0,0,0,1
oily_d532db664a812db9a58b_jpg.rf.a42ed504fcebbf78334ed0a2cceb11cc.jpg,0,0,0,1
oily_d3b09434a8b2693bf447_jpg.rf.ec70e71ba77d5ac62b5666167f887c68.jpg,0,0,0,1
dry_new_926a5bc6bb733cd95275_jpg.rf.743b1395fc1fd33dd153fd3c8dbddeb6.jpg,0,1,0,0
oily_eb867888f59204b92678_jpg.rf.34e0251f21683b29a510a1b7d7cbf2de.jpg,0,0,0,1
oily_f17d9911c1afbfd805fe_jpg.rf.28de04a13e47ebf29add2a26decb9289.jpg,0,0,0,1
normal_78931a468807a5e77d78_jpg.rf.a55f96e603ad955f3f66f74604259b07.jpg,0,0,1,0
oily_fc1f83e3384d897c7f53_jpg.rf.5a682b8d7fa273c81875ef367d0bd4ca.jpg,0,0,0,1
dry_new_c58deeaf114f03f36784_jpg.rf.06c60772640508d8ffa5c8b1629bd0be.jpg,0,1,0,0
normal_80912083ac9d5c3874f8_jpg.rf.63d2935d11240a96cdaea3a261e42c2d.jpg,0,0,1,0
normal_8181d272e4bcb95a3435_jpg.rf.31ee0894bcdfbb1ab2e8de7789d42de3.jpg,0,0,1,0
normal_7c46ae7d0bf7f41e3e04_jpg.rf.e46c6ffe1c8d9a7fd6c7a3182e523f8a.jpg,0,0,1,0
normal_new_03ab5d03dae46aadc76e_jpg.rf.17d7abc05dd6685b19afaa7eb9354518.jpg,0,0,1,0
dry_new_fbee34180235936563bb_jpg.rf.483f4897fd3522bb3a009b363485aa5b.jpg,0,1,0,0
normal_a83f97468889e3295fcc_jpg.rf.443536ca9d81faef80b00df72372739b.jpg,0,0,1,0
normal_a83f97468889e3295fcc_jpg.rf.0e4cfd5ba5a7b9435fb757f3becfd8a5.jpg,0,0,1,0
dry_new_f546fdf27bf752288cf1_jpg.rf.63bc6ad0b3f9b3a628a84e3033aa0283.jpg,0,1,0,0
normal_new_96d4101ddb1166c43fbe_jpg.rf.c7b5b520f2cce0972a8c870abbf20da0.jpg,0,0,1,0
dry_94ba9568b735e8a04e3e_jpg.rf.80bd61054641fe8d00bed604c7331030.jpg,0,1,0,0
dry_ab24bd04bd9b3c9532f1_jpg.rf.fdd8bf1418d3c607f58c77781fcf501c.jpg,0,1,0,0
dry_new_c6890c93e3b12ee1b1c2_jpg.rf.89af8a1fa607cdf17033ff54bd68359a.jpg,0,1,0,0
normal_a626496076bdbaf2cdc4_jpg.rf.58050cc989d2d5c32413a375b8b060d0.jpg,0,0,1,0
dry_8fc14c8550030d56ee24_jpg.rf.0a401bc52573a9eabceb675e6ba69b5d.jpg,0,1,0,0
dry_new_cf30c77ba7ef62329a2d_jpg.rf.f5f0adf5b1c8f0aac8f644cde14c87d0.jpg,0,1,0,0
dry_89621566c8ca5f793e50_jpg.rf.cc023acd1a54b794f93fe0bb602f80ae.jpg,0,1,0,0
normal_82b1c4a7341d87137172_jpg.rf.f8602c2156b619534a39cc8d4cce6a2a.jpg,0,0,1,0
normal_803acda430e167112bee_jpg.rf.d61a50bd71ad47dd52765edb0869de8a.jpg,0,0,1,0
dry_new_ba6a1a815919ad516ae1_jpg.rf.cbe784ba9492ed63d230f8e0c73341f6.jpg,0,1,0,0
normal_abd8823912cdea1703b3_jpg.rf.134b39d5b2b31079109b06f78ef7e042.jpg,0,0,1,0
oily_e589522b7afbd6719019_jpg.rf.544b0e61e29b8fdfa3c5debca0b21508.jpg,0,0,0,1
normal_new_00c54ffc4a85bed8ddb5_jpg.rf.82d19f7868b71d863cb126e97319f72b.jpg,0,0,1,0
dry_9221630a9a065d7b43f3_jpg.rf.1dec4e998df063c08bff94f7dc175a50.jpg,0,1,0,0
dry_new_bd28277188827acab827_jpg.rf.ce1a3fcfdd2dbf36ba77e99df9306b5c.jpg,0,1,0,0
normal_new_15e68707a0bf32c5cff9_jpg.rf.73155523a169f43341afc05a877ac8b0.jpg,0,0,1,0
dry_9b3d4b6430b1373e3773_jpg.rf.eb8b27d757c612ed64c3f60189b8ace1.jpg,0,1,0,0
dry_6bd49d9d1c32e8dcdf8c_jpg.rf.04ad3e5c80a3ebad769e1ec202d33e2c.jpg,0,1,0,0
oily_edd906d8fa9bec7b39d9_jpg.rf.ba81c7950139d4667a0588ab99eb7dc4.jpg,0,0,0,1
normal_78931a468807a5e77d78_jpg.rf.f7842223f8bfb612ff49a3202da5308b.jpg,0,0,1,0
oily_d27ce03205d94f0dcab1_jpg.rf.f6d0e77cf8f2204d827fe1dbed5e9ed0.jpg,0,0,0,1
dry_9cac26f03e339f9ff695_jpg.rf.76a3416f000c90898b1c14016962243f.jpg,0,1,0,0
normal_78931a468807a5e77d78_jpg.rf.aca5b17dc3b55019f22872df5146fa1b.jpg,0,0,1,0
dry_new_8cf75ba4795bb1f408a9_jpg.rf.3d634916f7919f27070bc5542d08f11a.jpg,0,1,0,0
normal_80912083ac9d5c3874f8_jpg.rf.a2f02e5493bf2ce83ca68d1ae2e68058.jpg,0,0,1,0
dry_64a91485d0edd46ff0b9_jpg.rf.f182c3d0ee92bd8c1ccb5fcd186e9e8c.jpg,0,1,0,0
oily_new_500f998d861016aa0c2f_jpg.rf.58522abf994c63f923e48a6376191a53.jpg,0,0,0,1
dry_9221630a9a065d7b43f3_jpg.rf.b42078e705bea382f846fc5b1fa17daf.jpg,0,1,0,0
dry_new_c9440bf19da06c79f77e_jpg.rf.9359f957ee94e4ea0890e21a5c4b9aa4.jpg,0,1,0,0
oily_5ff36311a5a7333d846a-Copy_jpg.rf.d9f7d3f2983a4b860cd61e3784fec92e.jpg,0,0,0,1
normal_new_00b82292a83a6962cc68_jpg.rf.817f9a3894e7f82a9165f16967dc9a95.jpg,0,0,1,0
oily_new_6c54678bf48f60c7d08e_jpg.rf.c8eba5e3fa95e0f1df2d4f19d082e55c.jpg,0,0,0,1
dry_58256c3eebfd0fa2a20c_jpg.rf.95aa40d063277c6658c3a30c199a5b62.jpg,0,1,0,0
dry_new_bd11916b1fe4f5db3076_jpg.rf.37801a0ff6629c6a1a6f0208d98977a7.jpg,0,1,0,0
normal_71eaeb8fda354ab5e269_jpg.rf.da93bf67b7dbc39921e479a5480ca534.jpg,0,0,1,0
oily_e53479fec94ac0f4de4d_jpg.rf.91cd23febccfaa623ea4fc13e6301f98.jpg,0,0,0,1
normal_77c44f7b4f0224c4b224_jpg.rf.3b4aeede500fa68940d533da32f708e2.jpg,0,0,1,0
dry_57a59b96ec26c945e4b2_jpg.rf.406878a6ab6d8430cba5adc96605b970.jpg,0,1,0,0
dry_new_cf30c77ba7ef62329a2d_jpg.rf.28decc0a05ba46abd512ebba9d279303.jpg,0,1,0,0
dry_new_c49ac7d53b58dd214b40_jpg.rf.25fcfdab2c701428231e81c87ca3a30f.jpg,0,1,0,0
normal_85bc6e5799eaf14272e2_jpg.rf.d1dba40683b376203e980d13e710bdac.jpg,0,0,1,0
combination_-_aaecf6fbe61e51dec18a_jpg.rf.b6d2e97291eae8032524875ee61ce20a.jpg,1,0,0,0
normal_85bc6e5799eaf14272e2_jpg.rf.9f84f40e28999ee47f25253a4b83c8a3.jpg,0,0,1,0
oily_d27ce03205d94f0dcab1_jpg.rf.36aa63d9e090eecdf670a2b5814a3e21.jpg,0,0,0,1
dry_b370df1d92318ba68ac0_jpg.rf.b3ec4c49ee6fabfa6a15dfa24aaec4be.jpg,0,1,0,0
normal_af95d46d9447d43527be_jpg.rf.c7618acc42c0558169bce8715e9101c3.jpg,0,0,1,0
dry_b197c5702179b83423bb_jpg.rf.a5c250bc8884f01b80cc03812f95befd.jpg,0,1,0,0
dry_98e0d386dd2d57b81e29_jpg.rf.8ab8285d140a96ce086e44ad36b5a7a3.jpg,0,1,0,0
normal_77c44f7b4f0224c4b224_jpg.rf.f59acfc02834df7300fda664debe2fc8.jpg,0,0,1,0
dry_new_fbee34180235936563bb_jpg.rf.8082f26b2d8aab6aa025ff13a971fb13.jpg,0,1,0,0
dry_new_c6890c93e3b12ee1b1c2_jpg.rf.742d96a49cfcdc56538c792b97643a2d.jpg,0,1,0,0
oily_d3b09434a8b2693bf447_jpg.rf.86acf46baebfe849732078bdbb9849b4.jpg,0,0,0,1
dry_c33d151231167b894091_jpg.rf.6315b0ad3eeaa5ee213075b55cb993aa.jpg,0,1,0,0
normal_ae885e6881817fd1412a_jpg.rf.8ea3c2f41ef0519363564699533cdd2d.jpg,0,0,1,0
dry_56018b3c61f2de8a5a9a_jpg.rf.fea6e9029b8cdb0961febd3afecf151e.jpg,0,1,0,0
dry_new_dd01cab8d50b3d4b2010_jpg.rf.fd749b53bfc59bab7e6be9e016150760.jpg,0,1,0,0
normal_6faf1ac6b36e64e73e4f_jpg.rf.9b22a5e2960f2e1b2b15d8842fdf38db.jpg,0,0,1,0
normal_af95d46d9447d43527be_jpg.rf.cb5cdb6cc3c86dddea82bfe9b8198d5a.jpg,0,0,1,0
oily_de89fc1ef64327a21705_jpg.rf.2fe2fef6b3d1ab5b5347c72cc9d2afc7.jpg,0,0,0,1
dry_6d2dc1f89abf1ce87e45_jpg.rf.715bc033e2fc80d170aaa3770e65e06e.jpg,0,1,0,0
dry_94ba9568b735e8a04e3e_jpg.rf.b72c577574139e9daae7e0cc186e2500.jpg,0,1,0,0
normal_new_14e9e8fb510c043ff135_jpg.rf.5852d835cae097d68c5ee3f2cefc7b1f.jpg,0,0,1,0
dry_new_db0bfeb352449d777df4_jpg.rf.8d9e2e036d6f843f5b995ef14a82c330.jpg,0,1,0,0
normal_abceda67e21d88c011d5_jpg.rf.31b58977910fcaf79b9a49877ca52143.jpg,0,0,1,0
normal_abceda67e21d88c011d5_jpg.rf.32c9cde25022c00a87b7b3140fed44c2.jpg,0,0,1,0
dry_new_9027504c5f30fa528bf7_jpg.rf.f8425d6b52f3301e41de0e15ab295bcd.jpg,0,1,0,0
combination_-_a692ab264a08f3e272c6_jpg.rf.38570a501b707117bc449d703fdacc02.jpg,1,0,0,0
oily_5e36fe85aba42c39c283-Copy_jpg.rf.729b41c4dc7fa23b7cf288c00f9d6f3c.jpg,0,0,0,1
oily_d532db664a812db9a58b_jpg.rf.71f126e555fb558404775812724543b2.jpg,0,0,0,1
normal_abd8823912cdea1703b3_jpg.rf.5b13e94963f6420a0743f5c9a0130165.jpg,0,0,1,0
dry_56018b3c61f2de8a5a9a_jpg.rf.3fa5a34e29cdeb7f8a13c6d9a8c5ca3c.jpg,0,1,0,0
oily_f0d8b23f4c7ab1d534c6_jpg.rf.f82fdb9011e9c3b268e12de4e43e203a.jpg,0,0,0,1
dry_b1096d607e7093383c9e_jpg.rf.e74144f63cbf5ff4d7ba8d165fe31b3c.jpg,0,1,0,0
normal_new_11a5cf54c8c95fb0d954_jpg.rf.654221f42618cac55f16a3bbe7b3b0de.jpg,0,0,1,0
dry_new_8e5ae72cc69703eec556_jpg.rf.461e7a7bd5135bd851df3ad8819d8af6.jpg,0,1,0,0
normal_83a49f0ec50925b64e1a_jpg.rf.746d3056ba71fb61645a0720f5fa7a8a.jpg,0,0,1,0
normal_ad427aa9cdbb4b59ae6d_jpg.rf.1aa0016cb41e7203437abb398f323768.jpg,0,0,1,0
dry_d848a0c23d45f5cba270_jpg.rf.0fd12b2efc262684b013c8527374e9b2.jpg,0,1,0,0
normal_8d21ff6154d429ef506d_jpg.rf.0f900cae8d7ac80aeda2f9b85b8624a7.jpg,0,0,1,0
normal_b16acca7010adc865e8c_jpg.rf.a100e5916daeebca11a0dbc1df603d51.jpg,0,0,1,0
normal_6faf1ac6b36e64e73e4f_jpg.rf.da1bef0f3dfb0d11a136ac7d34cc9fe4.jpg,0,0,1,0
dry_56b817b616e9e0e179f9_jpg.rf.5c1a00f1a86a9ced71ac962eda0a07c2.jpg,0,1,0,0
oily_65ff22cb0310bb6e7ec1-Copy_jpg.rf.f3f5bbb741b378bee84025a0fca9b458.jpg,0,0,0,1
dry_b197c5702179b83423bb_jpg.rf.9b9cdb1cc1dd9cdf5967636856c9f89a.jpg,0,1,0,0
normal_a813e89de4208863524c_jpg.rf.363cf3aa8a7261f816ca8372a27f7a29.jpg,0,0,1,0
dry_new_8e7b907f48d28a0d69b7_jpg.rf.b431d5c0339aaf56534257a41187f1d1.jpg,0,1,0,0
normal_84ded48d7b3ac1310401_jpg.rf.95ea0722766646e59a52c905eaa34c58.jpg,0,0,1,0
dry_new_8d6121ccd91302795787_jpg.rf.04a5e1d2007bfc6d5970ab0cd915823b.jpg,0,1,0,0
combination_-_a0dbfdfbd029aa111976_jpg.rf.3ea4e2f14e956c7497ac50a36067490b.jpg,1,0,0,0
oily_new_456aab90ed78f433f059_jpg.rf.c9afb9d728e8331925e7ef2828eebe3d.jpg,0,0,0,1
oily_e589522b7afbd6719019_jpg.rf.c7f13959afbd99d503b9b8cc645a2119.jpg,0,0,0,1
dry_98e0d386dd2d57b81e29_jpg.rf.a7582bfc405486b0b134a69217eefaee.jpg,0,1,0,0
normal_84f920d410c87af4f56b_jpg.rf.518bfdcf78d4b3606756ad7ae69c3f22.jpg,0,0,1,0
dry_d848a0c23d45f5cba270_jpg.rf.66a7e337557e0f18ad3db701663be8dd.jpg,0,1,0,0
dry_98e0d386dd2d57b81e29_jpg.rf.94223a7b23fc80ec23b832b3e1508c26.jpg,0,1,0,0
dry_58256c3eebfd0fa2a20c_jpg.rf.0ede1c7023b862911bb3f5dc876ce476.jpg,0,1,0,0
normal_800b1d9bedd36765807a_jpg.rf.b654d18ca80e22e366b00500cfa10a25.jpg,0,0,1,0
oily_f6c88e14bd2fdca21286_jpg.rf.d75436778d4e86ee26cec048ae91f760.jpg,0,0,0,1
dry_58c4aa687f67f4e06a02_jpg.rf.657fef98124301a78edd78f93d04bc5f.jpg,0,1,0,0
oily_6c43ed2461d82f37ec4f-Copy_jpg.rf.4fef61f4a78bee60bdcf3f721dbc3f33.jpg,0,0,0,1
dry_b348b289327238e357b4_jpg.rf.bde40665230f9ebf06b0615518b4713b.jpg,0,1,0,0
dry_new_c69cd1672426701b9ddf_jpg.rf.158fb84df2f813140caab7ff203613f8.jpg,0,1,0,0
oily_new_4bdf7218d3d07c2e2dd7_jpg.rf.852c0138d8b4538d52c8c4ee3f32e07f.jpg,0,0,0,1
normal_new_09edc664ea0e703fa71c_jpg.rf.39adde31469b079a9181230843f561af.jpg,0,0,1,0
oily_new_78ff1e2cae11d8ca07cc_jpg.rf.b7945324e52f006ca7d76fa931d9ccae.jpg,0,0,0,1
normal_82b1c4a7341d87137172_jpg.rf.fdef2d89c5795b4c2eaa90ef41a4ce58.jpg,0,0,1,0
normal_ae885e6881817fd1412a_jpg.rf.ed2faec1d573a8506c31b049efd2c6db.jpg,0,0,1,0
normal_78fd434114782dfc80dd_jpg.rf.bda2792706dcbd64393903ced954954c.jpg,0,0,1,0
dry_new_8c3af9d3a40730e6d85a_jpg.rf.da5aee9f421c9c70a74db53d250f0e5a.jpg,0,1,0,0
dry_new_c2adc33cb34ea3ea4f6e_jpg.rf.a925b00ed1b8cfb9d656f2a93f19f80d.jpg,0,1,0,0
dry_new_8b2ab7899d2b4e1fa6e1_jpg.rf.07fedad099743b13ba39ebfe6eb415ae.jpg,0,1,0,0
dry_9bb5e1a30f000e3e2fe1_jpg.rf.0e784e97b9904be59984e4b4090cfc55.jpg,0,1,0,0
normal_84f920d410c87af4f56b_jpg.rf.f27694d8eb26ba6c0031691c9ff2a1e2.jpg,0,0,1,0
dry_c6a9db491703ff378226_jpg.rf.cf67d6f8a82d064bec77090ded7f68c3.jpg,0,1,0,0
normal_afff083fc217bb0f28fa_jpg.rf.f190e8f9770baf76f540800b7e84ed13.jpg,0,0,1,0
oily_ef6487453380e666eecf_jpg.rf.4b6486f8d20e96b6096955811b61adca.jpg,0,0,0,1
normal_84f920d410c87af4f56b_jpg.rf.ce8eac25fe318e1df480c5b5ec07a364.jpg,0,0,1,0
dry_57a59b96ec26c945e4b2_jpg.rf.727f3f52090fcb07a4f3c6eca364e831.jpg,0,1,0,0
dry_652a087f0622a899f4d1_jpg.rf.10d120eefe5046f970eda1c91685b796.jpg,0,1,0,0
normal_a73be48796366d54b87c_jpg.rf.38ca1a3e8cac20425250bd8212a11496.jpg,0,0,1,0
oily_ef6487453380e666eecf_jpg.rf.8480562896e94ac206f5f36424aabdc2.jpg,0,0,0,1
dry_64a91485d0edd46ff0b9_jpg.rf.26664e47cf4c1b45596bf7b6f163a63a.jpg,0,1,0,0
oily_new_6ebae9f09ccc69ed6f83_jpg.rf.28ae902a5c097ea23381730314deb115.jpg,0,0,0,1
normal_85d0e65990dbbe9183b2_jpg.rf.002f82aebfde48ee3a49675c04547ea8.jpg,0,0,1,0
oily_4f5c0cf14250da99f98a-Copy_jpg.rf.c4e6043e68b4d9920f55d7f7f4b13c18.jpg,0,0,0,1
dry_6b283a3dd51cbf05cb32_jpg.rf.496e528bfce4c41119448107e55a0b8e.jpg,0,1,0,0
normal_8357e8c0029e34aac5b5_jpg.rf.27d2ab57480e04be091ded00317abe28.jpg,0,0,1,0
oily_f0d8b23f4c7ab1d534c6_jpg.rf.2227177af15c3062886fd109a53c2dc8.jpg,0,0,0,1
normal_8d9da0a0dfff39f02580_jpg.rf.0d37d401c49413ebf8d69eb0cacfb21f.jpg,0,0,1,0
dry_5d9682c266cc9bfd60ad_jpg.rf.7fe7e79ea4c3f4add1b124649192d8ab.jpg,0,1,0,0
dry_new_c0b05972741b3c3a1971_jpg.rf.e686fe7775c4417297000cdc7b217602.jpg,0,1,0,0
normal_803acda430e167112bee_jpg.rf.d5106db5257e1a9f7d55a325cc1bdb19.jpg,0,0,1,0
dry_7554fdff421b3ef5515a_jpg.rf.0ce4d486e561d126a30f8b4ec2765f19.jpg,0,1,0,0
dry_98e5cc0b401cfc75b001_jpg.rf.9e52af5154c0c9c7972dd0e373721f20.jpg,0,1,0,0
dry_a2e58a191f5be94f4df5_jpg.rf.a538da9b7260bee9a8f80fcc2ce59986.jpg,0,1,0,0
dry_5b88fba1f5eaefd49ae7_jpg.rf.e1acac261c4fe57cf6d32de5a4e4ff5a.jpg,0,1,0,0
oily_5e3cf44ea1926672a761-Copy_jpg.rf.6f815a8dbbe4b46b949037387a5e935b.jpg,0,0,0,1
dry_57a59b96ec26c945e4b2_jpg.rf.461f9879d46704c9a66b8a60b40d4f6e.jpg,0,1,0,0
normal_new_09edc664ea0e703fa71c_jpg.rf.33f24b8f8ba2bd47ee37828701e44103.jpg,0,0,1,0
dry_5b7d30440eab2e9c4cb5_jpg.rf.59ad89f1a3ae7a17cd66d94941b6319d.jpg,0,1,0,0
oily_new_43204b0490e86e4588a3_jpg.rf.88f920d0f281e7b7bd811217417f4dd7.jpg,0,0,0,1
combination_-_9f31ef3435d3730232b3_jpg.rf.22081e67e784633e035732909993f582.jpg,1,0,0,0
normal_b1691d5846169c99e10b_jpg.rf.480c9bc4e7b16aa334f4ddc99798635e.jpg,0,0,1,0
dry_new_bd28277188827acab827_jpg.rf.183a51603ea021fdb8dbf602f589a16c.jpg,0,1,0,0
oily_new_6d9b301749cedc37dc7d_jpg.rf.dd884812a9ee6d53a3209681ee0996a8.jpg,0,0,0,1
dry_new_8c3af9d3a40730e6d85a_jpg.rf.41a6859fbe0c1ba8dc1158e622b730cc.jpg,0,1,0,0
normal_ad55f57598e6fdda2ad5_jpg.rf.f138794f50a8c5f46dfb3e0fb5a5b103.jpg,0,0,1,0
dry_b1096d607e7093383c9e_jpg.rf.41fbeeb15a6c1187893df6afcaff6cb4.jpg,0,1,0,0
dry_new_ba6a1a815919ad516ae1_jpg.rf.94e223522002c630eec517f46d258076.jpg,0,1,0,0
normal_7b4ef51d52fe7244b6ad_jpg.rf.baac4587e7bc7d135c8442bb8c7a2c64.jpg,0,0,1,0
dry_d848a0c23d45f5cba270_jpg.rf.de13482a66038f8093268f290185798f.jpg,0,1,0,0
oily_new_7703fbcb1a2da0c1a40b_jpg.rf.69df8686dda4dcd1db97c3824d25d541.jpg,0,0,0,1
normal_ad077d0c50e3159b7d4b_jpg.rf.8b91026590a8e21035183e0b173da6d5.jpg,0,0,1,0
dry_new_bd28277188827acab827_jpg.rf.c6c4c5dcc7f8a376119c56ce9eb081c9.jpg,0,1,0,0
combination_-_a0dbfdfbd029aa111976_jpg.rf.c8067de2b53462aaa8eedcbf8d6a57af.jpg,1,0,0,0
oily_e56486d9e964a13c9c6b_jpg.rf.7d1f9c26d68eb63196ab841fccdc1f15.jpg,0,0,0,1
normal_71175cf937b16fbb2e58_jpg.rf.231e409e37eb8b14b5e86dff3dfd61f7.jpg,0,0,1,0
normal_84f920d410c87af4f56b_jpg.rf.1e6ccf92d2c348a5bf2c42f6652881a1.jpg,0,0,1,0
dry_571a92ad19ef1a49a62b_jpg.rf.7c8f9036df4773ec0cd76a1005072a87.jpg,0,1,0,0
oily_6ae1bc85ab38675076a3-Copy_jpg.rf.4ddb2f5e4c33c3ed75d57c2b7a80fffe.jpg,0,0,0,1
normal_71eaeb8fda354ab5e269_jpg.rf.02b2a33c9a8e080f25cbba44fb2dae69.jpg,0,0,1,0
dry_new_c353dc469735d9579625_jpg.rf.ce944f66d67894174f2a6e7c7af0a896.jpg,0,1,0,0
dry_new_c624195b194109281377_jpg.rf.568ecbb4b0f6e5b441e61d8745360528.jpg,0,1,0,0
dry_new_ffff6baee79cf3868cc5_jpg.rf.5c5384c319eb51bf08c8c8e15bfdb097.jpg,0,1,0,0
normal_ad0fee60879766667642_jpg.rf.fc37716aee76b7dd0bcc7d0876e1b6f2.jpg,0,0,1,0
dry_new_95702f640cd4d9adce9c_jpg.rf.d580eda76cbc04f7df0e8d50e12e4f6f.jpg,0,1,0,0
dry_new_94b04c7a66c5ac63b2f2_jpg.rf.aff79bde39353c3da2eae0a68dedf3e1.jpg,0,1,0,0
normal_85d0e65990dbbe9183b2_jpg.rf.48b4b2ddce1bf2c322faf078188fd7a2.jpg,0,0,1,0
dry_d62c41fb3d5227063fe8_jpg.rf.7cc3f7f066d6a80bb37ddc5b024bfd0c.jpg,0,1,0,0
oily_f0d8b23f4c7ab1d534c6_jpg.rf.69a92856b04aecc11677624338cd4b54.jpg,0,0,0,1
dry_c114f2dbaa95c6210da3_jpg.rf.121df154e42f85998f1eb134809267fb.jpg,0,1,0,0
normal_7ad95964150236ee3078_jpg.rf.cc92cd0bfb500f3e3d45cdefdc5f4634.jpg,0,0,1,0
normal_ad0fee60879766667642_jpg.rf.61996e00aafe31e27340304b80267153.jpg,0,0,1,0
normal_adf06508b9980e2e0e2c_jpg.rf.4cd4e2103e009964b3e8917af4dacbef.jpg,0,0,1,0
normal_7ad95964150236ee3078_jpg.rf.ffdc4cb4e028f549b559db6e4ac2f96c.jpg,0,0,1,0
normal_71eaeb8fda354ab5e269_jpg.rf.f1bf3ca41b8f70eb822676b59b7487cd.jpg,0,0,1,0
dry_new_90309d4aba633aad06d3_jpg.rf.6482a0b247ef4af238ebdf63d74f3a2f.jpg,0,1,0,0
normal_8d9e660d1006814cb698_jpg.rf.f7fd155815c93946882e14a6bffe94ef.jpg,0,0,1,0
oily_65ff22cb0310bb6e7ec1-Copy_jpg.rf.d3a2b258e8b07f2090201f07249b3e68.jpg,0,0,0,1
dry_64a91485d0edd46ff0b9_jpg.rf.99d11a95acdba8430bd740633ce37f35.jpg,0,1,0,0
dry_5a510955ceb3efb852fa_jpg.rf.c21106f57cf819815158c5c468aa2d73.jpg,0,1,0,0
normal_new_0b242e3257fb43ff1fcd_jpg.rf.4020a190d699f2f7e184c606094e9333.jpg,0,0,1,0
combination_-_aaecf6fbe61e51dec18a_jpg.rf.f4684ceea775ebf59fef43ec5772a9b4.jpg,1,0,0,0
oily_d532db664a812db9a58b_jpg.rf.dc8c74da64379f9811cc39c0cc3ea8f0.jpg,0,0,0,1
oily_new_84c4bfe6fa01776a23c5_jpg.rf.21bace408877b888b42543b1b80a2db2.jpg,0,0,0,1
dry_74fa122d449eb37717e6_jpg.rf.fca10ccf527c5abe4bc32f9b39577116.jpg,0,1,0,0
oily_new_43decc12aa3786f36f80_jpg.rf.3d3f83807ae8e9986a71259ae0194dd7.jpg,0,0,0,1
normal_new_15e8c24694616a0df90d_jpg.rf.dcccb8c09b935f201ce46de9b31b59ed.jpg,0,0,1,0
normal_ae885e6881817fd1412a_jpg.rf.8e7eb3a95b0ab1dfb80b2bfe338889d8.jpg,0,0,1,0
dry_new_997695edcf94d6dc79c1_jpg.rf.90eae2af745ab678264fe81116e63ff4.jpg,0,1,0,0
oily_6b3efbf6c0f3dc5e4ba4-Copy_jpg.rf.108a7cfcd90abb74a17bd364471c0973.jpg,0,0,0,1
normal_new_03ab5d03dae46aadc76e_jpg.rf.c3bb3772979906c361e5606c1be84cbd.jpg,0,0,1,0
normal_b16acca7010adc865e8c_jpg.rf.6cb957425b0ae15a3899093cf4107da8.jpg,0,0,1,0
dry_new_977f5c8fc32d160819bf_jpg.rf.b94f4d684826eb9a6007ac4d8a7c6fd3.jpg,0,1,0,0
dry_571a92ad19ef1a49a62b_jpg.rf.c88081fd1a4806760a55c65b9491b636.jpg,0,1,0,0
dry_9bb5e1a30f000e3e2fe1_jpg.rf.a176400809f9cc314117fcfbe391c16b.jpg,0,1,0,0
normal_8da7f46dc8392108af23_jpg.rf.96ac75291038859e6aa4e16768418c56.jpg,0,0,1,0
combination_-_af4577890b971dfd0667_jpg.rf.d4289fd825f3d315171b5ee8bbf75545.jpg,1,0,0,0
normal_b2656203814001831afb_jpg.rf.073b520d599d10fc6c15ae2b0dfe4401.jpg,0,0,1,0
dry_new_8e7b907f48d28a0d69b7_jpg.rf.3949e3912d1a5494d084312c97a5b6a8.jpg,0,1,0,0
dry_new_90309d4aba633aad06d3_jpg.rf.97d4e9b82ad7355206a500bac66d803d.jpg,0,1,0,0
normal_77c44f7b4f0224c4b224_jpg.rf.fe50d5d9124b6ae1e35ebe3e10ddb332.jpg,0,0,1,0
dry_652a087f0622a899f4d1_jpg.rf.c68c859a3664b4be09cca5d2893fc3a1.jpg,0,1,0,0
dry_new_dd85db8083ed110d8810_jpg.rf.1208af888920cb632b16e11cb9013e59.jpg,0,1,0,0
dry_new_97a88ff4cd1d475e45a6_jpg.rf.233f13bdfbe6e370edf89cc45736ea2e.jpg,0,1,0,0
dry_915477a02d571626484f_jpg.rf.061661e43d963d19d3794fd1f808a002.jpg,0,1,0,0
oily_75dbaca15691aacc8a28-Copy_jpg.rf.16f64a21c99cdbd9962268c9a7f6ade7.jpg,0,0,0,1
oily_e7aad46180ac2279c72a_jpg.rf.6ac2a5e5d45b676a69d1e6986e6bff77.jpg,0,0,0,1
oily_5e3cf44ea1926672a761-Copy_jpg.rf.dad4f8a9e3ddec6abd60660abe52b7ae.jpg,0,0,0,1
dry_new_977f5c8fc32d160819bf_jpg.rf.a31d4bf5fc7b0a63850cae98fca36b66.jpg,0,1,0,0
dry_63d1f5496aa4fabd01bb_jpg.rf.001958f4316ac6ba68132382d1636e1a.jpg,0,1,0,0
normal_8d9e660d1006814cb698_jpg.rf.751ac33329d6736dcbd5e982929da779.jpg,0,0,1,0
dry_new_ba6c6ca52a23fd1548b0_jpg.rf.6664cedaea8b8e2dcbca535bacc402af.jpg,0,1,0,0
oily_new_6ebae9f09ccc69ed6f83_jpg.rf.ac810de70337d58cdda8a4751ef9ab2a.jpg,0,0,0,1
dry_630a827b4134d9527866_jpg.rf.bc54f73285eba98feb214937a71a9ac9.jpg,0,1,0,0
dry_new_c353dc469735d9579625_jpg.rf.e1433923d14ffd2580e78e0f0409a2d3.jpg,0,1,0,0
dry_new_95702f640cd4d9adce9c_jpg.rf.47ab05e08f7c7e5262d512b347dc0cde.jpg,0,1,0,0
dry_5b88fba1f5eaefd49ae7_jpg.rf.0dcb874a765834ead12b33dbca06e09b.jpg,0,1,0,0
normal_71175cf937b16fbb2e58_jpg.rf.d795439cf0f78a53ef610c0eb022cd61.jpg,0,0,1,0
normal_ad55f57598e6fdda2ad5_jpg.rf.2e24a18a8a52382e1df38f57cf529d18.jpg,0,0,1,0
normal_849a47bebcdf4ddcccda_jpg.rf.54c42db4579f386e7321bd3a59847966.jpg,0,0,1,0
dry_new_977f5c8fc32d160819bf_jpg.rf.47880bcd804fbab4ae95de1d5a95210b.jpg,0,1,0,0
normal_77c44f7b4f0224c4b224_jpg.rf.a27ee7f0ffba1af375b02647ebcf5c45.jpg,0,0,1,0
normal_ad427aa9cdbb4b59ae6d_jpg.rf.62c08bf5db76a117c73ee0b814310083.jpg,0,0,1,0
dry_c37ce3491d3481b982b7_jpg.rf.f3c790403d091a513378a457bb176513.jpg,0,1,0,0
dry_new_c2adc33cb34ea3ea4f6e_jpg.rf.04a9f452e00f4439efea33ab8ff3baf9.jpg,0,1,0,0
dry_c261ff1146e2dd5450b0_jpg.rf.82a0ce1b70e9116b665730db473cdf0b.jpg,0,1,0,0
oily_e56486d9e964a13c9c6b_jpg.rf.b71ce2365b20fc5e23ae26634b0170b9.jpg,0,0,0,1
dry_new_c2adc33cb34ea3ea4f6e_jpg.rf.a6ee528b257ce7bcd0b1c734fc31e705.jpg,0,1,0,0
oily_d5d3487ccc58c1563949_jpg.rf.d0067d0c5a637bf42e9027b57a8ea8d8.jpg,0,0,0,1
normal_b1691d5846169c99e10b_jpg.rf.85423c9c44d4314b0b0930c270360c19.jpg,0,0,1,0
dry_new_901e89621cb450703835_jpg.rf.f3095100f64ae5e35306b533bec8611c.jpg,0,1,0,0
normal_new_00b82292a83a6962cc68_jpg.rf.771d78a8a7403dec608e3f2adfb5e2c0.jpg,0,0,1,0
normal_a7994b5886ece0efc3df_jpg.rf.a95f35946ea5c0e7318883a1d5b0c859.jpg,0,0,1,0
normal_b2656203814001831afb_jpg.rf.b6e33a842455086c7ee41d722b478c78.jpg,0,0,1,0
normal_85d0e65990dbbe9183b2_jpg.rf.23ac0a100387f7a74ebb007a0cc5f103.jpg,0,0,1,0
oily_6b3efbf6c0f3dc5e4ba4-Copy_jpg.rf.a1c9c18b40e7c5555712946a66ed8a0f.jpg,0,0,0,1
normal_a73be48796366d54b87c_jpg.rf.e8bc6a0ca6a5cb543aecb93b5455e3e4.jpg,0,0,1,0
dry_new_ba6c6ca52a23fd1548b0_jpg.rf.182bfe136509c04a0d3d75cdbab0e15a.jpg,0,1,0,0
dry_8b121d27ba0acae996a6_jpg.rf.8f6f67fcd7104f79e5c4c6aae268accc.jpg,0,1,0,0
oily_4f5c0cf14250da99f98a-Copy_jpg.rf.80d9514b56333dc126dffecf21d69be5.jpg,0,0,0,1
dry_58256c3eebfd0fa2a20c_jpg.rf.1335fe584157944abcf5e12d68905ba1.jpg,0,1,0,0
dry_new_a3b83366c8acc5e31b8e_jpg.rf.60f74215576a585a8b33504b41301893.jpg,0,1,0,0
dry_new_c6fd489d95a258cdd2ad_jpg.rf.b461fb74c796cf28205add9789560bb0.jpg,0,1,0,0
normal_882f4f2fc87b22d79d30_jpg.rf.c2fc5cc220e45a510c63e6e4e63441c8.jpg,0,0,1,0
normal_7b4ef51d52fe7244b6ad_jpg.rf.b402c430220b93a5f98953493646649f.jpg,0,0,1,0
dry_d87b6823e6f6427ef4c6_jpg.rf.d19b5d2931a7705ea7db1c3861a20c85.jpg,0,1,0,0
normal_79efe949d5d4b1ca655a_jpg.rf.35cb282e97980d861dcc7259ee524382.jpg,0,0,1,0
oily_eabfc92658d5259900a1_jpg.rf.d2ebe8c50185da6ead86d214bd9f2fe5.jpg,0,0,0,1
dry_new_e018a6fbb8b9e9973bde_jpg.rf.40e1c78f12d89a5a9f85cac519d958ac.jpg,0,1,0,0
dry_8e7b907f48d28a0d69b7_jpg.rf.d5125210f166f4decfc0fc7af1fd9e40.jpg,0,1,0,0
dry_new_8ed6241d7371dc33c617_jpg.rf.aa357a4bbdf7bf57f83b73d1d3a5e5ba.jpg,0,1,0,0
dry_new_dd85db8083ed110d8810_jpg.rf.32af8aad2bc2ec344133c31058b139e2.jpg,0,1,0,0
oily_73891f263bf4457d46f9_jpg.rf.554d57afe99047970af5f820bd90e396.jpg,0,0,0,1
dry_9b3d4b6430b1373e3773_jpg.rf.00fd12680d7bc15c406b688dbca31f18.jpg,0,1,0,0
dry_new_c58deeaf114f03f36784_jpg.rf.814fcf9ced62a19eddb2c4029edd6549.jpg,0,1,0,0
normal_7ad95964150236ee3078_jpg.rf.898356ab2dce1b3161b8a6403cca61b4.jpg,0,0,1,0
combination_-_ab7993e2b9e588a5b18e_jpg.rf.d8db65d09eb2ce0e15cbcb473527a795.jpg,1,0,0,0
dry_new_9a33cdba07393ed0ec82_jpg.rf.936b11f3bf70ec8abfc552fb0ed2e2a4.jpg,0,1,0,0
normal_85d0e65990dbbe9183b2_jpg.rf.d315e9800eee0d427fa24ff5feda9e89.jpg,0,0,1,0
dry_new_fb6aceeb0cb56ddfbbd9_jpg.rf.23b43900a6a666bef63ce6ca55e51a92.jpg,0,1,0,0
normal_84ded48d7b3ac1310401_jpg.rf.e610cab7db810c0e6c2ecc7afd027090.jpg,0,0,1,0
dry_new_e261f6993571330e2afa_jpg.rf.b19bd4c5d724cc48aa029628fb5e506b.jpg,0,1,0,0
normal_a7994b5886ece0efc3df_jpg.rf.b173a96d2cd845c6be3dbc51c00edbe7.jpg,0,0,1,0
dry_8eb457ea20ed7f5fce75_jpg.rf.6fe592e2f34a1d19ac7b2abc10456720.jpg,0,1,0,0
normal_7b4ef51d52fe7244b6ad_jpg.rf.8cd9a1a02c5a483770597f6a06a9e802.jpg,0,0,1,0
dry_96ff193747223bf72c04_jpg.rf.5058e0d1c0943efce6bf42b4da621577.jpg,0,1,0,0
dry_new_bd92c29115746ecfd33d_jpg.rf.b6127cf64a85e83fc2b6e032af0c3333.jpg,0,1,0,0
oily_5e2b3407644f276c0e58-Copy_jpg.rf.932e03007eca7ab261cf480327ba15df.jpg,0,0,0,1
dry_96ff193747223bf72c04_jpg.rf.399dedc609a5dc617de78bfeeb2f3f87.jpg,0,1,0,0
normal_7d00a675b9fabb9780d8_jpg.rf.81f164b06e2b0c711d7de5741d8036f7.jpg,0,0,1,0
dry_c37ce3491d3481b982b7_jpg.rf.fba998ea30c90cd08f3e0f445ec075ba.jpg,0,1,0,0
normal_b16acca7010adc865e8c_jpg.rf.971e386cdeb9394bb3392af82089ccaf.jpg,0,0,1,0
dry_9cac26f03e339f9ff695_jpg.rf.8fcbae3cd43ecc359cbe582138fd10f5.jpg,0,1,0,0
dry_new_a39f6681bf3115c36e4c_jpg.rf.4d97b8b0644f819f5d6eb3262091936f.jpg,0,1,0,0
normal_a83f97468889e3295fcc_jpg.rf.58ea2c9015c53cc11576e8d379b6c6ea.jpg,0,0,1,0
normal_8d81639d87427198f014_jpg.rf.eed7d83214637e337ed2f28fb1579573.jpg,0,0,1,0
dry_d87b6823e6f6427ef4c6_jpg.rf.737cc26542900390f52a10a9b185c4cb.jpg,0,1,0,0
normal_55135ccf4415acdde54d_jpg.rf.45b72dca5108883d07563e12cba3f08e.jpg,0,0,1,0
oily_new_58c4ce4153683ee4c887_jpg.rf.02f9b1ca1af9caf42d6d68cf5c721ddb.jpg,0,0,0,1
normal_b1691d5846169c99e10b_jpg.rf.7ada6f342eae361319ded2652daafee0.jpg,0,0,1,0
dry_new_d62c41fb3d5227063fe8_jpg.rf.bdb162bcbff048d9e7f50ac84a2e97b7.jpg,0,1,0,0
oily_67ab876cff80cc60d92b-Copy_jpg.rf.ae548d409ccb15312a7d843c08a817b9.jpg,0,0,0,1
normal_67b2651c435aad478c22_jpg.rf.f385dfc693508d205daffdd4394699bb.jpg,0,0,1,0
dry_9b3d4b6430b1373e3773_jpg.rf.fb5235402fbd491bfae7fae46716bfe7.jpg,0,1,0,0
dry_new_9a2023882cce0906bf5d_jpg.rf.ff25e6b8fccac07aad60955177bebfd0.jpg,0,1,0,0
dry_new_e261f6993571330e2afa_jpg.rf.c566e9ca97375a1b489e5dfe08f544be.jpg,0,1,0,0
normal_b01b6865a4e79bde687e_jpg.rf.3e21c2c0a373a600df3b9146ad11bbd0.jpg,0,0,1,0
dry_c6a9db491703ff378226_jpg.rf.1ddae3f45ae2ecd4c16f0000c81e2494.jpg,0,1,0,0
dry_new_d64a064f1748b9a31d70_jpg.rf.2ee6c42f8198232a3870ed78a57187a2.jpg,0,1,0,0
normal_ab4546ce27ae50fc485b_jpg.rf.b3df183649082b576a49cdaeb96387e0.jpg,0,0,1,0
normal_7c9a8c2f5b22591a8e55_jpg.rf.69a62db0f026b829a4d31f35eaab27bb.jpg,0,0,1,0
dry_8fc14c8550030d56ee24_jpg.rf.e46d2d60157f3004bff55e3b25a23938.jpg,0,1,0,0
oily_729cc3830038c25e12b2-Copy_jpg.rf.3df72239dfe816e89a78b329f715e26d.jpg,0,0,0,1
normal_7c9a8c2f5b22591a8e55_jpg.rf.9d781e724155faca29456e4ece6c744d.jpg,0,0,1,0
oily_new_57e65be6a10d2eaa9d46_jpg.rf.37f8a2db6433adfd56468f1d594c1e6e.jpg,0,0,0,1
oily_6c43ed2461d82f37ec4f-Copy_jpg.rf.68183b469505490277e2f64e320a6a0c.jpg,0,0,0,1
oily_eabfc92658d5259900a1_jpg.rf.5df6c9f6687fce60698a7384d1fc9c92.jpg,0,0,0,1
dry_d33e1d6711cc3b329efd_jpg.rf.9677e6e883b3251e3b5ea61f1ba2f115.jpg,0,1,0,0
oily_5878c81fbaae3aefd9ed-Copy_jpg.rf.b1a76812b1465cfafdee8a4a9b267c27.jpg,0,0,0,1
dry_952bb2051f1d5878e06c_jpg.rf.88d743cb5e005fbd7c82e6c4334d111e.jpg,0,1,0,0
normal_a73be48796366d54b87c_jpg.rf.8bb1fa8f918dc34229028eaa88585418.jpg,0,0,1,0
normal_68bc520ac85f0b85d4f4_jpg.rf.dc8e8ed4898190bb87d169720cd3d844.jpg,0,0,1,0
dry_98e5cc0b401cfc75b001_jpg.rf.fdb46bd0fb93461dd8065c4a4d754b1e.jpg,0,1,0,0
dry_new_997695edcf94d6dc79c1_jpg.rf.db1cbbf1183bc2c87db305e998093098.jpg,0,1,0,0
normal_7be923370441d48ea98c_jpg.rf.8aeeff9c7d49a7d98d141abe437b0948.jpg,0,0,1,0
dry_c6a9db491703ff378226_jpg.rf.bee9d45eec1eb0081342144a8224ba96.jpg,0,1,0,0
combination_-_b276e16163439775113c_jpg.rf.5f03d8189e04bc279ebd0e83259d3028.jpg,1,0,0,0
combination_-_a27c8d836e2496d45266_jpg.rf.2faaa6c76c9056acc55b22c1fc4b2f65.jpg,1,0,0,0
normal_a90f7c8f8a766c90773a_jpg.rf.c93375e50016e05d69856c1788c1ed17.jpg,0,0,1,0
normal_8da7f46dc8392108af23_jpg.rf.b3b2f747a167ded6956acf01c0f5e700.jpg,0,0,1,0
dry_new_9ffce20e2eeccf964428_jpg.rf.0cd4421732c2c837a48b2eed3f80e985.jpg,0,1,0,0
normal_7ad95964150236ee3078_jpg.rf.088c4074756f2fee4e826273b4f5b163.jpg,0,0,1,0
dry_b44de84c272df4bfe339_jpg.rf.063fcced787676b42fa2f1eca1de932d.jpg,0,1,0,0
normal_ba98cc9f23859ec92691_jpg.rf.dce9600bb114a29a8b144a357dc05d40.jpg,0,0,1,0
oily_5e36fe85aba42c39c283-Copy_jpg.rf.02c913594e2ffb8eb7b137de8f4ab0ae.jpg,0,0,0,1
dry_d33e1d6711cc3b329efd_jpg.rf.80a086b01dbab9e4c3b2765a15329860.jpg,0,1,0,0
normal_b2ec517844da2fc59e53_jpg.rf.943bfe36081310f0449d0c59c1ab7284.jpg,0,0,1,0
oily_6f2c6de2fa9fd9517ba2-Copy_jpg.rf.0c4b33d32e6cde2641350bee71e73359.jpg,0,0,0,1
dry_new_97a88ff4cd1d475e45a6_jpg.rf.c19ca87f4e56f1fdaaf26e8a6eaf9545.jpg,0,1,0,0
normal_886c46d298ce441af09e_jpg.rf.c0c221bd6ac47231f6a14a2a2623c540.jpg,0,0,1,0
dry_635b369ea5503242d86f_jpg.rf.801ae7e3373bc1d2ccd5949e6abe9ae4.jpg,0,1,0,0
dry_new_97a88ff4cd1d475e45a6_jpg.rf.1a406860ae2a380fcd975049fd444c94.jpg,0,1,0,0
oily_6b3efbf6c0f3dc5e4ba4-Copy_jpg.rf.1ab218fb4afbc79a5e7bad8f22b7a1bc.jpg,0,0,0,1
dry_new_c6fd489d95a258cdd2ad_jpg.rf.94dda47ab0ca31789e4713c6898fed0c.jpg,0,1,0,0
dry_new_9a33cdba07393ed0ec82_jpg.rf.65cd6fa2820fbcc48fde36c05616b1e5.jpg,0,1,0,0
normal_7be923370441d48ea98c_jpg.rf.94d4bfe80add28bc4354dc3122ca5833.jpg,0,0,1,0
normal_ab4546ce27ae50fc485b_jpg.rf.4e3b94e658108162fccb841f1f56d3ee.jpg,0,0,1,0
oily_5e2b3407644f276c0e58-Copy_jpg.rf.804804ae0d8e5b26e92144c3676ccac5.jpg,0,0,0,1
combination_-_b276e16163439775113c_jpg.rf.2ea2298cf2b4caf53764f0e5820195a4.jpg,1,0,0,0
normal_b01b6865a4e79bde687e_jpg.rf.1323953bc4d646a96fd61094bb922f98.jpg,0,0,1,0
dry_96e0c90bfc8f0751b184_jpg.rf.480c674ba3105ef0c4a42d664b7b8fb2.jpg,0,1,0,0
oily_e7eed892edf9f0a5cb3b_jpg.rf.e849b872bb7bce4e71d1f24d5266b01d.jpg,0,0,0,1
normal_79efe949d5d4b1ca655a_jpg.rf.44f7e7cc940320fb747105497b642d30.jpg,0,0,1,0
dry_c33d151231167b894091_jpg.rf.a74aacd6365e30d20685d61c1357b198.jpg,0,1,0,0
normal_a9709635b46d57d2fe10_jpg.rf.bb1b354ffb404a8a6f25ba6ca5b2fe72.jpg,0,0,1,0
normal_8da7f46dc8392108af23_jpg.rf.765b7679e6148d285dfaf041b9d1a81c.jpg,0,0,1,0
normal_7be923370441d48ea98c_jpg.rf.b32e4769e8cd4c878e5c585fbad98173.jpg,0,0,1,0
dry_new_9ca06957def49c4b35de_jpg.rf.dbd3738a5537aeda57f340de74f0ec07.jpg,0,1,0,0
dry_new_de4cca1350bc11065678_jpg.rf.352443da99e602925727ade98b49b124.jpg,0,1,0,0
oily_6432db3dd454280616a9-Copy_jpg.rf.e77f5d4548f1586752c3ada2ada96dd1.jpg,0,0,0,1
normal_55638ebccb8d3fca5496_jpg.rf.9a81c153803f38aa4debb49eca6dfb41.jpg,0,0,1,0
normal_7b4ef51d52fe7244b6ad_jpg.rf.ecc9ba76e96a90d96015a763c16cd926.jpg,0,0,1,0
normal_ba98cc9f23859ec92691_jpg.rf.1a103e1555ddc1fd1124527414005525.jpg,0,0,1,0
dry_635b369ea5503242d86f_jpg.rf.18b9fc863e9a91a22b7b28e828a720a1.jpg,0,1,0,0
dry_new_a2dfe00eab1d4f6ca017_jpg.rf.0e27370bb6669204ab4dfb356071f825.jpg,0,1,0,0
normal_882f4f2fc87b22d79d30_jpg.rf.7a4c2187182bef5e7a0c0ee86194f6f7.jpg,0,0,1,0
normal_522586f253deef83c756_jpg.rf.e2564609d9467575063ecd0f3871960f.jpg,0,0,1,0
normal_ad0fee60879766667642_jpg.rf.1928a0fe9736bccc4b37aa18958f2b80.jpg,0,0,1,0
dry_new_dfddfd52d21e7d179463_jpg.rf.0efd7811927bd7066419a3f4e605aaa5.jpg,0,1,0,0
oily_new_82c54961893959e57548_jpg.rf.1a78ac6fcba700f855cdfeee6bb105e0.jpg,0,0,0,1
normal_ad077d0c50e3159b7d4b_jpg.rf.c7ba9eed305604d73f461abbb70aa3c9.jpg,0,0,1,0
oily_eb867888f59204b92678_jpg.rf.f0db0b5bdcee317d0ec44e584d584251.jpg,0,0,0,1
oily_5e3cf44ea1926672a761-Copy_jpg.rf.b67f25168f2098a3f249c54d7febdb3c.jpg,0,0,0,1
oily_eb867888f59204b92678_jpg.rf.556b9f20f140d56f02b65247697bd245.jpg,0,0,0,1
normal_7d2066296c3beea3579a_jpg.rf.647fca93de078381f00c8fae75c15d7e.jpg,0,0,1,0
oily_5ff36311a5a7333d846a-Copy_jpg.rf.0614226095953686ef1590aac9100da0.jpg,0,0,0,1
normal_afff083fc217bb0f28fa_jpg.rf.beae38485f6f5bd34036e5d14d06f45f.jpg,0,0,1,0
dry_new_9cb6f30350c067c257ea_jpg.rf.82724adcc74b2f92c31c101c9afe4e9a.jpg,0,1,0,0
normal_6b4bad064e81a24528dc_jpg.rf.68f70a29d6f02b3e58486eae67018b76.jpg,0,0,1,0
normal_892c83b2d20dba8ae334_jpg.rf.3084345c3f852cec1847419e0ed0d65f.jpg,0,0,1,0
dry_new_a8f2f9eb548cc9ac0200_jpg.rf.6589a98759b1fbccf8886bf9dcd46cf5.jpg,0,1,0,0
normal_new_c51dbe87a8c3af5e4526_jpg.rf.8f8168d71a9345c8021dfde468ed6273.jpg,0,0,1,0
dry_b4fa3907233fd813764a_jpg.rf.df2e14714adf081b977c173988b24505.jpg,0,1,0,0
oily_6cdf932b35dd368028f6-Copy_jpg.rf.b3ec47c080efd99aafc7bda028803339.jpg,0,0,0,1
dry_b44de84c272df4bfe339_jpg.rf.f8fbd59b8afa5ee498d0193e22a81fac.jpg,0,1,0,0
oily_68ea87c18d83a3bd5d32-Copy_jpg.rf.0eeb79a378be4eb2808a481bf126091b.jpg,0,0,0,1
normal_new_b27533830c21abdbff41_jpg.rf.63396d4c87669a91f4c7d468be66e0b7.jpg,0,0,1,0
normal_67fa8dcad0ec5b75ab13_jpg.rf.980355099640adf749fbf383d433df90.jpg,0,0,1,0
combination_-_a27c8d836e2496d45266_jpg.rf.7764ab9f967190f31871ae3107003989.jpg,1,0,0,0
oily_new_82c54961893959e57548_jpg.rf.0fb17dad8d4d5fd5581247c9606caa88.jpg,0,0,0,1
normal_b01b6865a4e79bde687e_jpg.rf.a1fb9262d5fd50f297fd177d248c0477.jpg,0,0,1,0
normal_892c83b2d20dba8ae334_jpg.rf.1c179625be0d59e69df286feb3769783.jpg,0,0,1,0
normal_afff083fc217bb0f28fa_jpg.rf.7b342da4f3834417d3e305ed7b85719a.jpg,0,0,1,0
normal_55638ebccb8d3fca5496_jpg.rf.e86f299cf417920107ea27a5c015d3ab.jpg,0,0,1,0
normal_67fa8dcad0ec5b75ab13_jpg.rf.14878e1af47a6e20bf7fa0f81a2a963a.jpg,0,0,1,0
normal_6b4bad064e81a24528dc_jpg.rf.984b548ab23a092aedca858eea8924f7.jpg,0,0,1,0
normal_ab7e4435e3a3b360ec15_jpg.rf.5993d7ec41e216199b30210e178fb994.jpg,0,0,1,0
normal_new_698bef366e8597fe6e42_jpg.rf.5e152b6e025ab51817a67263e0098efe.jpg,0,0,1,0
normal_b3672c4822cc2da5bbdb_jpg.rf.5c1e8113a04247fb06d74b8bb4d698f1.jpg,0,0,1,0
dry_b6e19643f8ac3df37c18_jpg.rf.fb813a0ef905fadcee25493878eedddf.jpg,0,1,0,0
dry_new_e2d0954f25645e1c5689_jpg.rf.fedc01b386786c6be0e0f5f4db18433a.jpg,0,1,0,0
dry_new_c353dc469735d9579625_jpg.rf.d97d9006edc123381cde28103cbedf4b.jpg,0,1,0,0
oily_new_81cb0a23f949ad024813_jpg.rf.783e13caf70042c74f46abe41143c9e6.jpg,0,0,0,1
oily_e7aad46180ac2279c72a_jpg.rf.eedf0195232372b236ee5c83cd196c2e.jpg,0,0,0,1
dry_f2cb6c02e424c6b7efc2_jpg.rf.e5c8548f5df52ef17650b9136e173d2a.jpg,0,1,0,0
oily_new_79bf793886fa8e334919_jpg.rf.9429500feb11bcadd7db5f7036621e01.jpg,0,0,0,1
normal_ba98cc9f23859ec92691_jpg.rf.c91c17e6287dd12fab6876a60de90dc1.jpg,0,0,1,0
oily_69338caee2f7be1a3609_jpg.rf.7910e2b8856fe3a0fa3c0d75c2a38fa6.jpg,0,0,0,1
normal_67b2651c435aad478c22_jpg.rf.8693c07c6d48e3149b259db8149e4cc6.jpg,0,0,1,0
dry_f2bf28f76da4c8c548f5_jpg.rf.8baac742ae3614f2d05c944c2d88ac75.jpg,0,1,0,0
dry_b6b618bf512f37685b21_jpg.rf.e0bb37773bbf92fd81185b4a4ea7d1f8.jpg,0,1,0,0
normal_new_3d68f369008962fa105c_jpg.rf.e98b86ba4a0c2dbc721a576c01f5f4d5.jpg,0,0,1,0
dry_dc565843549511c8e1d5_jpg.rf.dd940bbebd39215b92c80e6219933953.jpg,0,1,0,0
dry_new_de4cca1350bc11065678_jpg.rf.c9db2a9bb78f18e00456fdafeb55367c.jpg,0,1,0,0
normal_b5c20aec6bced8d3a60a_jpg.rf.db2c5016e6acf1df91cb185eb18769c5.jpg,0,0,1,0
normal_new_95c8e86462a83f0ce060_jpg.rf.1177f307f13a33cf13341795f04745d2.jpg,0,0,1,0
oily_new_7bcff169532e478701ab_jpg.rf.d61c9e1319ab0657d3746f328f9a40a3.jpg,0,0,0,1
oily_new_c34c80b7486834a3e2f1_jpg.rf.bdbe56363c5e3b2f207a4bff47fb45bf.jpg,0,0,0,1
dry_new_9cb6f30350c067c257ea_jpg.rf.9c573c4a8de0ff989b631b5983a65980.jpg,0,1,0,0
dry_new_9ffce20e2eeccf964428_jpg.rf.19d479805641402543d3ba978c9e814d.jpg,0,1,0,0
oily_69338caee2f7be1a3609_jpg.rf.0e22377e23394874fa57f169a1b1923d.jpg,0,0,0,1
oily_e7eed892edf9f0a5cb3b_jpg.rf.c8d07c19d6c3162a87c29b1377cab402.jpg,0,0,0,1
normal_8da7f46dc8392108af23_jpg.rf.a706bc5dd121975ca2ebef8a305989df.jpg,0,0,1,0
oily_new_4252a3be69a3a79e6189_jpg.rf.c508d8c785bdd9d0f0f95800d370f752.jpg,0,0,0,1
combination_-_a033618b02b4b48d1103_jpg.rf.52a4fdf60813a0af4cabb16000b8bab8.jpg,1,0,0,0
normal_new_963a59842435d2721c43_jpg.rf.eb916b938851e07b44efdab8d6d75d26.jpg,0,0,1,0
oily_f17d9911c1afbfd805fe_jpg.rf.6cb3269d79c275dc2390b2ab7d34c53a.jpg,0,0,0,1
oily_6a0a6d412eb4026de450-Copy_jpg.rf.39d7e5e93b69604a6c4935111b3bb2c2.jpg,0,0,0,1
dry_b6b618bf512f37685b21_jpg.rf.762cebeb68fab9439c18f2c13f75b72e.jpg,0,1,0,0
normal_7ad95964150236ee3078_jpg.rf.663795cc74996fa08ec010aec8a50eb5.jpg,0,0,1,0
normal_e98be4fc2b8ef9238738_jpg.rf.9047d973a04169821bf253dce95e5698.jpg,0,0,1,0
oily_6b864a7c04e5b03dcd2e-Copy_jpg.rf.c8f0ca9efd449eb8b06495ff0aabe3d1.jpg,0,0,0,1
normal_886c46d298ce441af09e_jpg.rf.70ebace9a03947c3e11a89519d59538e.jpg,0,0,1,0
dry_dc565843549511c8e1d5_jpg.rf.1c9350cd73fedcfad9c76dd85414bc54.jpg,0,1,0,0
dry_new_9c4a50c2fe6817dbf41f_jpg.rf.d84f8a7cde6af61ec98fb69097c72aeb.jpg,0,1,0,0
normal_aa7af3e4faf3701e02a3_jpg.rf.673ac9abbf49784c5ec79cc7cd32e7bc.jpg,0,0,1,0
dry_96ff193747223bf72c04_jpg.rf.ff4f64ca729a20e3dc143560c68c4272.jpg,0,1,0,0
normal_f579fae01fbd60200d26_jpg.rf.6b581b3e1204bc06b5b466a6fdb12bdd.jpg,0,0,1,0
normal_ad077d0c50e3159b7d4b_jpg.rf.41eb8af16324764b197f4177954c36b8.jpg,0,0,1,0
normal_8d21ff6154d429ef506d_jpg.rf.151c475b41e7a796bb4f5a9a0c34d645.jpg,0,0,1,0
dry_9bb5e1a30f000e3e2fe1_jpg.rf.3a5ee11ba7238a74e16446f1c82abf1b.jpg,0,1,0,0
normal_7c9a8c2f5b22591a8e55_jpg.rf.d9eaaf158225a4c1843bb73493cb0ab4.jpg,0,0,1,0
oily_65ecc2581228c12f8db6-Copy_jpg.rf.4b25219b0b0a9edf0d7cb91740a248b4.jpg,0,0,0,1
oily_new_2e0e0f3bda16dc9f2867_jpg.rf.6a5ce8bebb633fead0826ef9b0a7ded8.jpg,0,0,0,1
dry_b8b03e486b0bd1c73343_jpg.rf.82c4bf350713a7e50d879015e3d24404.jpg,0,1,0,0
normal_95ba227eacf03db6214d_jpg.rf.ba3eae482732bb4008137a2713b348ea.jpg,0,0,1,0
normal_95ba227eacf03db6214d_jpg.rf.f3e95624fc9df592f2d300da2c15fdc1.jpg,0,0,1,0
dry_e612e14ede77ea08e356_jpg.rf.3aae9f8bf14ab9bdaa5fac38800a37d1.jpg,0,1,0,0
normal_954174c65df7f95ff55d_jpg.rf.1f9c7dff1318db3f1fbefa412e104592.jpg,0,0,1,0
oily_new_3f8d88561a42503b4f45_jpg.rf.494679ec3723c3e3815f45f97ecdbbd3.jpg,0,0,0,1
dry_new_a9725749b10ea06bac99_jpg.rf.1f8e30ffb3194548d31acadaf5e2c9f0.jpg,0,1,0,0
oily_698c800767fe8306e48a-Copy_jpg.rf.255c24bb0ea9063e2c55a120025d327e.jpg,0,0,0,1
dry_new_a06889ec7248d1a7db0e_jpg.rf.e92793d9bb657b6afa1f0864ccab810b.jpg,0,1,0,0
normal_new_b27533830c21abdbff41_jpg.rf.4f6a68567e703a77d7b0ef30859edad6.jpg,0,0,1,0
dry_d87b6823e6f6427ef4c6_jpg.rf.77c7f71066bb43a8eb6f2d58c4541103.jpg,0,1,0,0
normal_68bc520ac85f0b85d4f4_jpg.rf.4492571fbff4bf3f6970f70ec89d5906.jpg,0,0,1,0
normal_a9709635b46d57d2fe10_jpg.rf.9ccebba576e218a8761321d44185c8f7.jpg,0,0,1,0
dry_new_a21418631e9ea9903e3b_jpg.rf.9acf9e297b4ed11c98b4be8ee12ee7d6.jpg,0,1,0,0
normal_a90f7c8f8a766c90773a_jpg.rf.a46dcc51130ad5c9678e6550ed35aecd.jpg,0,0,1,0
normal_b8bc35e9d4e697af02d2_jpg.rf.7f37ef0b8618acc6f4ffba199f618b2c.jpg,0,0,1,0
dry_cafd1685d1752d62aa8e_jpg.rf.66a1733c5bf6e336f47d0cee78a13d4e.jpg,0,1,0,0
dry_new_9a6ac583e058cc9a650b_jpg.rf.6b1e4ac6cb81122bd595dc581da1b64f.jpg,0,1,0,0
dry_new_dd85db8083ed110d8810_jpg.rf.5371270f98ac76f8d0bab313e2c88fab.jpg,0,1,0,0
normal_b3672c4822cc2da5bbdb_jpg.rf.fcaee134525032fa507b670d64b3c5da.jpg,0,0,1,0
oily_7803e20751c3a1302e55-Copy_jpg.rf.71828d9e058aca7a2d69230708119d1c.jpg,0,0,0,1
normal_a9709635b46d57d2fe10_jpg.rf.1273a8cc03751f38199d29cba97431f6.jpg,0,0,1,0
normal_7c9a8c2f5b22591a8e55_jpg.rf.5c9a6883572e682635cc78826b84ab6d.jpg,0,0,1,0
normal_ad427aa9cdbb4b59ae6d_jpg.rf.8cea737dc14d93fe908a6dbd357d1e25.jpg,0,0,1,0
dry_f2bf28f76da4c8c548f5_jpg.rf.69f1bf3cabf55692cebb9b0d09a463c6.jpg,0,1,0,0
normal_new_9bb5e1a30f000e3e2fe1_jpg.rf.bc3b2b4b1f43a101d6b9879f85de5179.jpg,0,0,1,0
combination_-_b36a7b4c24f364d5c1f1_jpg.rf.2c3387b603732026ed5ba6daff05d26d.jpg,1,0,0,0
normal_aace1cb97aa4d544f375_jpg.rf.09ef990c0cfc2f10d1dd3a058cd64f8c.jpg,0,0,1,0
normal_new_95c8e86462a83f0ce060_jpg.rf.48dd0b48c1af329f657fb6dbd3c01836.jpg,0,0,1,0
oily_6ae1bc85ab38675076a3-Copy_jpg.rf.9ce10aea5387314e0d6ea027e3d03ab5.jpg,0,0,0,1
normal_a90f7c8f8a766c90773a_jpg.rf.5a7ddd7ffafa619caad6b43aa3a35205.jpg,0,0,1,0
dry_new_dfddfd52d21e7d179463_jpg.rf.0d917f7d18db1c411c149255a997afb2.jpg,0,1,0,0
normal_new_ca7c8566021189fcfe42_jpg.rf.e066eda6622fc43b0b13a66010823a71.jpg,0,0,1,0
oily_7a071fda3e1e2d3ec0c7-Copy_jpg.rf.a0d0312416187effb03441b780be3185.jpg,0,0,0,1
normal_b61ba7bff791d6885c9c_jpg.rf.c755e3f11c4519016b213cad003af331.jpg,0,0,1,0
normal_892c83b2d20dba8ae334_jpg.rf.95723de28d5b9971c9306de38c379652.jpg,0,0,1,0
normal_new_48ee56b9ca3fc8c5bbea_jpg.rf.7e7c9cf8d0767c38b255d0e41b579b85.jpg,0,0,1,0
dry_a13dc35f842f15d92080_jpg.rf.c1b17fddbcbb71d804da954f89b4b8a5.jpg,0,1,0,0
dry_new_ab4e379f85333414d8df_jpg.rf.ac75ab15ec18a07a8ad79efbd80f61b2.jpg,0,1,0,0
oily_6a0a6d412eb4026de450-Copy_jpg.rf.6cf3931bd4dcfa209c0879b2e6ee374d.jpg,0,0,0,1
normal_6bc6b15647a02e966eae_jpg.rf.1ac182a74590654d0cea7cd25b83510b.jpg,0,0,1,0
dry_f2bf28f76da4c8c548f5_jpg.rf.5718d4d9267519f469924ab60026bba1.jpg,0,1,0,0
normal_new_84ded48d7b3ac1310401_jpg.rf.2424c673bc1b93bdf8662de4cd1ffd77.jpg,0,0,1,0
dry_f307dc1043669bfdd7f0_jpg.rf.516c8bd3d5690c9f0d4a075c54cc0348.jpg,0,1,0,0
combination_-_b2f2db6f9b5cc32f330c_jpg.rf.98fb35a520a98cf9c5fd13653aa873e7.jpg,1,0,0,0
combination_-_b276e16163439775113c_jpg.rf.285530c2e00017e6d4b3ca464a952aa0.jpg,1,0,0,0
normal_b5c20aec6bced8d3a60a_jpg.rf.4461033210ad16b1ae3f1a01249685bb.jpg,0,0,1,0
oily_new_7e6d37b4f86781253029_jpg.rf.e013eed84db28d082109106f9e6dbc47.jpg,0,0,0,1
dry_8e7b907f48d28a0d69b7_jpg.rf.e6f8425bb18dfa107247252b96ea844d.jpg,0,1,0,0
normal_8d9da0a0dfff39f02580_jpg.rf.52b62a6e5cb3d83f448832c4cfc51268.jpg,0,0,1,0
dry_new_9ffce20e2eeccf964428_jpg.rf.a310b50dcf2cd4fb95cf8b7a944d9708.jpg,0,1,0,0
normal_95ba227eacf03db6214d_jpg.rf.f4f75450b9bd75bea333c5709292f91e.jpg,0,0,1,0
normal_new_2d4a5456d415ab9789d0_jpg.rf.d0153018927805df15b48fef971eb85c.jpg,0,0,1,0
normal_8d9da0a0dfff39f02580_jpg.rf.891c00db60e380da969cf18b5672b7d5.jpg,0,0,1,0
dry_f2cb6c02e424c6b7efc2_jpg.rf.95ec95dafb7d8946c1d79e074fd1fd6e.jpg,0,1,0,0
normal_68bc520ac85f0b85d4f4_jpg.rf.fbd101e5afe1e24822c1cc178ecbffd5.jpg,0,0,1,0
normal_954174c65df7f95ff55d_jpg.rf.e56dae86c45e3dde0e0b328f42cffee1.jpg,0,0,1,0
normal_6bc6b15647a02e966eae_jpg.rf.0d76119a490eb0737b1be929eb39f75e.jpg,0,0,1,0
dry_db2a9e7bb1d91bf1068d_jpg.rf.706a9172c54cbf125e1acef5f44a828b.jpg,0,1,0,0
normal_882f4f2fc87b22d79d30_jpg.rf.14f78b9e7644d4e823c5bd23d17805a2.jpg,0,0,1,0
normal_new_2d4a5456d415ab9789d0_jpg.rf.9b768c48e1d16853c482d76dbe1d2b82.jpg,0,0,1,0
oily_69338caee2f7be1a3609_jpg.rf.a40be34469091f8ca2dc089f075cc038.jpg,0,0,0,1
combination_-_b62b01201f455345a13b_jpg.rf.a3e7b92b25c2079e2d61b8ed7e52fb09.jpg,1,0,0,0
normal_new_8478024216c33a339bd6_jpg.rf.7e596306399c4292ae3ea34e29af980d.jpg,0,0,1,0
oily_new_7bcff169532e478701ab_jpg.rf.f46456b0493ced3829658ddc6fa7a1e1.jpg,0,0,0,1
oily_68ea87c18d83a3bd5d32-Copy_jpg.rf.99dc6e19acd66df4d6483619ff35fa12.jpg,0,0,0,1
oily_new_7c95388c948c4b064afd_jpg.rf.cd537fea659f4a1fd077bfc8f7b8ee72.jpg,0,0,0,1
normal_55135ccf4415acdde54d_jpg.rf.b89217ee631fcd3a3dc4f3dee5eedb2f.jpg,0,0,1,0
dry_b3a1f61e5e88812b6ad3_jpg.rf.1c683337fa0c881c68a2d699b4b874e4.jpg,0,1,0,0
normal_new_ac6f118df96f17f0fc66_jpg.rf.7460f545f5d76575c55b1968035fa67f.jpg,0,0,1,0
oily_new_76dd4a5e994d065d6f99_jpg.rf.b1e0fdb9419c85c822751b7f8ce161dc.jpg,0,0,0,1
normal_new_8d9da0a0dfff39f02580_jpg.rf.c413f92e8c1ea9d9f6db9bf3bd206db7.jpg,0,0,1,0
dry_dc565843549511c8e1d5_jpg.rf.b9be92288d2c0118dceada1adfd7ff86.jpg,0,1,0,0
normal_886c46d298ce441af09e_jpg.rf.afc31a1c539abf04107d91bacdae88c0.jpg,0,0,1,0
dry_new_9e97452cc3d4db50ea55_jpg.rf.8fb7ff2b162ac3ca0a924008108ff5cf.jpg,0,1,0,0
dry_new_a4dd2bb8a7aad298f0bb_jpg.rf.cbfd057d42b6b2ec6d1a99631f002666.jpg,0,1,0,0
normal_new_8d9da0a0dfff39f02580_jpg.rf.06be52dc25c45b8134bdac3a7586d8f2.jpg,0,0,1,0
dry_new_ab1ee7b01fe586df978f_jpg.rf.4321844fd7c5bd0b1502d57dd99fc1e1.jpg,0,1,0,0
normal_new_cf7f4eac7dc3e2d9c6a0_jpg.rf.947d1cd597e1d2505d480f5186eb44ca.jpg,0,0,1,0
normal_new_42e72d829dc3b816e9e8_jpg.rf.9825ba5eb112643a677ba21b09d8b057.jpg,0,0,1,0
normal_new_49a2a8236f0eac86258c_jpg.rf.b92ccb9773ccca90b06852da5cdd6334.jpg,0,0,1,0
normal_new_84ded48d7b3ac1310401_jpg.rf.a69d9d67dba143ae07d67ff9847e10ff.jpg,0,0,1,0
dry_cafd1685d1752d62aa8e_jpg.rf.0dbe5fcf6577afee7908a4e85db6ae25.jpg,0,1,0,0
dry_new_ab344859de9735b2e682_jpg.rf.c330786d71d1bcf09c3ee1b96dc837fe.jpg,0,1,0,0
normal_aace1cb97aa4d544f375_jpg.rf.de639509f2b5932a3bd486c88bdccf00.jpg,0,0,1,0
normal_new_e74791cc19763b134b0c_jpg.rf.79b8c2b92c94051cff6c84549e5b353b.jpg,0,0,1,0
dry_new_ab344859de9735b2e682_jpg.rf.65f425fbaccef967f30a696cdcb03eb0.jpg,0,1,0,0
combination_-_b62b01201f455345a13b_jpg.rf.431d088b9333d678bd4b5b514b338713.jpg,1,0,0,0
normal_new_abf0b6a6efd97939c1d5_jpg.rf.b3aaa25160d8d1592d3e90317dd0eaa9.jpg,0,0,1,0
dry_a2e58a191f5be94f4df5_jpg.rf.6d0105c2eb05e9de3517676015bcd069.jpg,0,1,0,0
normal_53517885bf05b02bebf1_jpg.rf.c2839b6919a58e22e4ce4661795e3bf7.jpg,0,0,1,0
dry_new_a6462ad0ce7d718e5166_jpg.rf.84635894f232f621971159a4076d429c.jpg,0,1,0,0
oily_new_7d5923adca6171c6666e_jpg.rf.3740fb135168f231f8f2556de5c73ee3.jpg,0,0,0,1
dry_new_a96de20935328ec6a30f_jpg.rf.f8b11db4a3c50a2715e84068b5fd873b.jpg,0,1,0,0
dry_ddfbeb65a6508870eea4_jpg.rf.282002ad769c6a9c96d75760c3907dd8.jpg,0,1,0,0
normal_new_cc393a7b9b0ec89e6c49_jpg.rf.38c94a28488a4bfe9bbba9ff6916c1e3.jpg,0,0,1,0
normal_954a02e199ebdd644089_jpg.rf.40a54fa61391c72df941a83c347e6df8.jpg,0,0,1,0
combination_-_b285c31a9ddd8c2b59ea_jpg.rf.b148b1355135149d8dd652920eb9fef2.jpg,1,0,0,0
normal_53fbe217eef0c414ee73_jpg.rf.569f0400923bdab23c9086caecb7bd66.jpg,0,0,1,0
normal_8f324d51a90841a5cdc1_jpg.rf.5bfca7b4cbbc7918f925bea348a80a22.jpg,0,0,1,0
oily_7803e20751c3a1302e55_jpg.rf.9699573a4d572f3edd4ff74852598b58.jpg,0,0,0,1
combination_-_b656747ea62323cb4a5c_jpg.rf.05de8c4c4e05e778bbba82d7f7bebbb9.jpg,1,0,0,0
normal_new_306541aae70264bb1ad6_jpg.rf.734221c45fac6fd3ecd833d42d97b52b.jpg,0,0,1,0
normal_new_8478024216c33a339bd6_jpg.rf.01a7139c41de78f1f9595c0ff3aec61d.jpg,0,0,1,0
dry_new_c6fd489d95a258cdd2ad_jpg.rf.5b19ddfde327defc2a670767844a2c52.jpg,0,1,0,0
normal_new_3bda8303158246844aeb_jpg.rf.704130ddfe3f3e7c8c33e639292333d1.jpg,0,0,1,0
normal_b8bc35e9d4e697af02d2_jpg.rf.bfed5d530577791cd7746a1ce4cd4868.jpg,0,0,1,0
dry_new_9cb6f30350c067c257ea_jpg.rf.b1b1dc5364e48d6a4dec766631320af9.jpg,0,1,0,0
dry_8eb457ea20ed7f5fce75_jpg.rf.442747eca186f03ae36455216497a677.jpg,0,1,0,0
normal_b3672c4822cc2da5bbdb_jpg.rf.80d5a91579cdf86b91e60cb14752bba0.jpg,0,0,1,0
dry_new_a6462ad0ce7d718e5166_jpg.rf.170d05f6cef30a063acb943e0c283975.jpg,0,1,0,0
normal_new_2170a5672383690f2578_jpg.rf.62b9cbc17408a803157020ad7b118e8e.jpg,0,0,1,0
dry_new_9a2023882cce0906bf5d_jpg.rf.733d215b2af724f6a472cb0bc4821ee5.jpg,0,1,0,0
normal_new_2fdd4cf43a7f9487233d_jpg.rf.52df9654a3aa7770f4351541241625f8.jpg,0,0,1,0
normal_b7f9de39ab3390bf0e8b_jpg.rf.f91bdc17bdffe1e86ebb0fce115107af.jpg,0,0,1,0
dry_bcfdff9759ebf4ed7e28_jpg.rf.c74bf4ebb2382d28e3a4e80d42c62ba0.jpg,0,1,0,0
combination_-_bb15b1877b910f6f4d83_jpg.rf.a176c5bd1d79902f6d1667082be2b33b.jpg,1,0,0,0
normal_53fbe217eef0c414ee73_jpg.rf.acb7c87ae210311e8defed8dc3b4612c.jpg,0,0,1,0
normal_892c83b2d20dba8ae334_jpg.rf.e7948e81f18dcd7897ed05ea0fbdf8dc.jpg,0,0,1,0
normal_new_bb59313c2462d593a144_jpg.rf.01cc59c8b39eba41ca24840a1dcdc3f8.jpg,0,0,1,0
oily_new_e99e96ebde2b5f5fe28a_jpg.rf.86dc2cb8052acf27bb2089cc263e8f31.jpg,0,0,0,1
normal_53517885bf05b02bebf1_jpg.rf.f7040277419d3843b9b903956b53a2fa.jpg,0,0,1,0
dry_new_ab10fafde83e8d39bae7_jpg.rf.8ad0c1c5eadd5aa4ec240c8232bb3e35.jpg,0,1,0,0
normal_e9f97257c4a8f6423bda_jpg.rf.ee1d166038764cb99f32c2e76770c759.jpg,0,0,1,0
normal_new_306541aae70264bb1ad6_jpg.rf.e586636cce057096f1c7d3ff02adce97.jpg,0,0,1,0
dry_b44de84c272df4bfe339_jpg.rf.c51427c0c8c34c7a1b958ac1980a21e4.jpg,0,1,0,0
normal_new_56ef66bbff36af15a5d4_jpg.rf.92da23c45cba61ed51fffd1bde6e6412.jpg,0,0,1,0
normal_new_abf0b6a6efd97939c1d5_jpg.rf.e36ce7e7d4056055256cf9a68c57c1c6.jpg,0,0,1,0
dry_ba43086ceb69089f048e_jpg.rf.f601f7e56c92a766dcf7402b32ceb079.jpg,0,1,0,0
oily_new_8297f6c1a9e7fbf63a45_jpg.rf.b21dd3b2a93387e19306cd032a81b10c.jpg,0,0,0,1
dry_f46826664f76d8527bc3_jpg.rf.719245d5247b86a79f735fc6d99bf2f0.jpg,0,1,0,0
dry_new_ab4e379f85333414d8df_jpg.rf.88b04d511eacaa524ad35a0cbcbae64b.jpg,0,1,0,0
dry_d9cac0f138c33b674999_jpg.rf.cf718944b4cd2ada3520c798e5f56cfa.jpg,0,1,0,0
normal_95fa667b7e6220459477_jpg.rf.0f12a0af7b39a1eef761cb41af1ae4b0.jpg,0,0,1,0
oily_new_ea398c3552b553bb74a6_jpg.rf.a93ba70343d496f5a66f233eb3033360.jpg,0,0,0,1
dry_cb335527faf6af7f4cbd_jpg.rf.71734e85a577a3f25151d553d725aa75.jpg,0,1,0,0
oily_new_ea398c3552b553bb74a6_jpg.rf.c83a7a2ce6049edfd5c8fc0e32f50e18.jpg,0,0,0,1
dry_a13dc35f842f15d92080_jpg.rf.8c0e810cedded3659a624be727da4ac1.jpg,0,1,0,0
normal_new_ad427aa9cdbb4b59ae6d_jpg.rf.4476aa96341acc20c623f3d1a6997d32.jpg,0,0,1,0
oily_new_7d7b028df4474800c45d_jpg.rf.00f188cfd0762fce26ae66e65968929d.jpg,0,0,0,1
oily_698c800767fe8306e48a-Copy_jpg.rf.8d08bd78f8762f0eecab1ed2037d1779.jpg,0,0,0,1
dry_new_9c4a50c2fe6817dbf41f_jpg.rf.c513db3c0042c24f430f999081a4413d.jpg,0,1,0,0
dry_b8b03e486b0bd1c73343_jpg.rf.a117fe0b9c9afde95af8f68af0619b3a.jpg,0,1,0,0
normal_new_b57b01ce7fe9f818e83e_jpg.rf.633f156c5e1c5522852aa84d06905e2f.jpg,0,0,1,0
normal_new_341819a0fec707a129c6_jpg.rf.b9a994eca1912ef354040645a5451fac.jpg,0,0,1,0
dry_b3a1f61e5e88812b6ad3_jpg.rf.daff061cbba274d85ddd7b32c287970e.jpg,0,1,0,0
normal_new_7efe35816a745ca9ba92_jpg.rf.37d49cfb13ba469062eb07ee9ba02be3.jpg,0,0,1,0
dry_db2a9e7bb1d91bf1068d_jpg.rf.8411514125a9650da4a19e816e111cf8.jpg,0,1,0,0
normal_new_5836c5f7280536559c98_jpg.rf.fda02615afc1a8c28de0af906e39766a.jpg,0,0,1,0
dry_db2a9e7bb1d91bf1068d_jpg.rf.4bf37115365def0abcbeb76fcecafabf.jpg,0,1,0,0
oily_7a071fda3e1e2d3ec0c7-Copy_jpg.rf.81786374f3ec74e20800943aa8345655.jpg,0,0,0,1
dry_bcfdff9759ebf4ed7e28_jpg.rf.f5665b11cd5768c84837088becac98b0.jpg,0,1,0,0
normal_new_d66e8d27da4c5ee7a6b6_jpg.rf.3f3e101078acbe3ece4bc388d7846d2b.jpg,0,0,1,0
oily_new_ea398c3552b553bb74a6_jpg.rf.2839d4606da96c1ffdb42d01004919a2.jpg,0,0,0,1
dry_ba43086ceb69089f048e_jpg.rf.5509be59ecf17ef10e7eadb7a880212e.jpg,0,1,0,0
normal_new_af7b40ad6b532e1c68b4_jpg.rf.270ee564bf0ae2379a92e0a006a81002.jpg,0,0,1,0
normal_b61ba7bff791d6885c9c_jpg.rf.895bb0ed56eec419c6a0ff19ee018c56.jpg,0,0,1,0
combination_-_baaa72830e8d4567e93c_jpg.rf.6dfdb3e1f375a638b8f973adf1fd7879.jpg,1,0,0,0
normal_eeff1913647d58f1d97b_jpg.rf.b7cbc327fa277d4d7bfc004b3a5515c5.jpg,0,0,1,0
oily_new_e99e96ebde2b5f5fe28a_jpg.rf.36c6ea02a0724a8c5f6f6747751d4e80.jpg,0,0,0,1
dry_new_9e0f71553d3198948f46_jpg.rf.5967d2716ba9735e8b9cb0c4c683c8da.jpg,0,1,0,0
normal_new_cdf8e40a836296068818_jpg.rf.def028e952b35c6925c53a9f83c84ebd.jpg,0,0,1,0
normal_new_1fcdfe80735412dc2d4e_jpg.rf.7a0d52e0546f1399690d2cad6da8d596.jpg,0,0,1,0
normal_new_d17fb45d9dcd4edd56e2_jpg.rf.9ab1bd168ad9b7b2589f57a02f38bb66.jpg,0,0,1,0
normal_new_15e8c24694616a0df90d_jpg.rf.edd0b6cc9f6d359698529aef94748e69.jpg,0,0,1,0
dry_d9cac0f138c33b674999_jpg.rf.6be51ddcc8de9b66c821fbe28d57db92.jpg,0,1,0,0
normal_8f324d51a90841a5cdc1_jpg.rf.dcf4a7d3a4781870cf7407e925b64595.jpg,0,0,1,0
normal_new_cac712e6d4ca47ad2efb_jpg.rf.3db10d3dffeef1e0a8854370bf526113.jpg,0,0,1,0
combination_-_b285c31a9ddd8c2b59ea_jpg.rf.93f480f5da47e0118a71d19a3543fe02.jpg,1,0,0,0
normal_53fbe217eef0c414ee73_jpg.rf.82539ae346b1e1599df3dd5237005446.jpg,0,0,1,0
dry_new_a3eba39547b23ce70b01_jpg.rf.530b09a6ecf1b276c21624ba12332262.jpg,0,1,0,0
oily_new_832651b5bfab63c9aaa3_jpg.rf.08076df326cb0357246ecb5b22c7441d.jpg,0,0,0,1
combination_-_b3d9ce6071b561cd046d_jpg.rf.a189888d9761798e6f52f671cd4dc047.jpg,1,0,0,0
normal_5600a3424c920ac68708_jpg.rf.f6ef07237246099a24d41ab20c846986.jpg,0,0,1,0
oily_new_57e65be6a10d2eaa9d46_jpg.rf.8ba57b871712b30cf3896a099941e26e.jpg,0,0,0,1
normal_new_67b0d604478f0b3f78a7_jpg.rf.f8fe093cd99f09cabd89814f1bc87605.jpg,0,0,1,0
normal_new_d66e8d27da4c5ee7a6b6_jpg.rf.be2c5308c45cd00a417bbc91dbf6fb95.jpg,0,0,1,0
normal_55c9d11b3d38c037f970_jpg.rf.b6890d1e09ff7ea4e32d5f7d34fa1e16.jpg,0,0,1,0
normal_new_570542542f7929bc9edb_jpg.rf.e5dd19bd0f664b50c1ee5e86f2709a0b.jpg,0,0,1,0
normal_9145551726d6b7563ffd_jpg.rf.d3cdebd05c149858b89b673caba96c31.jpg,0,0,1,0
normal_8da7f46dc8392108af23_jpg.rf.a059c727f748528f166409e8caf50135.jpg,0,0,1,0
oily_new_7d5923adca6171c6666e_jpg.rf.ecd24820d1e9372304e6450920db8dc2.jpg,0,0,0,1
normal_new_243f686ba7d67197676d_jpg.rf.c1dc2c3718e86ba35770cf3a67920fac.jpg,0,0,1,0
normal_5f2fd3ae2522148d8668_jpg.rf.4f7729f305bba49382c41d2d5cc8bf1a.jpg,0,0,1,0
combination_-_bfaa37b6140fe0cab292_jpg.rf.b0f03ec478a4f78e2223cc52b470067c.jpg,1,0,0,0
oily_new_832651b5bfab63c9aaa3_jpg.rf.8f0ca5c1a6a3564643bbfc30314e7554.jpg,0,0,0,1
dry_b6e19643f8ac3df37c18_jpg.rf.9fb80d3a5044533c6eb833dca0872250.jpg,0,1,0,0
dry_f546fdf27bf752288cf1_jpg.rf.5ec4c796ae56d2c33376250d9c984381.jpg,0,1,0,0
normal_5f2fd3ae2522148d8668_jpg.rf.fdeafe7f22434b30e1b0124d2e690b37.jpg,0,0,1,0
combination_-_b30cd5c8c83696e38a81_jpg.rf.c018a91c4b09655ae0b4b3e01c6179d0.jpg,1,0,0,0
normal_new_2da71f5cb50cd4e23113_jpg.rf.1445a90e8c72ba025b5cb02ee464e6fb.jpg,0,0,1,0
dry_be047d0e7d2513f90355_jpg.rf.ce1f80fd6a675e14bdd3217714735125.jpg,0,1,0,0
oily_new_8297f6c1a9e7fbf63a45_jpg.rf.b890312986b3b5c9b2f503fccfeb16d2.jpg,0,0,0,1
normal_new_b91481307123d932adc0_jpg.rf.3ec2e0993ff943f58496be17d8b143a3.jpg,0,0,1,0
combination_-_b656747ea62323cb4a5c_jpg.rf.9437ed34f7647ea3fc8539f2482fc5d7.jpg,1,0,0,0
normal_55638ebccb8d3fca5496_jpg.rf.c261517de59d92bcc10784b5ee66227f.jpg,0,0,1,0
oily_new_e99e96ebde2b5f5fe28a_jpg.rf.e35a58614ec558a856c21e71c05ec6a1.jpg,0,0,0,1
normal_new_30f95568c01a8da34be0_jpg.rf.e4fb30a5d0ec3ded06b36adc9cebf714.jpg,0,0,1,0
oily_new_74fa122d449eb37717e6_jpg.rf.dd273938a913e0229a7ee20e051e99ef.jpg,0,0,0,1
normal_95fa667b7e6220459477_jpg.rf.ef79cbdfb741bdc5fe317e5163d928df.jpg,0,0,1,0
dry_f546fdf27bf752288cf1_jpg.rf.6dff4d8f41dd17ddaa84376e05d904bd.jpg,0,1,0,0
normal_b8bc35e9d4e697af02d2_jpg.rf.80ec541f3565bc59b7aaaea41ef42f0d.jpg,0,0,1,0
combination_-_bfaa37b6140fe0cab292_jpg.rf.b4ae515f2ff25e1c7a6e0d27a72bceca.jpg,1,0,0,0
normal_8d81639d87427198f014_jpg.rf.39a185016049a434e86dabbd2ca9f612.jpg,0,0,1,0
oily_new_7bcff169532e478701ab_jpg.rf.d6719d73f78a37af6e7aadb2192b59b6.jpg,0,0,0,1
oily_new_81d147b5bafba9238b9c_jpg.rf.50195eb65fb9f3d29d916028af95f3b7.jpg,0,0,0,1
normal_8d81639d87427198f014_jpg.rf.de0b039046b6ea72f18d390ac9ab2d5d.jpg,0,0,1,0
normal_522586f253deef83c756_jpg.rf.08293a9408abb34a0e0ab0ddfc34b81e.jpg,0,0,1,0
combination_-_bf8fa317b3d1a5e7276c_jpg.rf.225a6a32e254d8f48b6d1dd1addffa31.jpg,1,0,0,0
normal_new_b733c0c90a2241db3717_jpg.rf.5ab870d0ed0f71ed53b3eaac623735bd.jpg,0,0,1,0
dry_dd7bc50071d6ed63f839_jpg.rf.dde3816fa5ab857ed109491fcff9faa4.jpg,0,1,0,0
combination_-_c9c12807543587015e42_jpg.rf.6f50ec7afb9a9abad166fa26333e0adb.jpg,1,0,0,0
normal_new_b88136772aabfa1f6830_jpg.rf.1a433be19822f9bf8d218e3e200ead9f.jpg,0,0,1,0
combination_-_b95e08ce7eb385ee6d58_jpg.rf.6d5142224a63dc2f8abde3b7d2a913af.jpg,1,0,0,0
normal_new_2170a5672383690f2578_jpg.rf.7ee3500375fb90c4d40f3bcfd9d8b2c6.jpg,0,0,1,0
normal_new_bfdced003d5590c9facc_jpg.rf.b93413f9250fbed84bb8062e8693bbbb.jpg,0,0,1,0
dry_cbc7d9562dea01afe481_jpg.rf.2d82c26a7d9e21580090ee4e12ccec65.jpg,0,1,0,0
combination_-_b30cd5c8c83696e38a81_jpg.rf.dd4ae5188917d2ef09d35271946efc15.jpg,1,0,0,0
dry_ddfbeb65a6508870eea4_jpg.rf.67b43f07b0929011d8ba0429662c196b.jpg,0,1,0,0
normal_9928d7c6d35783e5e302_jpg.rf.d2eb1d5c82a938940891f8a9bd49e4ec.jpg,0,0,1,0
normal_5600a3424c920ac68708_jpg.rf.2ab832df7ca4e2c0c04e021469db8576.jpg,0,0,1,0
combination_-_b882b72f6457bc8d535d_jpg.rf.5a00cbaf7191fc717c42110f56c96cab.jpg,1,0,0,0
dry_ded9f7a6131df5bdc061_jpg.rf.4731e52d5b5db983a8ab50fe08e5fdd2.jpg,0,1,0,0
normal_9a861cf4d4aefd172e30_jpg.rf.cd43589730c9404d52c71ea252ab3440.jpg,0,0,1,0
dry_ddfbeb65a6508870eea4_jpg.rf.cf7f62b65e25ba909cd2af0353d4d7e7.jpg,0,1,0,0
combination_-_b6cd4665543868b960ac_jpg.rf.ea9c877255476f4555a4e0128cd86bb2.jpg,1,0,0,0
dry_new_9faba13d8d12ce194db0_jpg.rf.fe1e666c34e7b90be2e4f23d7855cb42.jpg,0,1,0,0
normal_new_af7b40ad6b532e1c68b4_jpg.rf.a865f8ee31129edc2e41ebde93c9ff3b.jpg,0,0,1,0
oily_new_70bc38ea60f4084671af_jpg.rf.26b0d70f4bc5ef2e0ae3d2036369ed41.jpg,0,0,0,1
normal_new_9084d2d5523ef5b0028c_jpg.rf.87fb0f9b680030f5de78965a93d94749.jpg,0,0,1,0
normal_new_2170a5672383690f2578_jpg.rf.82428610c5e1c503ee7795ef10178700.jpg,0,0,1,0
dry_f307dc1043669bfdd7f0_jpg.rf.a1b1018dfb2d094b26c42964573e242c.jpg,0,1,0,0
normal_new_19bb347cf7f47cec6194_jpg.rf.5003243122e5b1740ab13bb4685c7c3f.jpg,0,0,1,0
normal_new_b8ac382f1c047b429913_jpg.rf.8c9e1b8c767ff35ad8840e984a6f151c.jpg,0,0,1,0
dry_bd0a8eaa7f83661e3e9f_jpg.rf.012fb4b336a5f4b022453c5ec842045b.jpg,0,1,0,0
normal_new_8e82dbeeaed914b1f171_jpg.rf.13f8f371f8ead0433de303a48f586180.jpg,0,0,1,0
normal_5f39dd663660da58c666_jpg.rf.3343dadd5720c211dc5c61f89dec50ab.jpg,0,0,1,0
normal_9fbc4734bf5228cab775_jpg.rf.41cb32bc598fc2f6ab284dca78bd2878.jpg,0,0,1,0
normal_5b626497d5584e6934f7_jpg.rf.c679fb024c92d69efa293d7b4d55ec16.jpg,0,0,1,0
dry_f546fdf27bf752288cf1_jpg.rf.f0f211de48f6a153c4445d3123b80fe2.jpg,0,1,0,0
oily_new_7e6d37b4f86781253029_jpg.rf.df05aa8896d59fb6ad16f9a26caf75c9.jpg,0,0,0,1
normal_new_5836c5f7280536559c98_jpg.rf.1fda909d1e1b541dce085b4787a3e1d6.jpg,0,0,1,0
oily_new_0041d366545d5c51f6c5_jpg.rf.51a7242f78508a907b8367a3d87b79d7.jpg,0,0,0,1
oily_new_f9bed02e990e61345b69_jpg.rf.8aab2e384a4b006fb8a5b2ba19b266a5.jpg,0,0,0,1
normal_55c9d11b3d38c037f970_jpg.rf.a9ce8f1252553825aa257b03f0f64d93.jpg,0,0,1,0
normal_new_95d97ffda2695a66531b_jpg.rf.ad355c1e43ab57650b07eb43d90907bb.jpg,0,0,1,0
dry_new_ab10fafde83e8d39bae7_jpg.rf.a8344653b8aefbc88319ab096e549d04.jpg,0,1,0,0
normal_5efeb50a08ae5e7d889e_jpg.rf.0cf7d937392fbe0086a973c6e6149dc9.jpg,0,0,1,0
combination_-_ca1c35c05200c9b947fa_jpg.rf.a2b1a180dbbff25a3db7dec1bd36bc42.jpg,1,0,0,0
normal_55cf645eafe794c903e9_jpg.rf.9854dd45a2804345737af647c65973b4.jpg,0,0,1,0
normal_new_67d55bf13c24b1c824c1_jpg.rf.7d214c54e39ba68d23f7395cf7daaee0.jpg,0,0,1,0
normal_new_bb59313c2462d593a144_jpg.rf.ee88328a8eaf05288f965a17cc045807.jpg,0,0,1,0
dry_new_9a6ac583e058cc9a650b_jpg.rf.9bd4a94f57784a8cc00917a4aae7aed7.jpg,0,1,0,0
dry_be047d0e7d2513f90355_jpg.rf.89401532d9620610a5b4771a214b0671.jpg,0,1,0,0
dry_cb335527faf6af7f4cbd_jpg.rf.a7236df8c7a1fd224c5fe25de65227e3.jpg,0,1,0,0
oily_6b864a7c04e5b03dcd2e-Copy_jpg.rf.d14992045bc90b43fce8342b222661a0.jpg,0,0,0,1
combination_-_c9c12807543587015e42_jpg.rf.3765929b0550751283f52a11588d8d63.jpg,1,0,0,0
dry_f46826664f76d8527bc3_jpg.rf.af6d067688edba447c0fb0d47c1354fa.jpg,0,1,0,0
normal_95fa667b7e6220459477_jpg.rf.f5f18dee1a7e6c9b9d06f5276881ad0a.jpg,0,0,1,0
normal_f3bf352c3bdce05b8027_jpg.rf.e179196c05612b9d44683d0ede081a88.jpg,0,0,1,0
combination_-_ba5fe7b96d3fa4eea8d8_jpg.rf.f04e5ee69f374aae00408cbf1e0085ad.jpg,1,0,0,0
normal_new_aa7af3e4faf3701e02a3_jpg.rf.6c58c3b93bb7a31e4cc9479e32029963.jpg,0,0,1,0
dry_be047d0e7d2513f90355_jpg.rf.7d2abd2e5e7d7821247f19a2527af973.jpg,0,1,0,0
combination_-_b882b72f6457bc8d535d_jpg.rf.caba1d0c09c25c7c8425e1e534b6ff82.jpg,1,0,0,0
dry_beb86b734ab3d46d02b1_jpg.rf.c7d138cfad93bb9f526d76c905635dcd.jpg,0,1,0,0
normal_9145551726d6b7563ffd_jpg.rf.4fea737b3503e4dc886eec8d3639c78f.jpg,0,0,1,0
normal_new_b8ac382f1c047b429913_jpg.rf.67214f040df42d689b82019c45c99b49.jpg,0,0,1,0
normal_new_d1b1d2044875c96f7b36_jpg.rf.bf0c6a1e13a2367c8b6dcefdf1e715c5.jpg,0,0,1,0
combination_-_b882b72f6457bc8d535d_jpg.rf.b30d181714a7f7787d29655e79524bbd.jpg,1,0,0,0
combination_-_bf8fa317b3d1a5e7276c_jpg.rf.37b142ba5fa8319fd83422e964702c3f.jpg,1,0,0,0
normal_new_c1dcca1240492125eb8d_jpg.rf.588da53f45f5712d4d79a2fb842725fc.jpg,0,0,1,0
dry_new_a7c22ce65ace1dee4005_jpg.rf.6f4b130422c03f5e93c123dc0fac4510.jpg,0,1,0,0
combination_-_bfaa37b6140fe0cab292_jpg.rf.db7221758fbfdd901ea9f07caee7e144.jpg,1,0,0,0
normal_new_bf989b5c1a900aa86a08_jpg.rf.dc7d71b481f42c22c727c3ef5ab48146.jpg,0,0,1,0
dry_f7199e2399c68af82d8d_jpg.rf.0a3b54e24693998125c0304257f965ec.jpg,0,1,0,0
oily_new_ecf8fa33573ad8e4fb4e_jpg.rf.a695343bbf19d2e01bd278df334dc03a.jpg,0,0,0,1
normal_5f39dd663660da58c666_jpg.rf.6739e8d52270a207a34bea3456f332d4.jpg,0,0,1,0
normal_new_d3bd678b09ac2b3edcd5_jpg.rf.b43f248902c29604ac2fa41d8a5fee12.jpg,0,0,1,0
normal_new_e477625b85bf149e3501_jpg.rf.baecee873a1b1b4cab527561e9b5d518.jpg,0,0,1,0
oily_new_f9bbc29f1446f959a9cb_jpg.rf.0ff19ac66a8ed01e73777de7b57aa0b7.jpg,0,0,0,1
dry_cd200fe37c1429385e7a_jpg.rf.da2cc535d4cfcd8965fd5734673074ca.jpg,0,1,0,0
oily_new_eb1c52825faf0d50e542_jpg.rf.b1623b3ec0763105bf67bdc3f956b0f3.jpg,0,0,0,1
combination_-_c12d7d2e5324eef8aaf7_jpg.rf.59384df3522b9c6085ae9d7cbf528836.jpg,1,0,0,0
oily_new_70d233a563f125151bf9_jpg.rf.0274ce16fb891b2d2dfa6c1d402f5b5b.jpg,0,0,0,1
combination_-_ca1c35c05200c9b947fa_jpg.rf.52c0c182b19165f6497c4bff55b67b94.jpg,1,0,0,0
normal_new_c41cc43f208a8149835c_jpg.rf.a889d6a5dee7d820710ca00bf056a658.jpg,0,0,1,0
normal_5b626497d5584e6934f7_jpg.rf.4c8ceb199e62325acff5cbb30b2ad021.jpg,0,0,1,0
dry_cd8ca8319e415c223e12_jpg.rf.3a0b64491dd9ec41b1650380d63e42b8.jpg,0,1,0,0
oily_new_7344464309a0ca245489_jpg.rf.8997de8ef89bd9f2ddc49dee60b947f5.jpg,0,0,0,1
dry_bd0a8eaa7f83661e3e9f_jpg.rf.5dd26adf629743382ff2727a97d30b41.jpg,0,1,0,0
dry_bcfdff9759ebf4ed7e28_jpg.rf.e8676694c5a698d3d9de13374dbe9365.jpg,0,1,0,0
dry_dfb11d8fb03df2b4fdc9_jpg.rf.2d3cd015e402c0d48e011dcaf75dd181.jpg,0,1,0,0
dry_cbc7d9562dea01afe481_jpg.rf.7420dcda0b251004395759996726e7a2.jpg,0,1,0,0
combination_-_bfa85711554ff3b00ab5_jpg.rf.51a55b97f396ee5ddcee61af7788f115.jpg,1,0,0,0
normal_new_c1dcca1240492125eb8d_jpg.rf.e2d6ae249552a333c230e37a7c27b28e.jpg,0,0,1,0
normal_new_c41cc43f208a8149835c_jpg.rf.e157a2b0724b975c5e53ced103191684.jpg,0,0,1,0
dry_cde20d23c54b25f3075c_jpg.rf.2fb882a1e5c49ce17145b30cec8e356d.jpg,0,1,0,0
combination_-_b95e08ce7eb385ee6d58_jpg.rf.3775b61bb56b9bb5e6668061b53ae11a.jpg,1,0,0,0
normal_new_c1598b48bb4245bd225f_jpg.rf.fea3baa2b8d3ed92f7d227f3b02e8710.jpg,0,0,1,0
normal_new_188015cbbffbb7280c7a_jpg.rf.f5d041b5fde8cbe56ecdf7ca210192ca.jpg,0,0,1,0
dry_beb86b734ab3d46d02b1_jpg.rf.aa49019caa2afa91bf969bb5649b9153.jpg,0,1,0,0
normal_new_8e82dbeeaed914b1f171_jpg.rf.13324a04878ea0fba0fc763a8283a503.jpg,0,0,1,0
normal_new_e65a33700f413579e08d_jpg.rf.098c3b2a59d6c331a8f3ff480c9f394b.jpg,0,0,1,0
combination_-_d0ebf6bdb1a623b6c202_jpg.rf.16bb57176959002039c4eb73d3694984.jpg,1,0,0,0
combination_-_bcba7d9a67334bc8774f_jpg.rf.a0dad5fd9ce0ac10940bb51dcb4eadda.jpg,1,0,0,0
normal_new_b57b01ce7fe9f818e83e_jpg.rf.7686899075aa38144c004f9365668431.jpg,0,0,1,0
normal_9ddd6bce4db02b4eba4f_jpg.rf.21d08a2b0e9aa8fe360f5459802eaae7.jpg,0,0,1,0
normal_new_c51426328cd5f22ee7c4_jpg.rf.47ce47b0582e6c1703d7f368fe095fc8.jpg,0,0,1,0
dry_cbc7d9562dea01afe481_jpg.rf.05eb7c2b375c2708f7b0421565a9a240.jpg,0,1,0,0
normal_new_e6e1c71cec4ae757e055_jpg.rf.12cf76eeea8964ed3b81c5d7862d9b36.jpg,0,0,1,0
normal_new_d4d6b41d8fcd1e4978bf_jpg.rf.9f910b0e9605081cd3fb396ad33d6907.jpg,0,0,1,0
dry_fd0b5b3025430f0248f4_jpg.rf.0355beb60d296eefb5e4e8c7bb3b248f.jpg,0,1,0,0
dry_beb86b734ab3d46d02b1_jpg.rf.0c9b82f8bde377e801733831b4c5e838.jpg,0,1,0,0
normal_new_d52e2a918a52dfae1fd1_jpg.rf.a45ddb374696b019f92c72fbdd7174b8.jpg,0,0,1,0
dry_fd0b5b3025430f0248f4_jpg.rf.6c14f71232b42b0cd69ee72b23af1360.jpg,0,1,0,0
dry_cd200fe37c1429385e7a_jpg.rf.d51efda476f3d850db70eeee44c408d4.jpg,0,1,0,0
normal_new_cdf8e40a836296068818_jpg.rf.5597b4876b3a3e5b5fd76d1117ddb4b7.jpg,0,0,1,0
dry_df6b42013b85662caba1_jpg.rf.4588092a3482e196ba3b3a51183d6188.jpg,0,1,0,0
dry_bd0a8eaa7f83661e3e9f_jpg.rf.5f62c0cc8c1b4e847c8598b757a9a824.jpg,0,1,0,0
combination_-_c58c87902057693f84df_jpg.rf.1a6866988532c5aec8489af7c4d7b1c0.jpg,1,0,0,0
normal_new_bf47ee7d69b55b3668ce_jpg.rf.1914581e8a284279dccff8b104b081b4.jpg,0,0,1,0
combination_-_c97a767c1486e1aa5193_jpg.rf.c8444cf60e5e5cbc8e89ebaf5152c5d1.jpg,1,0,0,0
oily_new_e4513423c4f69c380303_jpg.rf.08a60672c851aa9063721db90f1bf3a6.jpg,0,0,0,1
dry_bedf9f06af9d70c08a99_jpg.rf.6af2d15d306d73af0c63827dd10ebe4a.jpg,0,1,0,0
dry_fb69d95f59d28a89f730_jpg.rf.e87e3ab1c13b5bc7a92f437b65808b6d.jpg,0,1,0,0
normal_new_c1598b48bb4245bd225f_jpg.rf.948bcc67dcec9d7d0a7593f421a68ff9.jpg,0,0,1,0
dry_f7199e2399c68af82d8d_jpg.rf.6e97904ca0d69b73a8420ea1ba6ed9c6.jpg,0,1,0,0
combination_-_bfa85711554ff3b00ab5_jpg.rf.e05146e26b49778b1a658b196cde4abb.jpg,1,0,0,0
combination_-_cf3c4170fc568dad597f_jpg.rf.91220f30273eecaf8757aa8c6d83e7ec.jpg,1,0,0,0
oily_new_f179b27f809a85c33e5d_jpg.rf.1258290683fd3c66b96125dceec5c3b3.jpg,0,0,0,1
normal_new_e12ebb796c236c40e733_jpg.rf.9b06c5b0972aac051fbe4a2d48872437.jpg,0,0,1,0
normal_new_bf989b5c1a900aa86a08_jpg.rf.c24ec23905bf7763e823f51f72e9669c.jpg,0,0,1,0
normal_new_c23f122e8d5582bb894b_jpg.rf.e1342570ab67389d56b9d793ce9e9b8d.jpg,0,0,1,0
combination_-_d5ee942e355745297b8b_jpg.rf.abfd16296faf849513d6406e124e3755.jpg,1,0,0,0
combination_-_cd5043ad22117413ed9d_jpg.rf.ae68b281dca4765bf6b0d76127f6a520.jpg,1,0,0,0
normal_new_d4d6b41d8fcd1e4978bf_jpg.rf.a942628cee2be202edd032b7b9359d82.jpg,0,0,1,0
combination_-_c12d7d2e5324eef8aaf7_jpg.rf.1d26e8993a121d2769b05bc023a79a3b.jpg,1,0,0,0
dry_df6b42013b85662caba1_jpg.rf.4e9119f32702fe7114580b68e99cbc1a.jpg,0,1,0,0
oily_new_e61a314216ec6b3c1079_jpg.rf.628ae926d4ec688ef225bde52ce84288.jpg,0,0,0,1
oily_new_f9e608d2842472b6fdf7_jpg.rf.70aa59ac4e092d406dc52aae98eb264b.jpg,0,0,0,1
dry_ce3e0d6ce48ddd2088e0_jpg.rf.51db7be5e2e96e39b85c3445ab0a34d6.jpg,0,1,0,0
normal_new_d3bd678b09ac2b3edcd5_jpg.rf.44cf172cca0a9a998b355015409a6103.jpg,0,0,1,0
combination_-_ba5fe7b96d3fa4eea8d8_jpg.rf.c92690cd5fa529a362d2b971c636f88b.jpg,1,0,0,0
dry_bf39f291f6c3c010f2d5_jpg.rf.82aa918fb7cd1c077d9192a8a5c569d9.jpg,0,1,0,0
dry_cde20d23c54b25f3075c_jpg.rf.50bfb0daad08dca79474b5d02fec2664.jpg,0,1,0,0
normal_new_ecec3a51f6bcf2ab9a91_jpg.rf.29eb6a8a6c3b18ec430dfb7cd1dd6ecb.jpg,0,0,1,0
dry_fb69d95f59d28a89f730_jpg.rf.ab53fcb6b35c0dd4105ccba6ea9cf61a.jpg,0,1,0,0
dry_e12ebb796c236c40e733_jpg.rf.5536232250dfeb4464e437cc67128ac0.jpg,0,1,0,0
dry_ded9f7a6131df5bdc061_jpg.rf.7f2ed34f2b88fb719d127b41fb96b0dd.jpg,0,1,0,0
normal_new_c1dcca1240492125eb8d_jpg.rf.706f93665526779262072127e8de2c54.jpg,0,0,1,0
combination_-_c8928fededb5f0e73754_jpg.rf.e56478eb2228eac69a83ffbc2e05787d.jpg,1,0,0,0
normal_new_c3f54618e66dd8430bf6_jpg.rf.122daa210c906633706fc98d5ad8dd63.jpg,0,0,1,0
dry_cd8ca8319e415c223e12_jpg.rf.306f151f1a674a1dfafdee10cba7fdac.jpg,0,1,0,0
combination_-_d4d3369474d0907f660d_jpg.rf.474e517d22e30e3e4d772ee6007d5c0f.jpg,1,0,0,0
oily_new_fa57e8721aa1dc2ce636_jpg.rf.4fe979580538195cd6b142af58ba3cba.jpg,0,0,0,1
normal_new_b88136772aabfa1f6830_jpg.rf.0972e8d7f9ab56c6f3567028d4b3d46a.jpg,0,0,1,0
dry_c07cf129df8737a400b9_jpg.rf.24044abcfb35cf6ca3ac056d0ce7fb3a.jpg,0,1,0,0
normal_new_d6385abb3bc70c45e10c_jpg.rf.33d11f638d9698c0c79a1d8de63defab.jpg,0,0,1,0
normal_new_e74791cc19763b134b0c_jpg.rf.7fbeecddf9ab0f15ff6604f7e419af88.jpg,0,0,1,0
dry_bf39f291f6c3c010f2d5_jpg.rf.e7da15bb052af736a662456896f5bfe3.jpg,0,1,0,0
normal_new_bbecd0f1d83809331f62_jpg.rf.5f66a618ed5ccd238890a908f3395f64.jpg,0,0,1,0
combination_-_bf8fa317b3d1a5e7276c_jpg.rf.894e190b38a3f674837f86605564e545.jpg,1,0,0,0
oily_new_efdc1e774ce8d2d2ea25_jpg.rf.f231c0e837e8cf3fe91062d4723b9798.jpg,0,0,0,1
dry_dfb11d8fb03df2b4fdc9_jpg.rf.792031abb3a29dbe6cc4c6b3cf9c0e38.jpg,0,1,0,0
normal_new_e12ebb796c236c40e733_jpg.rf.760ababc23a4b5197695a42e7b00e5c1.jpg,0,0,1,0
dry_dfb8d2eb7fd00732cc8f_jpg.rf.c23a5898d5ac75236c7ef6fd95815565.jpg,0,1,0,0
combination_-_d2caf0a6aa8119ef83ea_jpg.rf.44b4810e4283ec87fd56a678d94b9d1a.jpg,1,0,0,0
combination_-_baaa72830e8d4567e93c_jpg.rf.0244f431cf6b9fd578c67d5fda08abaf.jpg,1,0,0,0
dry_bedf9f06af9d70c08a99_jpg.rf.c1235eb2d6d2db39fa61ca3ea205ab17.jpg,0,1,0,0
dry_cf1281585bc0cf972c34_jpg.rf.83305418502238dbf0465142f7df7ef4.jpg,0,1,0,0
combination_-_cf3c4170fc568dad597f_jpg.rf.bf4b1a8669f3b45e025ac0aa9a32cf72.jpg,1,0,0,0
dry_fb69d95f59d28a89f730_jpg.rf.7fbf295c9b594c6983ad5ca9ce6500c6.jpg,0,1,0,0
normal_new_ad427aa9cdbb4b59ae6d_jpg.rf.60711fc1ef6b56200aefff856c21ee56.jpg,0,0,1,0
oily_new_fa087fd994a2b2f8f529_jpg.rf.ecd0dce46199ebb407245685e3ed1ce8.jpg,0,0,0,1
normal_new_e9354dbb4b3ec8481a45_jpg.rf.362c0a824d34c33cfddf7de09ebe158e.jpg,0,0,1,0
normal_8d9da0a0dfff39f02580_jpg.rf.79959776593ef5a5cea603be48d924e1.jpg,0,0,1,0
combination_-_cf58b60c87d3fcd21684_jpg.rf.3dcbe84f0dc45210ea34ec6c2ba5b890.jpg,1,0,0,0
dry_cf50bf97d954d18138d2_jpg.rf.ee727ddf3954c443347d0692a42940b4.jpg,0,1,0,0
normal_new_bc92353b765a2fed0b64_jpg.rf.80f4e4fa2914b1a17bf1b81f2a85fd24.jpg,0,0,1,0
normal_ff7170ec56b6897c64f8_jpg.rf.fe584915dea37bd0f4a0a2ba4545f753.jpg,0,0,1,0
dry_c114f2dbaa95c6210da3_jpg.rf.85b251dd26719e6896df391e292faf41.jpg,0,1,0,0
normal_new_bf989b5c1a900aa86a08_jpg.rf.6bfe67663a205353d297094c52488796.jpg,0,0,1,0
dry_dfb8d2eb7fd00732cc8f_jpg.rf.190aeeb22e82f6055d20339759d691ae.jpg,0,1,0,0
dry_fd0b5b3025430f0248f4_jpg.rf.1db111b3a03991360559e0a881b50180.jpg,0,1,0,0
normal_new_e12ebb796c236c40e733_jpg.rf.3a12a0c095876b960a372956efd506b7.jpg,0,0,1,0
dry_dd7bc50071d6ed63f839_jpg.rf.cff9a279acd692213a94cacc790bd1ef.jpg,0,1,0,0
oily_new_fb1e6845fbe09279cf83_jpg.rf.4e6b705d1f9a0718162142764e3925e5.jpg,0,0,0,1
dry_bf47fca36d39cb8f9667_jpg.rf.8cf21bd23ac965aa5af1cabe02a2eaa6.jpg,0,1,0,0
combination_-_d110f79ce7f03061beae_jpg.rf.4799d262d51278de93e9845055d4a57e.jpg,1,0,0,0
dry_ea5d47e6d21d1c52c409_jpg.rf.e7d0b1972bc4a4702f15cf1a0aa3ef24.jpg,0,1,0,0
oily_new_fe761ecb33fbc8e688b5_jpg.rf.a9491fd90a92dd843e036098bec479c2.jpg,0,0,0,1
oily_new_faac61d308ee6050a1ae_jpg.rf.7333c56d2fa81702f0b7b68903c3f4dd.jpg,0,0,0,1
normal_new_e65a33700f413579e08d_jpg.rf.d1de1b251c8b2d89b7df0d1a859cb329.jpg,0,0,1,0
combination_-_cd5043ad22117413ed9d_jpg.rf.d5a4dba813288aba28092c1ecdb39f49.jpg,1,0,0,0
dry_d197914e018991c5a570_jpg.rf.d58851dbbb407597815ba28d8a272b4f.jpg,0,1,0,0
dry_new_9c4a50c2fe6817dbf41f_jpg.rf.919fd686216602c8ca272769cebada9b.jpg,0,1,0,0
normal_f8f38ab2936c6995328f_jpg.rf.c6ccbdddd84bd89782353c8577f5d292.jpg,0,0,1,0
oily_new_fe8e437fa84da2119030_jpg.rf.0fab7e74f213d7bb4a0ed850569150e3.jpg,0,0,0,1
normal_fe6bd0ca065541419322_jpg.rf.1e45cf6c7decbd4cd350fa396bf978b6.jpg,0,0,1,0
combination_-_d0532cea9be90222e160_jpg.rf.d4b11ad39bc70bbd428c49f55a207fa8.jpg,1,0,0,0
normal_new_dbfee5beda5f539dca4b_jpg.rf.650bc6bbd89fbef843b67993a5728797.jpg,0,0,1,0
normal_new_e3281002dd8f72c00d1a_jpg.rf.1186f986e79b6f443da919da4665328e.jpg,0,0,1,0
oily_new_e7fac1c4d361f491dfc1_jpg.rf.9fe1c904a181ac90c07b9ad84e7fdaaf.jpg,0,0,0,1
dry_0b973f46a06123d014f1_jpg.rf.db5adde588f0e50b9e4eb428232d80af.jpg,0,1,0,0
dry_ea5d47e6d21d1c52c409_jpg.rf.6b96396f250eff41ab73f0f88c9d92ec.jpg,0,1,0,0
combination_-_d0532cea9be90222e160_jpg.rf.8fc428012f15b89bd4558bb4df072ad0.jpg,1,0,0,0
dry_bf47fca36d39cb8f9667_jpg.rf.6d4123397e20bc4f6422206ea1481798.jpg,0,1,0,0
normal_new_db2a9e7bb1d91bf1068d_jpg.rf.738478ace0e58e464138ed86a0efdf71.jpg,0,0,1,0
dry_e612e14ede77ea08e356_jpg.rf.332a17873793c338ab975567c7c8ca42.jpg,0,1,0,0
combination_-_d363143618b244494a65_jpg.rf.85d20d39f2e451f377fe0b06f30686d8.jpg,1,0,0,0
normal_new_e3281002dd8f72c00d1a_jpg.rf.7615349fe36c5b36de9040bfa39d82aa.jpg,0,0,1,0
oily_new_fa087fd994a2b2f8f529_jpg.rf.11384d212c80bc631e98f1e7333d5b59.jpg,0,0,0,1
dry_bf47fca36d39cb8f9667_jpg.rf.c3eb30e80d1571e90a1a0235be96255b.jpg,0,1,0,0
normal_new_dbfee5beda5f539dca4b_jpg.rf.bef2e0a5d51b7257131d8e0feb70c9ca.jpg,0,0,1,0
combination_-_cd5043ad22117413ed9d_jpg.rf.877debdcd29b4b260894819d91d54f48.jpg,1,0,0,0
combination_-_cf58b60c87d3fcd21684_jpg.rf.15e0e2c3fa0f5e39d175f27c7672284f.jpg,1,0,0,0
normal_new_c3f54618e66dd8430bf6_jpg.rf.2c20d537cb3d021caeb26b0c684d38b8.jpg,0,0,1,0
oily_new_f109c7904e65ee5e7785_jpg.rf.eff6e8e60de854ca2df101db19b3c56d.jpg,0,0,0,1
normal_new_dd95f1ab09244690240e_jpg.rf.f4f096d0c560d59fdedf3dccd9d68737.jpg,0,0,1,0
normal_new_e477625b85bf149e3501_jpg.rf.44be9e62b9e2d6fa168ac88fb71f9871.jpg,0,0,1,0
oily_new_faac61d308ee6050a1ae_jpg.rf.9855df44df8c74172366e9978e49c15f.jpg,0,0,0,1
dry_e12ebb796c236c40e733_jpg.rf.7d6637834a10669de522004e5f61b4f4.jpg,0,1,0,0
normal_new_daa727dda92dd382d430_jpg.rf.b77c8775f918116a48f51b2eda63493e.jpg,0,0,1,0
oily_new_f9e608d2842472b6fdf7_jpg.rf.7096d20ea6dfde2b0d4b836df7eba478.jpg,0,0,0,1
oily_new_fe8e437fa84da2119030_jpg.rf.5455b8a2253ca0bbd570139bf5e48514.jpg,0,0,0,1
oily_new_f031413930c4517f5f79_jpg.rf.07def6c7af5b68ed02a4aded7baea661.jpg,0,0,0,1
dry_0b973f46a06123d014f1_jpg.rf.ad7bd6250805fd7b3e5925d7f44e51f3.jpg,0,1,0,0
dry_d197914e018991c5a570_jpg.rf.900dd355823b830e51cbe971799a0a94.jpg,0,1,0,0
dry_10c7d88f91ac3628c367_jpg.rf.e5cfb6ed9b0e72fc5ac9d41f354cf95e.jpg,0,1,0,0
dry_f1bd1df64fa5297b592a_jpg.rf.db11b6c70a7fae9e697f9bd7719714f4.jpg,0,1,0,0
oily_new_f5200c4e93655f94f3f6_jpg.rf.1eab74d267a2f661e8d8ad2865af60f2.jpg,0,0,0,1
dry_d22ed353be0a5d2ca6c9_jpg.rf.6b6878645108b2540238cec1737b76ff.jpg,0,1,0,0
dry_ebdb39b507ed04c00b19_jpg.rf.e4d71025fdf7b64401cd45dd5e3f3bc8.jpg,0,1,0,0
normal_037d2ca54ba52d645ffd_jpg.rf.c72c2dd223678a781a2373fa65ad0476.jpg,0,0,1,0
dry_d197914e018991c5a570_jpg.rf.d684cad7b757216324c20432b61bfdb0.jpg,0,1,0,0
oily_new_edd87f49dd25491258b8_jpg.rf.8a1928977e1f75331e4f6b07f0b3595f.jpg,0,0,0,1
dry_c07cf129df8737a400b9_jpg.rf.ba4a646944cf0b4922fb587e8b5e6b59.jpg,0,1,0,0
normal_052c57b1509f650847e7_jpg.rf.cddb5047134b8c887730cc8e62669fe8.jpg,0,0,1,0
dry_bf39f291f6c3c010f2d5_jpg.rf.d29679cc3150038290c6bd2d21811e9d.jpg,0,1,0,0
normal_new_daa727dda92dd382d430_jpg.rf.07761bedabc22b00f4fcea6f974c23a7.jpg,0,0,1,0
dry_e5bc20447905d03837f5_jpg.rf.b39355838bbaaae001a762679582152b.jpg,0,1,0,0
dry_d22ed353be0a5d2ca6c9_jpg.rf.e221ae026a1558e97855aa628dc35310.jpg,0,1,0,0
combination_-_d4d3369474d0907f660d_jpg.rf.cb94940ca57be9988400565a72316d50.jpg,1,0,0,0
dry_0efaf2018714dec95f67_jpg.rf.be784741bca271083a15c4a0acec365c.jpg,0,1,0,0
normal_new_bc92353b765a2fed0b64_jpg.rf.f832a8bf59180b41dce35748c3a4f36e.jpg,0,0,1,0
normal_0154cd1b2bb92b9df7f9_jpg.rf.a465b1f0506a7b03976d11ea3ac86c16.jpg,0,0,1,0
dry_d22ed353be0a5d2ca6c9_jpg.rf.2c3487bc329df59c5d1e0249007eda15.jpg,0,1,0,0
normal_fbc021487ef65d1d5c59_jpg.rf.6d804a7b79d97fa756dc18dde2121425.jpg,0,0,1,0
dry_ce3e0d6ce48ddd2088e0_jpg.rf.1ea5357933d56471a1e047268f2c5eb0.jpg,0,1,0,0
normal_0154cd1b2bb92b9df7f9_jpg.rf.677d98218963197c68ea373866733ade.jpg,0,0,1,0
dry_e5bc20447905d03837f5_jpg.rf.7b106df60d9168c4106504d81fb33224.jpg,0,1,0,0
dry_dd7bc50071d6ed63f839_jpg.rf.4dd12d245600984c21fad31c97e0018b.jpg,0,1,0,0
dry_0b973f46a06123d014f1_jpg.rf.edc3b4dd7d5c7f0c23d72b2f5b1fae86.jpg,0,1,0,0
normal_new_f579fae01fbd60200d26_jpg.rf.a499742ea1e6560bd52f5c10095f7230.jpg,0,0,1,0
normal_ff7d96b09d8f52bccb3a_jpg.rf.073ae86d4979f0089da0d47de7fadffd.jpg,0,0,1,0
normal_0154cd1b2bb92b9df7f9_jpg.rf.d7d3378fe81efdda4d7e6e2cfaf22f22.jpg,0,0,1,0
dry_f1bd1df64fa5297b592a_jpg.rf.adc4537b1ca060834bb97d27254a0484.jpg,0,1,0,0
normal_052c57b1509f650847e7_jpg.rf.7f106d20c22dde79497964a1c4781330.jpg,0,0,1,0
dry_ed34be4db7bc534192d4_jpg.rf.7771417ed2ae406e9bc86a2cd803cfc2.jpg,0,1,0,0
dry_ee3321d1ce9ebfa99ae6_jpg.rf.90c01ab3a6ea9ca3bfbb03af68e57ba3.jpg,0,1,0,0
normal_new_db2a9e7bb1d91bf1068d_jpg.rf.3d60ea97ba47fe80fc3d8a0e6aa04eb3.jpg,0,0,1,0
dry_e6da0d5885a2761f7138_jpg.rf.c6f683394dd5f420c00a1c8a1eacf592.jpg,0,1,0,0
combination_-_d00a52beba9bd761cf6d_jpg.rf.efa66f5ea478a31e568190188bd3ed4b.jpg,1,0,0,0
oily_new_edd87f49dd25491258b8_jpg.rf.956206d6d0588b7eb673655e0623e21e.jpg,0,0,0,1
normal_037d2ca54ba52d645ffd_jpg.rf.953ef62f0347b7953c88c050f8e4563d.jpg,0,0,1,0
normal_03a5c2383f7f20ed8cc5_jpg.rf.f0a979476fc7acd854706a027e0c8d89.jpg,0,0,1,0
dry_0efaf2018714dec95f67_jpg.rf.9d42c3f2ae45837652f2d3bec57eee98.jpg,0,1,0,0
dry_e612e14ede77ea08e356_jpg.rf.950a82812232cc0051f9416492cb1558.jpg,0,1,0,0
oily_new_f2d21b64e590ef6a1072_jpg.rf.db80950d2b42ad226fe59b31e84d4b2f.jpg,0,0,0,1
dry_e5bc20447905d03837f5_jpg.rf.dcc40cdeaadf1d1be52c7ac09ee6b3fb.jpg,0,1,0,0
oily_new_f2d21b64e590ef6a1072_jpg.rf.c07cce3919ad7640f7cf5f4b1fcaedfc.jpg,0,0,0,1
dry_11f3317eb0e84a5921ee_jpg.rf.6c9ed068410a45cdc42a3149ad648306.jpg,0,1,0,0
dry_e7c89bc4618f5585a464_jpg.rf.ba3a1d36bc9065d12e93414cb7aeafb9.jpg,0,1,0,0
dry_11f3317eb0e84a5921ee_jpg.rf.408707deb583678461819b6213fa34aa.jpg,0,1,0,0
dry_new_10583924a54a7cbcf5d0_jpg.rf.aa3774a914cc5242625d57bbf40c6ce9.jpg,0,1,0,0
normal_ff7d96b09d8f52bccb3a_jpg.rf.b2719fb4fc41b62a1fb050d5831791c6.jpg,0,0,1,0
dry_032318cbaebf6428c00d_jpg.rf.08703bf2f30f852e9f16b725bdbaee9d.jpg,0,1,0,0
dry_0e8ee7ea2431e24b4454_jpg.rf.0560b35f64c0de32ccbd2a3acc07b595.jpg,0,1,0,0
normal_03a5c2383f7f20ed8cc5_jpg.rf.6b9028a9e68d59ce8b45299b9c2c596c.jpg,0,0,1,0
normal_f8f38ab2936c6995328f_jpg.rf.192934d750c8b0dc5af68890bb7e98af.jpg,0,0,1,0
dry_new_14ddd526b0fdfd6d4b72_jpg.rf.c49b9024e27c38dc13e0c98148d6862a.jpg,0,1,0,0
oily_new_f2e9a50900bd03ed41e4_jpg.rf.54a2de8c08d64db54eeaf0a827148a66.jpg,0,0,0,1
dry_10c7d88f91ac3628c367_jpg.rf.16792e9e587c3e7d4ad40c9933960916.jpg,0,1,0,0
combination_-_d8412773ef2668ae095d_jpg.rf.745fcc183ff5a9be62fccae2ce2f6ca9.jpg,1,0,0,0
dry_ee3321d1ce9ebfa99ae6_jpg.rf.013249239a79a2263becf76079f4efa6.jpg,0,1,0,0
dry_ed34be4db7bc534192d4_jpg.rf.3f768bbc7a53707e368f60b30611a1cf.jpg,0,1,0,0
oily_new_edd87f49dd25491258b8_jpg.rf.af541a1cd0c1f4d136a5c0b25381fdf3.jpg,0,0,0,1
oily_new_f2d21b64e590ef6a1072_jpg.rf.03231b63f64a8ea566b115651401dc35.jpg,0,0,0,1
dry_032318cbaebf6428c00d_jpg.rf.81f9161fd02e6c75625468148b95fa34.jpg,0,1,0,0
normal_new_dbfee5beda5f539dca4b_jpg.rf.34dadfa551eec9db86153f03b3d3f6cb.jpg,0,0,1,0
dry_00f1189752d6631b2b22_jpg.rf.a76cb82eeece4a3e33dc048f90ad9be3.jpg,0,1,0,0
oily_new_f52a9d2803d5cbf6efc4_jpg.rf.2c1c273030c66483e5ba7e247d51d2a0.jpg,0,0,0,1
normal_new_e9b453df5e590e9e654d_jpg.rf.2a2bd2261f05c79823a9b841720f3910.jpg,0,0,1,0
dry_49ede6b7f1fc2cf58c1f_jpg.rf.343f6eab54e66467391b90797a99d7f0.jpg,0,1,0,0
normal_new_e9354dbb4b3ec8481a45_jpg.rf.91d4a4bf7620e0ee4de704df44362649.jpg,0,0,1,0
dry_e98bc8a717696cd7dad2_jpg.rf.883772c60a5e529d8f749429ba072001.jpg,0,1,0,0
dry_0e8ee7ea2431e24b4454_jpg.rf.cd84accaa28d59f3cbb395d3cc022bbf.jpg,0,1,0,0
dry_e8b9b83f919551f87e22_jpg.rf.e45c3a7c850846b8f462f89e574d982a.jpg,0,1,0,0
dry_f1bd1df64fa5297b592a_jpg.rf.b8de6a7fdbe8a76001c3ba79447b8367.jpg,0,1,0,0
dry_11f3317eb0e84a5921ee_jpg.rf.9efdd4bb404e9518ee3d0a6517580e2e.jpg,0,1,0,0
dry_c114f2dbaa95c6210da3_jpg.rf.4e9adf66a55f663d75dd4e55d155bbad.jpg,0,1,0,0
normal_fe5a0f30a5092c6b020a_jpg.rf.d754fb4141a5dde7ea894da3ef19050d.jpg,0,0,1,0
dry_ebdb39b507ed04c00b19_jpg.rf.de2bd01f935fa45b344ed497f3a671e6.jpg,0,1,0,0
dry_4bdd7e0353dcd6dff393_jpg.rf.42f2e030fc27c1d10d2741e51020f68c.jpg,0,1,0,0
normal_fc213ee2c112e65b405e_jpg.rf.638a811846e38c6015924ad7f173586d.jpg,0,0,1,0
oily_new_e12632a2a052c20bc52a_jpg.rf.6ef41a07c7d6f15457cd94d1f9154c7d.jpg,0,0,0,1
dry_789899eb3ad1a43de892_jpg.rf.76cf153f95054bc90513a9a71deba062.jpg,0,1,0,0
normal_new_f0b56d41d2add622cbbc_jpg.rf.31a493e5eee4eb0ccd89b2242b45ff22.jpg,0,0,1,0
oily_new_e12632a2a052c20bc52a_jpg.rf.39cdc949d15222d557bfc24c7a1d9e05.jpg,0,0,0,1
normal_fc213ee2c112e65b405e_jpg.rf.d984841e94f16b8f69c80daa9f1e73b0.jpg,0,0,1,0
normal_059cf2165bd4da06cc0f_jpg.rf.db7d8071a2c1fb2b47ca4fbecc174142.jpg,0,0,1,0
dry_4c6dee22484ea113e5dc_jpg.rf.e6aa59c322cb5094bc98ab6911fd3b40.jpg,0,1,0,0
dry_4bdd7e0353dcd6dff393_jpg.rf.5be430834c025b44900b768e4449bfa2.jpg,0,1,0,0
dry_13829ede1123951435b3_jpg.rf.0e9f765a4570e0482c6cd993728975ec.jpg,0,1,0,0
oily_new_f52a9d2803d5cbf6efc4_jpg.rf.5f3ad115cd9bf42388b1ff989a143761.jpg,0,0,0,1
dry_cf1281585bc0cf972c34_jpg.rf.b061d956b5c466759412cbf16a8c1c72.jpg,0,1,0,0
normal_fe5a0f30a5092c6b020a_jpg.rf.4a256bd997025079a6b28c19f8776418.jpg,0,0,1,0
combination_-_fd00a33d32c8328a405e_jpg.rf.8c3f0a31d9597e60921582fe47e8a4fd.jpg,1,0,0,0
dry_e7c89bc4618f5585a464_jpg.rf.ad292d27299bda6d1658b593aea18689.jpg,0,1,0,0
oily_new_e0d28902a3cea93c86cb_jpg.rf.1ec1fad0344ce8ab0eed62b258512b49.jpg,0,0,0,1
dry_ed34be4db7bc534192d4_jpg.rf.a146d78d8b37c8317d70910b24d60586.jpg,0,1,0,0
dry_e6da0d5885a2761f7138_jpg.rf.09bcca1104449a371fdc1a0751cab3dd.jpg,0,1,0,0
dry_4c6dee22484ea113e5dc_jpg.rf.4d5d977b9183b60c6a63d2cc571fc524.jpg,0,1,0,0
dry_7e4544bdb1b24d471db2_jpg.rf.43b316635b826c1aa42860d7f37c7bc1.jpg,0,1,0,0
dry_474fff5fe1671cab3080_jpg.rf.e3383d0c30ec4e13aa16acd496fa8abc.jpg,0,1,0,0
combination_-_fe482513fd2a3a8c79c0_jpg.rf.38cffac7a7301e6aac7501316be68121.jpg,1,0,0,0
dry_e98bc8a717696cd7dad2_jpg.rf.a546c8a97e872fc48517209d5375d7f6.jpg,0,1,0,0
normal_new_e9b453df5e590e9e654d_jpg.rf.04bacf8ddefba1ab839b157d1c0b32f4.jpg,0,0,1,0
normal_fbc021487ef65d1d5c59_jpg.rf.e01aa150b0a1e125b4684e07e6e92f83.jpg,0,0,1,0
normal_fc213ee2c112e65b405e_jpg.rf.924d1f5415dc9b95ead0373ba9a7a410.jpg,0,0,1,0
combination_-_fd00a33d32c8328a405e_jpg.rf.2839343659a661f9698e71d861fc8251.jpg,1,0,0,0
normal_f80f8798140564e4a5d5_jpg.rf.7659013f3c7bce9607e4b9db452e8aaa.jpg,0,0,1,0
normal_new_e9b453df5e590e9e654d_jpg.rf.1baeb73aefe44f5c15d3a1742aa45586.jpg,0,0,1,0
oily_new_f179b27f809a85c33e5d_jpg.rf.e52d70d6ee165ceead0abcdfb5377132.jpg,0,0,0,1
normal_037d2ca54ba52d645ffd_jpg.rf.755c29148c53e5aa38be5c7aa9710ec8.jpg,0,0,1,0
dry_789899eb3ad1a43de892_jpg.rf.33827d0b041a55f3470fd1751b33b460.jpg,0,1,0,0
dry_e8b9b83f919551f87e22_jpg.rf.1fdb5ebf7d592f5252eddc47a01298ee.jpg,0,1,0,0
dry_e8b9b83f919551f87e22_jpg.rf.088592374189841b5554c3a651826b8a.jpg,0,1,0,0
dry_54835ffd7900ab7b5083_jpg.rf.220d6d168325d1b203094d22852ff1de.jpg,0,1,0,0
normal_new_ed6d241fecce201944c1_jpg.rf.d3a4b3ccad1a8f1f237a86a01a806289.jpg,0,0,1,0
combination_-_d363143618b244494a65_jpg.rf.e97bbb15aa9fdb082c4faffeb1e2a38e.jpg,1,0,0,0
dry_7a6cd81f4b69fcfea080_jpg.rf.66221127a3e84a413c9f542e668dff6d.jpg,0,1,0,0
combination_-_dd5446f97e37050f15a9_jpg.rf.7cd625cef7a088f3742ec28958f53642.jpg,1,0,0,0
dry_04ca51612dfa072273cb_jpg.rf.e5e67ed397fc729ae4114d5fed0475c0.jpg,0,1,0,0
normal_059cf2165bd4da06cc0f_jpg.rf.efb23f95e33fdcb65c603456fa45374c.jpg,0,0,1,0
dry_543f3191565210e0b2b7_jpg.rf.1b0127cfa782bbf80aef584eae6ec851.jpg,0,1,0,0
dry_12161204e3915bc8f99d_jpg.rf.ed6793f8f7472d392f4622f17b9abee2.jpg,0,1,0,0
dry_058306bb9c7116981e12_jpg.rf.e48b60b4960973b84237231a414ae520.jpg,0,1,0,0
dry_138be1a65d93b69932ce_jpg.rf.5bc8a4c4eec90bf0d8d390a9ed902f99.jpg,0,1,0,0
normal_059b3e437854f2087e1c_jpg.rf.c71a5c90f44a8da680185085305eb825.jpg,0,0,1,0
dry_032318cbaebf6428c00d_jpg.rf.f4d1a03a74de19437cde3fc0b9502d20.jpg,0,1,0,0
dry_540615aadfc387dd22c5_jpg.rf.2f690e7766f459274abd54a9386b15a7.jpg,0,1,0,0
normal_03a5c2383f7f20ed8cc5_jpg.rf.b5084f18efbef1fa1c6bd3fef63d4388.jpg,0,0,1,0
combination_-_f957ae954a160ea5081d_jpg.rf.48ace3c977ab3488415c9c22b1e4b378.jpg,1,0,0,0
normal_fe6bd0ca065541419322_jpg.rf.f4e57ae67a63e41c6f911e2bd234c2ea.jpg,0,0,1,0
combination_-_d5ee942e355745297b8b_jpg.rf.02213cbd2cd8c954b51b49cf887cdb73.jpg,1,0,0,0
normal_f865edb502ee1fa0f670_jpg.rf.0675901293c27eb777b065cb75aafde2.jpg,0,0,1,0
dry_04ca51612dfa072273cb_jpg.rf.b207d54a8c7e94dd07cab40e6c1e4d50.jpg,0,1,0,0
dry_58c4aa687f67f4e06a02_jpg.rf.b328648d117339370ee18d7e6fe14c1e.jpg,0,1,0,0
dry_ebdb39b507ed04c00b19_jpg.rf.5637d17850b52a65cc3446b3183cf0a7.jpg,0,1,0,0
dry_0e8ee7ea2431e24b4454_jpg.rf.5e3573d81de39ec82ba230e13d3a8fcc.jpg,0,1,0,0
normal_0544c5cb1559ae1fca6b_jpg.rf.ef6ffcc00ade235689832868b8ae6659.jpg,0,0,1,0
normal_new_ee4df19a9c55cb543f49_jpg.rf.540abbd0807d356d42eefa0747277fb5.jpg,0,0,1,0
combination_-_f8c3a18fd0658abf39b2_jpg.rf.5b4aeb7709716a3afe257aa6cba41346.jpg,1,0,0,0
dry_86ae25549d3ad7295f09_jpg.rf.278d82f9d0c4b1c7beaf815133d3719b.jpg,0,1,0,0
combination_-_d363143618b244494a65_jpg.rf.7ae8b4efabc2a202141087696114a980.jpg,1,0,0,0
oily_new_e4513423c4f69c380303_jpg.rf.3844b7cbc75a1240e88dbc8efca76101.jpg,0,0,0,1
dry_543f3191565210e0b2b7_jpg.rf.a3194c02f8134ecf67c32d7d6f6347f1.jpg,0,1,0,0
oily_new_f76f74d4f4a8b240617e_jpg.rf.8a16f46320d78bc8799d9cbef2ceb481.jpg,0,0,0,1
dry_5a510955ceb3efb852fa_jpg.rf.3fc76d0a6a1291ac14450709b19c6f23.jpg,0,1,0,0
dry_543f3191565210e0b2b7_jpg.rf.ffdbdd34517680007214692b90c9d928.jpg,0,1,0,0
dry_7e4544bdb1b24d471db2_jpg.rf.8829f650803cca3f4f9cd9e69b45a7b5.jpg,0,1,0,0
dry_830c447ab48ccae9ae23_jpg.rf.e5333fd17f4af743a741b599d4a222e1.jpg,0,1,0,0
normal_059b3e437854f2087e1c_jpg.rf.b1a44403493d97cffb151badb261766c.jpg,0,0,1,0
oily_new_fe15814ad4197412ef99_jpg.rf.83a64dd6db0233f05874d944cc9c74c2.jpg,0,0,0,1
dry_540615aadfc387dd22c5_jpg.rf.f43741a6d75e8c7cad85995b1fac91cb.jpg,0,1,0,0
oily_new_f76f74d4f4a8b240617e_jpg.rf.118ad0e76250560ee98928f7b379f8ba.jpg,0,0,0,1
normal_f69ce6236031b380189b_jpg.rf.045a0237835be18f4eb2ff9921d8e15e.jpg,0,0,1,0
combination_-_e166775e43b22400dd41_jpg.rf.1ea2df5f5adffb8ebb1c20ecce91154a.jpg,1,0,0,0
dry_058306bb9c7116981e12_jpg.rf.d436077ec983f032def142a013b0a0ed.jpg,0,1,0,0
combination_-_f714086384abcfff885e_jpg.rf.60e73d6fb800ab67871c154ecd77f36d.jpg,1,0,0,0
normal_f6a0e6f28b2f71426c22_jpg.rf.82faeb8e685775963702332791d845ff.jpg,0,0,1,0
combination_-_e166775e43b22400dd41_jpg.rf.de2e927005533cd7bbb4c895736da7cb.jpg,1,0,0,0
dry_7a6cd81f4b69fcfea080_jpg.rf.de926372d7eb0a11bc736852ecd1da0e.jpg,0,1,0,0
dry_1399be9d152826c45d3c_jpg.rf.ad9c61a6b0a5e36696079b9e4f5ad704.jpg,0,1,0,0
dry_54835ffd7900ab7b5083_jpg.rf.c09b08d718925a162d6fa86a28482da4.jpg,0,1,0,0
dry_5a510955ceb3efb852fa_jpg.rf.7551dc663bacf8e5cf4297edd38c89c1.jpg,0,1,0,0
normal_new_f5227501c3d7d84f4a30_jpg.rf.4be28d1d02b57d2e2a8072cc17d0b427.jpg,0,0,1,0
dry_474fff5fe1671cab3080_jpg.rf.f0b585ea9e7beb1a2ee9e460e68bd38d.jpg,0,1,0,0
normal_new_ee247e940082f8458df0_jpg.rf.96e063bd8147480d19174d37d9e3ca76.jpg,0,0,1,0
dry_new_13f9487a6a1cb8e93912_jpg.rf.273667fbcb829539a0d514296bd887ac.jpg,0,1,0,0
dry_138be1a65d93b69932ce_jpg.rf.ace10379032e4bf1df4ce7df6c75c6a4.jpg,0,1,0,0
normal_new_f3568a60a60a1557f3e0_jpg.rf.f159d2ffab06b069652f4ade19c5ceae.jpg,0,0,1,0
oily_new_f4fc2fde4ba562b47a6a_jpg.rf.432bc460794ee6c716740ad40ec0df35.jpg,0,0,0,1
dry_5aa5701d1870f076fd81_jpg.rf.73fc121e0585d5d4af3a47d4cf4de463.jpg,0,1,0,0
dry_06946fe226d34e9e6666_jpg.rf.a9655464a836d05558c80261d0e1057d.jpg,0,1,0,0
dry_new_14ddd526b0fdfd6d4b72_jpg.rf.270f1f5fd9f5f4c64e286a158095d4ac.jpg,0,1,0,0
dry_726025675a80fd7e7b97_jpg.rf.1ae9376180e0eaaaa99bf92108ac1c3d.jpg,0,1,0,0
normal_new_ee4df19a9c55cb543f49_jpg.rf.24482b4d17eb904fbcdde449730da1a0.jpg,0,0,1,0
dry_54835ffd7900ab7b5083_jpg.rf.f7f53cb2653d2bd151e2077501523e61.jpg,0,1,0,0
oily_new_f81b6c738a4b6a58c4d0_jpg.rf.3de3bde705bb3f82ed159c27f155d00a.jpg,0,0,0,1
normal_f865edb502ee1fa0f670_jpg.rf.c28b1fb5f0b629418567f4c3623ac591.jpg,0,0,1,0
dry_830c447ab48ccae9ae23_jpg.rf.0ce9d74c14e8abdc9027eb6bfb5dcbf7.jpg,0,1,0,0
combination_-_e166775e43b22400dd41_jpg.rf.bbc7f341349f73e7fd2d6106442dfd20.jpg,1,0,0,0
dry_1399be9d152826c45d3c_jpg.rf.49bcd9d26f9a022c1c270a7d4fc13e4f.jpg,0,1,0,0
normal_new_ef7a8705e2c8ae780ba8_jpg.rf.9f5545a80ff6c6742079bae2ac0a1955.jpg,0,0,1,0
dry_06946fe226d34e9e6666_jpg.rf.cab06ef847f7a52da63a537d8cb5d57a.jpg,0,1,0,0
dry_145f87e0de026798bef1_jpg.rf.502b8cd7bb116f001d6a1f5850748577.jpg,0,1,0,0
combination_-_f957ae954a160ea5081d_jpg.rf.0d848e5c49bb41e9e4a577df8528c25b.jpg,1,0,0,0
dry_new_146f74ed742a3ba0753c_jpg.rf.0f185a63003b62c4cf8b148a3eec0340.jpg,0,1,0,0
normal_ff7d96b09d8f52bccb3a_jpg.rf.42121c9a6b41b1dd88f4d9c88db6693f.jpg,0,0,1,0
combination_-_dd6d492afe272c979533_jpg.rf.ccc0d9bb4173b47945fd375be4cae445.jpg,1,0,0,0
dry_731e7802f94a80ff605b_jpg.rf.c6d8bf3cf421522dc1da97727c710762.jpg,0,1,0,0
dry_new_12a77d1504bec751387e_jpg.rf.74294c00f2c247df41dd7faea556fe9f.jpg,0,1,0,0
combination_-_f957ae954a160ea5081d_jpg.rf.4c68da664adcbbdbdc5dc6ff80ea0ff1.jpg,1,0,0,0
normal_ff9a19a44e979dea7bb3_jpg.rf.050bb49fcca501c5d2b4166d97f5fc69.jpg,0,0,1,0
oily_new_f9bbc29f1446f959a9cb_jpg.rf.17a52b5e818b785a06984e7c763c8e54.jpg,0,0,0,1
normal_0544c5cb1559ae1fca6b_jpg.rf.97c307976a05c2b0d7e249272cceffd1.jpg,0,0,1,0
combination_-_fd00a33d32c8328a405e_jpg.rf.67bd74dec688c645926738e590c1d02a.jpg,1,0,0,0
dry_00f1189752d6631b2b22_jpg.rf.114e4ac27a28c0df8648a6bcc1dc90a7.jpg,0,1,0,0
dry_7a6cd81f4b69fcfea080_jpg.rf.fcf566a1014665f650bc8e4b89f20322.jpg,0,1,0,0
dry_86ae25549d3ad7295f09_jpg.rf.ddb839f5096506deca8477e559362da5.jpg,0,1,0,0
dry_new_1f496c8ccea5fe41cda1_jpg.rf.87997de9f06b31b5fe04e96ae5d40105.jpg,0,1,0,0
combination_-_dd6d492afe272c979533_jpg.rf.f267bfa6a2a7c0cfcc128d3786d13e81.jpg,1,0,0,0
dry_58c4aa687f67f4e06a02_jpg.rf.c9db019591711ca48b17a636a294cf8e.jpg,0,1,0,0
dry_73bc80219b41d81c37fd_jpg.rf.48859504d9fa3e501650abefa0bf040e.jpg,0,1,0,0
normal_f6a0e6f28b2f71426c22_jpg.rf.af66c74a014600b8c52eae9291adb33a.jpg,0,0,1,0
dry_12452a61218e358e7cfc_jpg.rf.01c7ef2fe235e5ab84f95cf465f0cb0e.jpg,0,1,0,0
normal_f6a0e6f28b2f71426c22_jpg.rf.522422af68d261d32554ef54d1a4b494.jpg,0,0,1,0
combination_-_e2d7454878c230c66a03_jpg.rf.540030551db7f5b468b1ef7c8f642d6b.jpg,1,0,0,0
combination_-_e2738ceed874a1ee28ca_jpg.rf.3e21a553f54f2e98cd2829a83283d56b.jpg,1,0,0,0
dry_12161204e3915bc8f99d_jpg.rf.082b2148e73aaffbd92c07cbb0193a42.jpg,0,1,0,0
combination_-_e2738ceed874a1ee28ca_jpg.rf.c16ce085f7237f29cfae4a91ba1c3d95.jpg,1,0,0,0
dry_new_146f74ed742a3ba0753c_jpg.rf.a84d3a3667bde1b837871176bd42d130.jpg,0,1,0,0
normal_new_fe703a0a478002b25035_jpg.rf.c88997102ae051657709bf3e4bdf4034.jpg,0,0,1,0
dry_new_14ddd526b0fdfd6d4b72_jpg.rf.a52c4deac73a1fb6ef6f8a8f3c17df8e.jpg,0,1,0,0
dry_1922ac7cdc0750825c6b_jpg.rf.cb3f90367a0575cf1527e93b2be1c2ed.jpg,0,1,0,0
dry_new_191d7e6cd6c452a3054f_jpg.rf.543c4af38590e0a541f16e93168e8ea0.jpg,0,1,0,0
normal_ffe6e0430f1ad9c0a8ca_jpg.rf.0e3b245b18597c37fce23edf8d9abc31.jpg,0,0,1,0
dry_new_0eaf12165b9a7cfaaf90_jpg.rf.f065f8206c4f8e0175300076d203b0df.jpg,0,1,0,0
normal_ffe6e0430f1ad9c0a8ca_jpg.rf.b33cedd963f26e3d9eaca2aab170784d.jpg,0,0,1,0
normal_f80f8798140564e4a5d5_jpg.rf.300017334ab7de9533287e9b2ff06090.jpg,0,0,1,0
dry_1338ae3e58b41aad9cac_jpg.rf.5e9fc2766ee05d0ac21ee4e03586b66e.jpg,0,1,0,0
dry_new_1027137d70d12bfd94ab_jpg.rf.08a7f87b86ecc862d1b7847e15e043bb.jpg,0,1,0,0
normal_0b3f34580ac0aebba531_jpg.rf.ff7e5cbc19964b07029659b17ac5bd44.jpg,0,0,1,0
normal_0f9063e1e7e2a8c4342e_jpg.rf.6dda67b5f511080e098ef2020385ebab.jpg,0,0,1,0
oily_00ce529a17456957207d-Copy_jpg.rf.15b6eeec25ee40fe44eacd0bf6dd8936.jpg,0,0,0,1
dry_73bc80219b41d81c37fd_jpg.rf.bdad1a338790aa43f645c9741120ffad.jpg,0,1,0,0
dry_1399be9d152826c45d3c_jpg.rf.6462d7ad7e7a774d81dd58e6f6f327e9.jpg,0,1,0,0
normal_111ff2aa2b206a5de850_jpg.rf.1c9cda57c8dd701ae095c80638578bf9.jpg,0,0,1,0
dry_new_13f9487a6a1cb8e93912_jpg.rf.1b79d2ddf39516d5608cfe5409fa0448.jpg,0,1,0,0
normal_new_f53a138043244fe13f2d_jpg.rf.b94dfe624b3fe44fa6977ce77980236b.jpg,0,0,1,0
normal_new_ee4df19a9c55cb543f49_jpg.rf.9968b9c1846e322a80b0c4eddf0417eb.jpg,0,0,1,0
combination_-_eb6f3d065a59d99370dd_jpg.rf.829c57f04fae69bc1b366c980ad7d497.jpg,1,0,0,0
dry_06946fe226d34e9e6666_jpg.rf.89f4b92c725ef9d76778d4031da3e5bb.jpg,0,1,0,0
normal_ff9a19a44e979dea7bb3_jpg.rf.1fa565f1507510d83b722165257208aa.jpg,0,0,1,0
normal_f6e4461d9ab63dd8c1e6_jpg.rf.fbd07e6ffd42b2c391adf1d28b345fdb.jpg,0,0,1,0
normal_new_ecec3a51f6bcf2ab9a91_jpg.rf.fa86a8f64d1b334441cf3d7c988a004b.jpg,0,0,1,0
normal_new_f7ee40a6eb0564bc61ad_jpg.rf.5f83f8f60ecf5aa9475ad5f2eefb1e92.jpg,0,0,1,0
oily_0033afe2a6242dbbf7b4-Copy_jpg.rf.be3447a4457eea595f6bfe8fd578d543.jpg,0,0,0,1
dry_145f87e0de026798bef1_jpg.rf.8befe0d43cddfae13a0e434c80716245.jpg,0,1,0,0
oily_0033afe2a6242dbbf7b4-Copy_jpg.rf.5ef816618ce5b12dc57bedd5baae914e.jpg,0,0,0,1
normal_ffe6e0430f1ad9c0a8ca_jpg.rf.e3ebc8365c93a8204dc20f911100c406.jpg,0,0,1,0
normal_0f9063e1e7e2a8c4342e_jpg.rf.b4876d0d4d8be0046aa618841629ae32.jpg,0,0,1,0
dry_1922ac7cdc0750825c6b_jpg.rf.21bff51ab5ac4b30bcf0575e160e0e67.jpg,0,1,0,0
dry_new_191d7e6cd6c452a3054f_jpg.rf.6c4ecafe4ac8fb1b1057ee4bcd744f59.jpg,0,1,0,0
dry_new_1b59e700032bde4a94f5_jpg.rf.e5e5ed34c2b04a7a58b2f34ed2db1dff.jpg,0,1,0,0
normal_f69ce6236031b380189b_jpg.rf.590cdcf8b519eeb7c5b7ae6493ebe4e4.jpg,0,0,1,0
normal_0de28b9f392bc532bb6e_jpg.rf.ae8acab1a747d41f63b3b1303ddd7845.jpg,0,0,1,0
dry_new_162c031d06eaf5762e57_jpg.rf.e7432588e9f506ba0d5de43a18d98a68.jpg,0,1,0,0
normal_0f9063e1e7e2a8c4342e_jpg.rf.cc5fecd05f2c56d095315f0987aee02d.jpg,0,0,1,0
dry_new_1b59e700032bde4a94f5_jpg.rf.70e8eef6d7aa45f2fac8b2bfddca76a7.jpg,0,1,0,0
combination_-_e47574c540de713109df_jpg.rf.d85d86f8efd32ffcafb5ff2cf7b23d8a.jpg,1,0,0,0
dry_1922ac7cdc0750825c6b_jpg.rf.af21fbe31a8b796d5e5299271648c73c.jpg,0,1,0,0
dry_new_1b11fa18948fe85a7b29_jpg.rf.466ed538e5a0ccf5b4f82f39ce1b7929.jpg,0,1,0,0
normal_f6e4461d9ab63dd8c1e6_jpg.rf.431dc69137983dfd5500af68cfc04ed2.jpg,0,0,1,0
oily_09d84e0b79b0e6ded6ab-Copy_jpg.rf.a9304b75cfd1b7243c04f645ad1791aa.jpg,0,0,0,1
dry_13829ede1123951435b3_jpg.rf.6a6eb995c6f416fde389e2b774909133.jpg,0,1,0,0
dry_new_050e6a4f1c6bac5acc45_jpg.rf.9b0fc30e0371fa6b131e14bac031c342.jpg,0,1,0,0
normal_new_f53a138043244fe13f2d_jpg.rf.fba42b4d3273a0be8d872d06350df65b.jpg,0,0,1,0
dry_new_0eaf12165b9a7cfaaf90_jpg.rf.dc8496d8547bae5afc23837284c0e3d0.jpg,0,1,0,0
combination_-_e47574c540de713109df_jpg.rf.f1d9c62c87849887b6d7b3a2e0013902.jpg,1,0,0,0
dry_1338ae3e58b41aad9cac_jpg.rf.5cd79a7bb3db685097ce034c9719201c.jpg,0,1,0,0
oily_021e826dd8fd78c2e8f5-Copy_jpg.rf.824f70833ad52bf6362b37292643dd15.jpg,0,0,0,1
oily_0033afe2a6242dbbf7b4-Copy_jpg.rf.544f2d01d8faaf54d9761bfb21da63ef.jpg,0,0,0,1
oily_0d852556c21686e16906-Copy_jpg.rf.44cfd4f5752f73a821ec689657879b0e.jpg,0,0,0,1
dry_new_084bfd1d656478c74f80_jpg.rf.ca9e9386ca75b4998a542850bbb183dd.jpg,0,1,0,0
dry_12452a61218e358e7cfc_jpg.rf.703fa54d7a57149c447edbf3b8464f02.jpg,0,1,0,0
normal_new_f7ee40a6eb0564bc61ad_jpg.rf.ea9cfcf7cb22b3a98e8f1706516ddbe4.jpg,0,0,1,0
oily_063c9437d912fdeda9ad_jpg.rf.ca19eda8d89b7beb59cba7d35982cbc3.jpg,0,0,0,1
oily_1914936ec86a6078e6e4_jpg.rf.cfb756d3ab260b1f3596045b4d33b08d.jpg,0,0,0,1
oily_0d852556c21686e16906-Copy_jpg.rf.acc9ab41b3f94c75080cadee99464fc9.jpg,0,0,0,1
oily_0d852556c21686e16906-Copy_jpg.rf.b69796e71428e6950f33c9367c301660.jpg,0,0,0,1
normal_new_f6b6fcf964f1cb61a659_jpg.rf.0de48e5457b8e9a441274add78d7c9b4.jpg,0,0,1,0
oily_00ce529a17456957207d-Copy_jpg.rf.60930515f89eda9d461be346ef325c4a.jpg,0,0,0,1
dry_003e3600c061a59dc809_jpg.rf.0ae9f33719f72ff24b3b0fb810d6fbfc.jpg,0,1,0,0
oily_03010ea3e69097b6b2a2-Copy_jpg.rf.bb225b98f21c1dae7f493b84f8438c4b.jpg,0,0,0,1
dry_new_0928117f81f9ad7f1729_jpg.rf.2a6daabacca6645c9245d78dc09a70d5.jpg,0,1,0,0
dry_1338ae3e58b41aad9cac_jpg.rf.c46209d69f00aff3adf11bd07ce72bd3.jpg,0,1,0,0
oily_0997f02ba99a00439079-Copy_jpg.rf.20c7b62ec44d498de485ff2382c6b74a.jpg,0,0,0,1
oily_19453a8291045d156a95_jpg.rf.b86eeab52c4ea25bc76b8708a978c49c.jpg,0,0,0,1
oily_19453a8291045d156a95_jpg.rf.2e261030e011b15cd79db7122e89f3ac.jpg,0,0,0,1
dry_12452a61218e358e7cfc_jpg.rf.b1d5befd9347edb25e86e33a40303f69.jpg,0,1,0,0
oily_0e46bd272a1d73fdc3ce-Copy_jpg.rf.d8c94e795c62a82388fe85670e9a0bb0.jpg,0,0,0,1
dry_003e3600c061a59dc809_jpg.rf.3cf53dcc111e86e8533fd0edf0974ffb.jpg,0,1,0,0
combination_-_e2738ceed874a1ee28ca_jpg.rf.d18febb41854a84ed612b33f2dd405bf.jpg,1,0,0,0
oily_00ce529a17456957207d-Copy_jpg.rf.b10647be28c1e5341ae66e101b7b17cc.jpg,0,0,0,1
dry_003e3600c061a59dc809_jpg.rf.18a4bedbae987087580fb8cabf6cbe72.jpg,0,1,0,0
oily_0e46bd272a1d73fdc3ce-Copy_jpg.rf.49c9c6b21ff9748980f45ff8b7577872.jpg,0,0,0,1
dry_1a196382bc7b0b07e942_jpg.rf.c2175294be6870da7e3cf1c0c4acfc3e.jpg,0,1,0,0
oily_118163ef4bd425107cd5_jpg.rf.9249e50123b16a53339db391fa1fa20c.jpg,0,0,0,1
oily_19453a8291045d156a95_jpg.rf.1f3d584b04ffb5c1974f80b3bdc0ece1.jpg,0,0,0,1
normal_new_f6d842179b5529bfd670_jpg.rf.4b73dbff5ca55ae61d555e139027b8a5.jpg,0,0,1,0
dry_1c6eb0a63898fa231b61_jpg.rf.df34dc9d33f90cdc7e9c99a28b91e72a.jpg,0,1,0,0
oily_0f13738e2c6d2d61e5d8-Copy_jpg.rf.3018e58d78945ed855c7afaef2b08c4b.jpg,0,0,0,1
oily_0e46bd272a1d73fdc3ce-Copy_jpg.rf.9a28d1edc2430c356dfbb2b6ad54e088.jpg,0,0,0,1
oily_063c9437d912fdeda9ad-Copy_jpg.rf.3afd80bbe6ba21bf370e3249e4abf722.jpg,0,0,0,1
dry_1c6eb0a63898fa231b61_jpg.rf.436221d6ca5231bf96c7be73c5058b94.jpg,0,1,0,0
oily_11011d4168e332664ded_jpg.rf.213500f4b2a4aa3d63df9c0ca3644c06.jpg,0,0,0,1
oily_11011d4168e332664ded_jpg.rf.12f9258996eca885ab519cd425bd6163.jpg,0,0,0,1
oily_0f13738e2c6d2d61e5d8-Copy_jpg.rf.5646722527b3e9d9e6df55f1ccc2c5d6.jpg,0,0,0,1
dry_1c1e08ebb844cf314172_jpg.rf.6e7d1f5cfedc8fc62a83b1ac6c5ff6f9.jpg,0,1,0,0
oily_118163ef4bd425107cd5_jpg.rf.489dba11cd4bcee132d8a2aa46bbcc80.jpg,0,0,0,1
oily_03010ea3e69097b6b2a2-Copy_jpg.rf.0070177e35d4792c2a25146f8df57823.jpg,0,0,0,1
oily_0889f3b817e44318b076-Copy_jpg.rf.c7acc389f410961b294b13a0cb75509c.jpg,0,0,0,1
oily_118163ef4bd425107cd5_jpg.rf.06a0a112e5f67a11a1a4fb928b37e099.jpg,0,0,0,1
normal_new_f6b6fcf964f1cb61a659_jpg.rf.577759ef648ff025930fbff76f4ead07.jpg,0,0,1,0
dry_1c6eb0a63898fa231b61_jpg.rf.bb9fd6efa0217a2784901bf596130c82.jpg,0,1,0,0
oily_11011d4168e332664ded_jpg.rf.ad6b9d326a5433fa12c4fdf7cf14c1c3.jpg,0,0,0,1
combination_-_e9005dafc3f23c775d76_jpg.rf.5bbf46e5c79285296b320b73b0027f84.jpg,1,0,0,0
oily_0889f3b817e44318b076-Copy_jpg.rf.a927d3670f5788fda5d0654dd64d569b.jpg,0,0,0,1
oily_1ad8dd370f07c0d257a0-Copy_jpg.rf.deb1e25f4402a853b1c57f1eeb96d697.jpg,0,0,0,1
oily_14115c8459531fd42e33_jpg.rf.ededbe4ba59652824c4f155c63f7043f.jpg,0,0,0,1
oily_0f13738e2c6d2d61e5d8-Copy_jpg.rf.9a060cf3b461f1ac2a9f4627b59b883c.jpg,0,0,0,1
oily_09d84e0b79b0e6ded6ab-Copy_jpg.rf.ac93fa9047f9fa2bb3662038b7e9a6f8.jpg,0,0,0,1
dry_1d484c5c6efe77be4aa0_jpg.rf.ca215bea49fc8df0f47067b6a968c18e.jpg,0,1,0,0
oily_1ce986274b5d6037a4f2-Copy_jpg.rf.bb6bea5a5eb05bf19e1f4685ad06ae0c.jpg,0,0,0,1
oily_09630580013ecf4d80e7_jpg.rf.df8760c3fe74ea662626d234717b4d71.jpg,0,0,0,1
oily_1ce986274b5d6037a4f2-Copy_jpg.rf.27f0b5ce01894915188e6bc81fcb6376.jpg,0,0,0,1
oily_14115c8459531fd42e33_jpg.rf.cdf01544ec8a5ce239633fb8ee1205cb.jpg,0,0,0,1
oily_0889f3b817e44318b076-Copy_jpg.rf.3a09656e14d576dbd14735ed0bb65863.jpg,0,0,0,1
oily_09630580013ecf4d80e7_jpg.rf.4315d9e11b2fdb46d7e8ae8b229d567b.jpg,0,0,0,1
oily_1ad8dd370f07c0d257a0-Copy_jpg.rf.3bef2823ffa636faf12778a77191abda.jpg,0,0,0,1
dry_206a58c565ba2dde9453_jpg.rf.ea798503a80c1da825faafc44184d560.jpg,0,1,0,0
oily_1e11a4d70bb311f48c7c-Copy_jpg.rf.553202b7965394a25ecafe02613447c6.jpg,0,0,0,1
oily_029b69a5e5d65cfae84b-Copy_jpg.rf.bf01a5567c987d7a515dbee65093009e.jpg,0,0,0,1
oily_06bf6d0bef1c1ab0195d-Copy_jpg.rf.eda09e6e7ed9fb19d6f04b02d74d048b.jpg,0,0,0,1
oily_06bf6d0bef1c1ab0195d-Copy_jpg.rf.a23b8f60c694dbf95a1888550aae9f87.jpg,0,0,0,1